2026-09-28T13:34:55Z part A waiting for socket1.lock
2026-09-28T13:34:55Z part A lock acquired
r1-k1-full-shared k=1   full       shared      cpu/op=14658.9 ns  busy pre/post 53.8/49.0%
r1-k1-full-private-ctx k=1   full       private-ctx cpu/op=14647.6 ns  busy pre/post 46.9/32.0%
r1-k1-full-rehome k=1   full       rehome      cpu/op=15210.4 ns  busy pre/post 41.2/51.0%
r1-k1-full-private k=1   full       private     cpu/op=14739.9 ns  busy pre/post 45.1/50.0%
r1-k1-specialize-shared k=1   specialize shared      cpu/op=7873.3 ns  busy pre/post 33.3/50.0%
r1-k1-specialize-private-ctx k=1   specialize private-ctx cpu/op=7898.8 ns  busy pre/post 38.0/84.3%
r1-k1-specialize-rehome k=1   specialize rehome      cpu/op=8378.0 ns  busy pre/post 100.0/62.7%
r1-k1-specialize-private k=1   specialize private     cpu/op=7903.6 ns  busy pre/post 100.0/42.3%
r1-k1-split-shared k=1   split      shared      cpu/op=6815.1 ns  busy pre/post 45.1/47.1%
r1-k1-split-private-ctx k=1   split      private-ctx cpu/op=6802.2 ns  busy pre/post 49.0/42.3%
r1-k1-split-rehome k=1   split      rehome      cpu/op=7347.5 ns  busy pre/post 40.0/84.3%
r1-k1-split-private k=1   split      private     cpu/op=6739.6 ns  busy pre/post 100.0/44.2%
r1-k8-full-shared k=8   full       shared      cpu/op=17281.7 ns  busy pre/post 60.8/36.9%
r1-k8-full-private-ctx k=8   full       private-ctx cpu/op=14573.5 ns  busy pre/post 62.4/35.0%
r1-k8-full-rehome k=8   full       rehome      cpu/op=14706.2 ns  busy pre/post 49.1/47.4%
r1-k8-full-private k=8   full       private     cpu/op=14412.4 ns  busy pre/post 48.5/44.5%
r1-k8-specialize-shared k=8   specialize shared      cpu/op=7789.1 ns  busy pre/post 40.8/37.2%
r1-k8-specialize-private-ctx k=8   specialize private-ctx cpu/op=7934.4 ns  busy pre/post 55.0/33.1%
r1-k8-specialize-rehome k=8   specialize rehome      cpu/op=8091.7 ns  busy pre/post 50.9/40.9%
r1-k8-specialize-private k=8   specialize private     cpu/op=7906.4 ns  busy pre/post 50.2/39.3%
r1-k8-split-shared k=8   split      shared      cpu/op=12086.7 ns  busy pre/post 52.6/47.8%
r1-k8-split-private-ctx k=8   split      private-ctx cpu/op=6621.1 ns  busy pre/post 61.8/39.6%
r1-k8-split-rehome k=8   split      rehome      cpu/op=6895.7 ns  busy pre/post 50.6/43.0%
r1-k8-split-private k=8   split      private     cpu/op=6740.2 ns  busy pre/post 59.4/37.5%
r1-k24-full-shared k=24  full       shared      cpu/op=60585.5 ns  busy pre/post 61.9/43.4%
r1-k24-full-private-ctx k=24  full       private-ctx cpu/op=15068.8 ns  busy pre/post 53.3/43.3%
r1-k24-full-rehome k=24  full       rehome      cpu/op=14818.2 ns  busy pre/post 59.5/43.1%
r1-k24-full-private k=24  full       private     cpu/op=14617.8 ns  busy pre/post 49.4/46.9%
r1-k24-specialize-shared k=24  specialize shared      cpu/op=10718.5 ns  busy pre/post 49.2/44.1%
r1-k24-specialize-private-ctx k=24  specialize private-ctx cpu/op=8757.4 ns  busy pre/post 56.7/46.8%
r1-k24-specialize-rehome k=24  specialize rehome      cpu/op=8181.7 ns  busy pre/post 52.9/52.2%
r1-k24-specialize-private k=24  specialize private     cpu/op=7977.4 ns  busy pre/post 56.2/52.6%
r1-k24-split-shared k=24  split      shared      cpu/op=50080.6 ns  busy pre/post 59.6/42.4%
r1-k24-split-private-ctx k=24  split      private-ctx cpu/op=6761.4 ns  busy pre/post 50.6/52.0%
r1-k24-split-rehome k=24  split      rehome      cpu/op=6864.8 ns  busy pre/post 57.1/41.8%
r1-k24-split-private k=24  split      private     cpu/op=6763.9 ns  busy pre/post 62.6/41.8%
r1-k48-full-shared k=48  full       shared      cpu/op=105096.7 ns  busy pre/post 62.6/45.1%
r1-k48-full-private-ctx k=48  full       private-ctx cpu/op=16388.5 ns  busy pre/post 57.2/49.6%
r1-k48-full-rehome k=48  full       rehome      cpu/op=15293.0 ns  busy pre/post 61.3/55.7%
r1-k48-full-private k=48  full       private     cpu/op=14622.7 ns  busy pre/post 51.5/53.8%
r1-k48-specialize-shared k=48  specialize shared      cpu/op=14559.4 ns  busy pre/post 66.5/49.6%
r1-k48-specialize-private-ctx k=48  specialize private-ctx cpu/op=11624.0 ns  busy pre/post 58.9/55.3%
r1-k48-specialize-rehome k=48  specialize rehome      cpu/op=8161.0 ns  busy pre/post 56.4/50.7%
r1-k48-specialize-private k=48  specialize private     cpu/op=7896.9 ns  busy pre/post 65.2/53.7%
r1-k48-split-shared k=48  split      shared      cpu/op=86764.5 ns  busy pre/post 52.4/55.2%
r1-k48-split-private-ctx k=48  split      private-ctx cpu/op=7017.3 ns  busy pre/post 57.2/60.2%
r1-k48-split-rehome k=48  split      rehome      cpu/op=7011.5 ns  busy pre/post 53.4/58.6%
r1-k48-split-private k=48  split      private     cpu/op=6827.3 ns  busy pre/post 55.8/52.1%
r1-k96-full-shared k=96  full       shared      cpu/op=205874.6 ns  busy pre/post 62.9/48.2%
r1-k96-full-private-ctx k=96  full       private-ctx cpu/op=21997.7 ns  busy pre/post 52.5/51.8%
r1-k96-full-rehome k=96  full       rehome      cpu/op=15055.7 ns  busy pre/post 60.8/57.6%
r1-k96-full-private k=96  full       private     cpu/op=14754.4 ns  busy pre/post 52.3/48.8%
r1-k96-specialize-shared k=96  specialize shared      cpu/op=27929.9 ns  busy pre/post 60.2/58.4%
r1-k96-specialize-private-ctx k=96  specialize private-ctx cpu/op=18919.7 ns  busy pre/post 56.8/48.2%
r1-k96-specialize-rehome k=96  specialize rehome      cpu/op=8158.1 ns  busy pre/post 49.2/47.9%
r1-k96-specialize-private k=96  specialize private     cpu/op=7870.5 ns  busy pre/post 53.9/55.0%
r1-k96-split-shared k=96  split      shared      cpu/op=161056.0 ns  busy pre/post 52.4/54.4%
r1-k96-split-private-ctx k=96  split      private-ctx cpu/op=7105.4 ns  busy pre/post 53.9/50.2%
r1-k96-split-rehome k=96  split      rehome      cpu/op=7324.5 ns  busy pre/post 47.1/38.5%
r1-k96-split-private k=96  split      private     cpu/op=7025.3 ns  busy pre/post 49.3/40.7%
r2-k1-full-shared k=1   full       shared      cpu/op=14683.1 ns  busy pre/post 98.1/40.0%
r2-k1-full-private-ctx k=1   full       private-ctx cpu/op=14378.5 ns  busy pre/post 44.2/40.4%
r2-k1-full-rehome k=1   full       rehome      cpu/op=15090.3 ns  busy pre/post 44.2/37.3%
r2-k1-full-private k=1   full       private     cpu/op=14480.3 ns  busy pre/post 40.0/40.0%
r2-k1-specialize-shared k=1   specialize shared      cpu/op=7854.2 ns  busy pre/post 49.0/44.0%
r2-k1-specialize-private-ctx k=1   specialize private-ctx cpu/op=7904.0 ns  busy pre/post 38.5/40.0%
r2-k1-specialize-rehome k=1   specialize rehome      cpu/op=8380.1 ns  busy pre/post 40.4/45.1%
r2-k1-specialize-private k=1   specialize private     cpu/op=7786.7 ns  busy pre/post 42.3/41.2%
r2-k1-split-shared k=1   split      shared      cpu/op=6758.1 ns  busy pre/post 39.2/35.3%
r2-k1-split-private-ctx k=1   split      private-ctx cpu/op=6497.9 ns  busy pre/post 37.3/41.2%
r2-k1-split-rehome k=1   split      rehome      cpu/op=6930.2 ns  busy pre/post 33.3/96.2%
r2-k1-split-private k=1   split      private     cpu/op=6533.5 ns  busy pre/post 100.0/40.0%
r2-k8-full-shared k=8   full       shared      cpu/op=17221.7 ns  busy pre/post 58.8/33.7%
r2-k8-full-private-ctx k=8   full       private-ctx cpu/op=14632.5 ns  busy pre/post 42.6/22.9%
r2-k8-full-rehome k=8   full       rehome      cpu/op=14762.2 ns  busy pre/post 41.7/42.6%
r2-k8-full-private k=8   full       private     cpu/op=14440.3 ns  busy pre/post 61.6/34.7%
r2-k8-specialize-shared k=8   specialize shared      cpu/op=8004.1 ns  busy pre/post 43.5/38.2%
r2-k8-specialize-private-ctx k=8   specialize private-ctx cpu/op=7893.0 ns  busy pre/post 63.1/50.0%
r2-k8-specialize-rehome k=8   specialize rehome      cpu/op=8060.5 ns  busy pre/post 50.6/43.3%
r2-k8-specialize-private k=8   specialize private     cpu/op=7886.3 ns  busy pre/post 47.8/39.0%
r2-k8-split-shared k=8   split      shared      cpu/op=12035.3 ns  busy pre/post 49.8/46.2%
r2-k8-split-private-ctx k=8   split      private-ctx cpu/op=6822.6 ns  busy pre/post 48.7/34.0%
r2-k8-split-rehome k=8   split      rehome      cpu/op=6781.9 ns  busy pre/post 47.2/37.0%
r2-k8-split-private k=8   split      private     cpu/op=6746.4 ns  busy pre/post 51.1/27.9%
r2-k24-full-shared k=24  full       shared      cpu/op=61123.3 ns  busy pre/post 59.9/41.5%
r2-k24-full-private-ctx k=24  full       private-ctx cpu/op=15167.2 ns  busy pre/post 59.2/40.2%
r2-k24-full-rehome k=24  full       rehome      cpu/op=14878.2 ns  busy pre/post 60.8/56.6%
r2-k24-full-private k=24  full       private     cpu/op=14636.7 ns  busy pre/post 54.8/47.2%
r2-k24-specialize-shared k=24  specialize shared      cpu/op=10685.1 ns  busy pre/post 60.2/39.2%
r2-k24-specialize-private-ctx k=24  specialize private-ctx cpu/op=8804.1 ns  busy pre/post 61.4/43.6%
r2-k24-specialize-rehome k=24  specialize rehome      cpu/op=8102.2 ns  busy pre/post 56.3/45.7%
r2-k24-specialize-private k=24  specialize private     cpu/op=7921.2 ns  busy pre/post 53.8/43.7%
r2-k24-split-shared k=24  split      shared      cpu/op=50838.3 ns  busy pre/post 57.9/43.8%
r2-k24-split-private-ctx k=24  split      private-ctx cpu/op=6771.7 ns  busy pre/post 55.0/42.1%
r2-k24-split-rehome k=24  split      rehome      cpu/op=6926.9 ns  busy pre/post 55.0/56.5%
r2-k24-split-private k=24  split      private     cpu/op=7097.8 ns  busy pre/post 51.6/49.5%
r2-k48-full-shared k=48  full       shared      cpu/op=104806.3 ns  busy pre/post 54.6/47.1%
r2-k48-full-private-ctx k=48  full       private-ctx cpu/op=16488.6 ns  busy pre/post 58.6/53.4%
r2-k48-full-rehome k=48  full       rehome      cpu/op=15198.1 ns  busy pre/post 62.3/55.9%
r2-k48-full-private k=48  full       private     cpu/op=14974.8 ns  busy pre/post 50.7/51.5%
r2-k48-specialize-shared k=48  specialize shared      cpu/op=15693.8 ns  busy pre/post 57.4/49.6%
r2-k48-specialize-private-ctx k=48  specialize private-ctx cpu/op=11648.2 ns  busy pre/post 57.0/36.5%
r2-k48-specialize-rehome k=48  specialize rehome      cpu/op=8357.2 ns  busy pre/post 60.8/46.9%
r2-k48-specialize-private k=48  specialize private     cpu/op=7895.1 ns  busy pre/post 52.4/49.8%
r2-k48-split-shared k=48  split      shared      cpu/op=88732.4 ns  busy pre/post 49.9/50.9%
r2-k48-split-private-ctx k=48  split      private-ctx cpu/op=6960.0 ns  busy pre/post 53.3/51.0%
r2-k48-split-rehome k=48  split      rehome      cpu/op=7179.6 ns  busy pre/post 60.9/48.8%
r2-k48-split-private k=48  split      private     cpu/op=6841.6 ns  busy pre/post 59.0/53.3%
r2-k96-full-shared k=96  full       shared      cpu/op=200772.3 ns  busy pre/post 53.6/60.6%
r2-k96-full-private-ctx k=96  full       private-ctx cpu/op=22140.2 ns  busy pre/post 51.4/57.7%
r2-k96-full-rehome k=96  full       rehome      cpu/op=33255.7 ns  busy pre/post 51.9/56.0%
r2-k96-full-private k=96  full       private     cpu/op=15085.5 ns  busy pre/post 43.4/53.1%
r2-k96-specialize-shared k=96  specialize shared      cpu/op=27169.6 ns  busy pre/post 62.3/53.7%
r2-k96-specialize-private-ctx k=96  specialize private-ctx cpu/op=17938.9 ns  busy pre/post 48.7/51.4%
r2-k96-specialize-rehome k=96  specialize rehome      cpu/op=8573.1 ns  busy pre/post 62.0/47.4%
r2-k96-specialize-private k=96  specialize private     cpu/op=8148.7 ns  busy pre/post 61.3/53.3%
r2-k96-split-shared k=96  split      shared      cpu/op=163508.9 ns  busy pre/post 64.4/55.9%
r2-k96-split-private-ctx k=96  split      private-ctx cpu/op=7335.0 ns  busy pre/post 55.3/52.2%
r2-k96-split-rehome k=96  split      rehome      cpu/op=7494.9 ns  busy pre/post 62.6/49.2%
r2-k96-split-private k=96  split      private     cpu/op=7300.7 ns  busy pre/post 58.2/50.9%
r3-k1-full-shared k=1   full       shared      cpu/op=14856.5 ns  busy pre/post 38.5/76.9%
r3-k1-full-private-ctx k=1   full       private-ctx cpu/op=14784.5 ns  busy pre/post 71.2/34.0%
r3-k1-full-rehome k=1   full       rehome      cpu/op=15763.3 ns  busy pre/post 38.5/38.0%
r3-k1-full-private k=1   full       private     cpu/op=15246.2 ns  busy pre/post 48.0/74.5%
r3-k1-specialize-shared k=1   specialize shared      cpu/op=8091.5 ns  busy pre/post 100.0/61.5%
r3-k1-specialize-private-ctx k=1   specialize private-ctx cpu/op=8091.9 ns  busy pre/post 100.0/51.0%
r3-k1-specialize-rehome k=1   specialize rehome      cpu/op=8447.3 ns  busy pre/post 60.0/35.3%
r3-k1-specialize-private k=1   specialize private     cpu/op=8097.6 ns  busy pre/post 40.4/88.2%
r3-k1-split-shared k=1   split      shared      cpu/op=6846.6 ns  busy pre/post 100.0/32.0%
r3-k1-split-private-ctx k=1   split      private-ctx cpu/op=6693.6 ns  busy pre/post 96.1/30.8%
r3-k1-split-rehome k=1   split      rehome      cpu/op=7162.0 ns  busy pre/post 35.3/84.3%
r3-k1-split-private k=1   split      private     cpu/op=6747.5 ns  busy pre/post 98.0/43.1%
r3-k8-full-shared k=8   full       shared      cpu/op=17244.6 ns  busy pre/post 47.2/31.4%
r3-k8-full-private-ctx k=8   full       private-ctx cpu/op=14804.3 ns  busy pre/post 48.9/43.1%
r3-k8-full-rehome k=8   full       rehome      cpu/op=14827.4 ns  busy pre/post 57.0/40.0%
r3-k8-full-private k=8   full       private     cpu/op=14549.3 ns  busy pre/post 45.3/41.6%
r3-k8-specialize-shared k=8   specialize shared      cpu/op=7798.9 ns  busy pre/post 56.3/38.5%
r3-k8-specialize-private-ctx k=8   specialize private-ctx cpu/op=7963.3 ns  busy pre/post 44.2/34.5%
r3-k8-specialize-rehome k=8   specialize rehome      cpu/op=8089.8 ns  busy pre/post 57.1/41.1%
r3-k8-specialize-private k=8   specialize private     cpu/op=7883.0 ns  busy pre/post 48.3/28.5%
r3-k8-split-shared k=8   split      shared      cpu/op=12027.4 ns  busy pre/post 43.0/33.7%
r3-k8-split-private-ctx k=8   split      private-ctx cpu/op=6722.3 ns  busy pre/post 50.0/39.5%
r3-k8-split-rehome k=8   split      rehome      cpu/op=6813.6 ns  busy pre/post 47.1/39.3%
r3-k8-split-private k=8   split      private     cpu/op=6799.1 ns  busy pre/post 34.6/38.8%
r3-k24-full-shared k=24  full       shared      cpu/op=63287.8 ns  busy pre/post 49.4/30.8%
r3-k24-full-private-ctx k=24  full       private-ctx cpu/op=15454.7 ns  busy pre/post 47.0/33.3%
r3-k24-full-rehome k=24  full       rehome      cpu/op=14836.3 ns  busy pre/post 50.9/33.9%
r3-k24-full-private k=24  full       private     cpu/op=14630.2 ns  busy pre/post 50.8/41.3%
r3-k24-specialize-shared k=24  specialize shared      cpu/op=10655.2 ns  busy pre/post 49.2/28.8%
r3-k24-specialize-private-ctx k=24  specialize private-ctx cpu/op=8798.3 ns  busy pre/post 54.4/43.1%
r3-k24-specialize-rehome k=24  specialize rehome      cpu/op=8245.7 ns  busy pre/post 54.5/45.8%
r3-k24-specialize-private k=24  specialize private     cpu/op=7962.9 ns  busy pre/post 55.5/27.4%
r3-k24-split-shared k=24  split      shared      cpu/op=51393.1 ns  busy pre/post 47.3/43.1%
r3-k24-split-private-ctx k=24  split      private-ctx cpu/op=6732.6 ns  busy pre/post 50.4/42.5%
r3-k24-split-rehome k=24  split      rehome      cpu/op=6954.1 ns  busy pre/post 52.7/40.4%
r3-k24-split-private k=24  split      private     cpu/op=6879.3 ns  busy pre/post 48.9/48.3%
r3-k48-full-shared k=48  full       shared      cpu/op=106500.7 ns  busy pre/post 49.7/51.7%
r3-k48-full-private-ctx k=48  full       private-ctx cpu/op=16528.5 ns  busy pre/post 52.5/54.0%
r3-k48-full-rehome k=48  full       rehome      cpu/op=15125.9 ns  busy pre/post 49.8/49.7%
r3-k48-full-private k=48  full       private     cpu/op=14756.7 ns  busy pre/post 58.1/46.6%
r3-k48-specialize-shared k=48  specialize shared      cpu/op=15232.5 ns  busy pre/post 58.0/47.8%
r3-k48-specialize-private-ctx k=48  specialize private-ctx cpu/op=11600.6 ns  busy pre/post 49.2/48.7%
r3-k48-specialize-rehome k=48  specialize rehome      cpu/op=8155.5 ns  busy pre/post 53.8/37.7%
r3-k48-specialize-private k=48  specialize private     cpu/op=7874.6 ns  busy pre/post 48.4/49.4%
r3-k48-split-shared k=48  split      shared      cpu/op=88979.4 ns  busy pre/post 51.9/42.4%
r3-k48-split-private-ctx k=48  split      private-ctx cpu/op=7026.9 ns  busy pre/post 51.4/45.2%
r3-k48-split-rehome k=48  split      rehome      cpu/op=7063.0 ns  busy pre/post 50.6/34.7%
r3-k48-split-private k=48  split      private     cpu/op=6822.0 ns  busy pre/post 53.3/39.8%
r3-k96-full-shared k=96  full       shared      cpu/op=202483.1 ns  busy pre/post 54.6/48.0%
r3-k96-full-private-ctx k=96  full       private-ctx cpu/op=21826.1 ns  busy pre/post 51.3/53.4%
r3-k96-full-rehome k=96  full       rehome      cpu/op=15529.2 ns  busy pre/post 51.6/42.7%
r3-k96-full-private k=96  full       private     cpu/op=15307.3 ns  busy pre/post 45.8/46.2%
r3-k96-specialize-shared k=96  specialize shared      cpu/op=28642.5 ns  busy pre/post 60.3/40.9%
r3-k96-specialize-private-ctx k=96  specialize private-ctx cpu/op=19441.5 ns  busy pre/post 55.2/47.0%
r3-k96-specialize-rehome k=96  specialize rehome      cpu/op=8379.7 ns  busy pre/post 56.0/51.7%
r3-k96-specialize-private k=96  specialize private     cpu/op=8036.3 ns  busy pre/post 52.8/48.7%
r3-k96-split-shared k=96  split      shared      cpu/op=169067.4 ns  busy pre/post 55.6/21.2%
r3-k96-split-private-ctx k=96  split      private-ctx cpu/op=7389.5 ns  busy pre/post 26.9/23.3%
r3-k96-split-rehome k=96  split      rehome      cpu/op=7625.2 ns  busy pre/post 24.8/29.5%
r3-k96-split-private k=96  split      private     cpu/op=7189.4 ns  busy pre/post 29.2/19.3%

### work = full

| variant [layout] | K | runs | CPU/op ns (mean) | min-max | x K=1 | x private | busy % | cycles/op | instr/op | IPC | x-CCX fills/op |
|---|---:|---:|---:|---|---:|---:|---:|---:|---:|---:|---:|
| shared [c0/m32] {crates} | 1 | 3 | 14733 | 14659-14856 | 1.00 | 0.99 | 98 | 4.56e+04 | 1.24e+05 | 2.73 | 0.0 |
| shared [c0/m32] {crates} | 8 | 3 | 17249 | 17222-17282 | 1.17 | 1.19 | 61 | 5.34e+04 | 1.24e+05 | 2.31 | 0.0 |
| shared [c0/m32] {crates} | 24 | 3 | 61666 | 60586-63288 | 4.19 | 4.22 | 62 | 1.91e+05 | 1.24e+05 | 0.65 | 24.3 |
| shared [c0/m32] {crates} | 48 | 3 | 105468 | 104806-106501 | 7.16 | 7.13 | 63 | 3.27e+05 | 1.24e+05 | 0.38 | 25.4 |
| shared [c0/m32] {crates} | 96 | 3 | 203043 | 200772-205875 | 13.78 | 13.49 | 63 | 6.29e+05 | 1.24e+05 | 0.20 | 25.3 |
| private-ctx [c0/m32] {crates} | 1 | 3 | 14604 | 14378-14784 | 1.00 | 0.99 | 71 | 4.54e+04 | 1.24e+05 | 2.73 | 0.0 |
| private-ctx [c0/m32] {crates} | 8 | 3 | 14670 | 14574-14804 | 1.00 | 1.01 | 62 | 4.57e+04 | 1.24e+05 | 2.71 | 0.0 |
| private-ctx [c0/m32] {crates} | 24 | 3 | 15230 | 15069-15455 | 1.04 | 1.04 | 59 | 4.74e+04 | 1.24e+05 | 2.61 | 4.0 |
| private-ctx [c0/m32] {crates} | 48 | 3 | 16469 | 16388-16528 | 1.13 | 1.11 | 59 | 5.12e+04 | 1.24e+05 | 2.42 | 4.2 |
| private-ctx [c0/m32] {crates} | 96 | 3 | 21988 | 21826-22140 | 1.51 | 1.46 | 58 | 6.83e+04 | 1.24e+05 | 1.81 | 3.6 |
| rehome [c0/m32] {crates} | 1 | 3 | 15355 | 15090-15763 | 1.00 | 1.04 | 51 | 4.75e+04 | 1.3e+05 | 2.73 | 0.0 |
| rehome [c0/m32] {crates} | 8 | 3 | 14765 | 14706-14827 | 0.96 | 1.02 | 57 | 4.57e+04 | 1.29e+05 | 2.82 | 0.0 |
| rehome [c0/m32] {crates} | 24 | 3 | 14844 | 14818-14878 | 0.97 | 1.01 | 61 | 4.6e+04 | 1.29e+05 | 2.81 | 0.7 |
| rehome [c0/m32] {crates} | 48 | 3 | 15206 | 15126-15293 | 0.99 | 1.03 | 62 | 4.69e+04 | 1.29e+05 | 2.75 | 0.8 |
| rehome [c0/m32] {crates} | 96 | 3 | 21280 | 15056-33256 | 1.39 | 1.41 | 61 | 4.68e+04 | 1.29e+05 | 2.76 | 0.9 |
| private [c0/m32] {crates} | 1 | 3 | 14822 | 14480-15246 | 1.00 | 1.00 | 74 | 4.61e+04 | 1.24e+05 | 2.70 | 0.0 |
| private [c0/m32] {crates} | 8 | 3 | 14467 | 14412-14549 | 0.98 | 1.00 | 62 | 4.51e+04 | 1.24e+05 | 2.75 | 0.0 |
| private [c0/m32] {crates} | 24 | 3 | 14628 | 14618-14637 | 0.99 | 1.00 | 55 | 4.55e+04 | 1.24e+05 | 2.72 | 0.7 |
| private [c0/m32] {crates} | 48 | 3 | 14785 | 14623-14975 | 1.00 | 1.00 | 58 | 4.59e+04 | 1.24e+05 | 2.70 | 0.8 |
| private [c0/m32] {crates} | 96 | 3 | 15049 | 14754-15307 | 1.02 | 1.00 | 53 | 4.6e+04 | 1.24e+05 | 2.69 | 0.9 |

### work = specialize

| variant [layout] | K | runs | CPU/op ns (mean) | min-max | x K=1 | x private | busy % | cycles/op | instr/op | IPC | x-CCX fills/op |
|---|---:|---:|---:|---|---:|---:|---:|---:|---:|---:|---:|
| shared [c0/m32] {crates} | 1 | 3 | 7940 | 7854-8092 | 1.00 | 1.00 | 100 | 2.46e+04 | 5.55e+04 | 2.26 | 0.0 |
| shared [c0/m32] {crates} | 8 | 3 | 7864 | 7789-8004 | 0.99 | 1.00 | 56 | 2.44e+04 | 5.54e+04 | 2.28 | 0.0 |
| shared [c0/m32] {crates} | 24 | 3 | 10686 | 10655-10718 | 1.35 | 1.34 | 60 | 3.31e+04 | 5.54e+04 | 1.67 | 6.1 |
| shared [c0/m32] {crates} | 48 | 3 | 15162 | 14559-15694 | 1.91 | 1.92 | 66 | 4.69e+04 | 5.54e+04 | 1.18 | 6.5 |
| shared [c0/m32] {crates} | 96 | 3 | 27914 | 27170-28642 | 3.52 | 3.48 | 62 | 8.64e+04 | 5.54e+04 | 0.64 | 6.1 |
| private-ctx [c0/m32] {crates} | 1 | 3 | 7965 | 7899-8092 | 1.00 | 1.00 | 100 | 2.49e+04 | 5.58e+04 | 2.24 | 0.0 |
| private-ctx [c0/m32] {crates} | 8 | 3 | 7930 | 7893-7963 | 1.00 | 1.00 | 63 | 2.48e+04 | 5.57e+04 | 2.25 | 0.0 |
| private-ctx [c0/m32] {crates} | 24 | 3 | 8787 | 8757-8804 | 1.10 | 1.10 | 61 | 2.74e+04 | 5.57e+04 | 2.03 | 2.9 |
| private-ctx [c0/m32] {crates} | 48 | 3 | 11624 | 11601-11648 | 1.46 | 1.47 | 59 | 3.62e+04 | 5.56e+04 | 1.54 | 2.5 |
| private-ctx [c0/m32] {crates} | 96 | 3 | 18767 | 17939-19442 | 2.36 | 2.34 | 57 | 5.83e+04 | 5.56e+04 | 0.95 | 2.4 |
| rehome [c0/m32] {crates} | 1 | 3 | 8402 | 8378-8447 | 1.00 | 1.06 | 100 | 2.6e+04 | 6.08e+04 | 2.34 | 0.0 |
| rehome [c0/m32] {crates} | 8 | 3 | 8081 | 8060-8092 | 0.96 | 1.02 | 57 | 2.5e+04 | 6.07e+04 | 2.42 | 0.0 |
| rehome [c0/m32] {crates} | 24 | 3 | 8177 | 8102-8246 | 0.97 | 1.03 | 56 | 2.53e+04 | 6.06e+04 | 2.40 | 0.0 |
| rehome [c0/m32] {crates} | 48 | 3 | 8225 | 8156-8357 | 0.98 | 1.04 | 61 | 2.54e+04 | 6.06e+04 | 2.38 | 0.0 |
| rehome [c0/m32] {crates} | 96 | 3 | 8370 | 8158-8573 | 1.00 | 1.04 | 62 | 2.55e+04 | 6.06e+04 | 2.37 | 0.0 |
| private [c0/m32] {crates} | 1 | 3 | 7929 | 7787-8098 | 1.00 | 1.00 | 100 | 2.48e+04 | 5.58e+04 | 2.25 | 0.0 |
| private [c0/m32] {crates} | 8 | 3 | 7892 | 7883-7906 | 1.00 | 1.00 | 50 | 2.47e+04 | 5.57e+04 | 2.26 | 0.0 |
| private [c0/m32] {crates} | 24 | 3 | 7954 | 7921-7977 | 1.00 | 1.00 | 56 | 2.49e+04 | 5.57e+04 | 2.24 | 0.0 |
| private [c0/m32] {crates} | 48 | 3 | 7889 | 7875-7897 | 0.99 | 1.00 | 65 | 2.46e+04 | 5.56e+04 | 2.26 | 0.0 |
| private [c0/m32] {crates} | 96 | 3 | 8018 | 7870-8149 | 1.01 | 1.00 | 61 | 2.47e+04 | 5.56e+04 | 2.25 | 0.0 |

### work = split

| variant [layout] | K | runs | CPU/op ns (mean) | min-max | x K=1 | x private | busy % | cycles/op | instr/op | IPC | x-CCX fills/op |
|---|---:|---:|---:|---|---:|---:|---:|---:|---:|---:|---:|
| shared [c0/m32] {crates} | 1 | 3 | 6807 | 6758-6847 | 1.00 | 1.02 | 100 | 2.11e+04 | 6.99e+04 | 3.32 | 0.0 |
| shared [c0/m32] {crates} | 8 | 3 | 12050 | 12027-12087 | 1.77 | 1.78 | 53 | 3.73e+04 | 6.95e+04 | 1.86 | 0.0 |
| shared [c0/m32] {crates} | 24 | 3 | 50771 | 50081-51393 | 7.46 | 7.34 | 60 | 1.57e+05 | 6.94e+04 | 0.44 | 17.5 |
| shared [c0/m32] {crates} | 48 | 3 | 88159 | 86764-88979 | 12.95 | 12.91 | 55 | 2.73e+05 | 6.94e+04 | 0.25 | 17.5 |
| shared [c0/m32] {crates} | 96 | 3 | 164544 | 161056-169067 | 24.17 | 22.94 | 64 | 5.09e+05 | 6.93e+04 | 0.14 | 16.8 |
| private-ctx [c0/m32] {crates} | 1 | 3 | 6665 | 6498-6802 | 1.00 | 1.00 | 96 | 2.08e+04 | 7e+04 | 3.36 | 0.0 |
| private-ctx [c0/m32] {crates} | 8 | 3 | 6722 | 6621-6823 | 1.01 | 0.99 | 62 | 2.1e+04 | 6.97e+04 | 3.31 | 0.0 |
| private-ctx [c0/m32] {crates} | 24 | 3 | 6755 | 6733-6772 | 1.01 | 0.98 | 55 | 2.12e+04 | 6.96e+04 | 3.29 | 0.6 |
| private-ctx [c0/m32] {crates} | 48 | 3 | 7001 | 6960-7027 | 1.05 | 1.03 | 60 | 2.18e+04 | 6.96e+04 | 3.19 | 0.8 |
| private-ctx [c0/m32] {crates} | 96 | 3 | 7277 | 7105-7390 | 1.09 | 1.01 | 55 | 2.23e+04 | 6.96e+04 | 3.12 | 0.7 |
| rehome [c0/m32] {crates} | 1 | 3 | 7147 | 6930-7348 | 1.00 | 1.07 | 96 | 2.21e+04 | 7.42e+04 | 3.35 | 0.0 |
| rehome [c0/m32] {crates} | 8 | 3 | 6830 | 6782-6896 | 0.96 | 1.01 | 51 | 2.12e+04 | 7.41e+04 | 3.50 | 0.0 |
| rehome [c0/m32] {crates} | 24 | 3 | 6915 | 6865-6954 | 0.97 | 1.00 | 57 | 2.14e+04 | 7.4e+04 | 3.45 | 0.7 |
| rehome [c0/m32] {crates} | 48 | 3 | 7085 | 7012-7180 | 0.99 | 1.04 | 61 | 2.18e+04 | 7.4e+04 | 3.39 | 0.8 |
| rehome [c0/m32] {crates} | 96 | 3 | 7482 | 7324-7625 | 1.05 | 1.04 | 63 | 2.25e+04 | 7.4e+04 | 3.29 | 0.8 |
| private [c0/m32] {crates} | 1 | 3 | 6674 | 6534-6748 | 1.00 | 1.00 | 100 | 2.08e+04 | 6.98e+04 | 3.35 | 0.0 |
| private [c0/m32] {crates} | 8 | 3 | 6762 | 6740-6799 | 1.01 | 1.00 | 59 | 2.12e+04 | 6.96e+04 | 3.29 | 0.0 |
| private [c0/m32] {crates} | 24 | 3 | 6914 | 6764-7098 | 1.04 | 1.00 | 63 | 2.17e+04 | 6.95e+04 | 3.21 | 0.6 |
| private [c0/m32] {crates} | 48 | 3 | 6830 | 6822-6842 | 1.02 | 1.00 | 59 | 2.13e+04 | 6.96e+04 | 3.26 | 0.8 |
| private [c0/m32] {crates} | 96 | 3 | 7172 | 7025-7301 | 1.07 | 1.00 | 58 | 2.2e+04 | 6.96e+04 | 3.17 | 0.8 |

checksum identity across variants, layouts and repeats: all equal per (work, K)
2026-09-28T13:40:37Z part A done
2026-09-28T13:40:57Z part B waiting for socket1.lock
2026-09-28T13:40:57Z part B lock acquired
r1-k1-full-shared k=1   full       shared      cpu/op=14940.0 ns  busy pre/post 100.0/0.0%
r1-k1-specialize-shared k=1   specialize shared      cpu/op=8079.4 ns  busy pre/post 2.0/3.9%
r1-k1-split-shared k=1   split      shared      cpu/op=7123.2 ns  busy pre/post 9.8/2.0%
r1-k8-full-shared k=8   full       shared      cpu/op=17522.4 ns  busy pre/post 24.7/17.2%
r1-k8-specialize-shared k=8   specialize shared      cpu/op=7850.2 ns  busy pre/post 26.3/12.5%
r1-k8-split-shared k=8   split      shared      cpu/op=11984.0 ns  busy pre/post 13.7/18.6%
r1-k24-full-shared k=24  full       shared      cpu/op=62872.3 ns  busy pre/post 28.5/17.2%
r1-k24-specialize-shared k=24  specialize shared      cpu/op=10747.8 ns  busy pre/post 22.7/15.3%
r1-k24-split-shared k=24  split      shared      cpu/op=52962.2 ns  busy pre/post 18.1/13.3%
r1-k96-full-shared k=96  full       shared      cpu/op=234032.8 ns  busy pre/post 25.8/5.0%
r1-k96-specialize-shared k=96  specialize shared      cpu/op=31714.5 ns  busy pre/post 12.7/18.4%
r1-k96-split-shared k=96  split      shared      cpu/op=182605.2 ns  busy pre/post 21.4/14.8%

### work = full

| variant [layout] | K | runs | CPU/op ns (mean) | min-max | x K=1 | x private | busy % | cycles/op | instr/op | IPC | x-CCX fills/op |
|---|---:|---:|---:|---|---:|---:|---:|---:|---:|---:|---:|
| shared [c0/m32] {crates} | 1 | 1 | 14940 | 14940-14940 | 1.00 | - | 100 | 4.63e+04 | 1.24e+05 | 2.68 | 0.0 |
| shared [c0/m32] {crates} | 8 | 1 | 17522 | 17522-17522 | 1.17 | - | 25 | 5.43e+04 | 1.24e+05 | 2.28 | 0.0 |
| shared [c0/m32] {crates} | 24 | 1 | 62872 | 62872-62872 | 4.21 | - | 28 | 1.95e+05 | 1.24e+05 | 0.63 | 24.4 |
| shared [c0/m32] {crates} | 96 | 1 | 234033 | 234033-234033 | 15.66 | - | 26 | 7.25e+05 | 1.23e+05 | 0.17 | 25.2 |

### work = specialize

| variant [layout] | K | runs | CPU/op ns (mean) | min-max | x K=1 | x private | busy % | cycles/op | instr/op | IPC | x-CCX fills/op |
|---|---:|---:|---:|---|---:|---:|---:|---:|---:|---:|---:|
| shared [c0/m32] {crates} | 1 | 1 | 8079 | 8079-8079 | 1.00 | - | 4 | 2.5e+04 | 5.55e+04 | 2.22 | 0.0 |
| shared [c0/m32] {crates} | 8 | 1 | 7850 | 7850-7850 | 0.97 | - | 26 | 2.43e+04 | 5.54e+04 | 2.28 | 0.0 |
| shared [c0/m32] {crates} | 24 | 1 | 10748 | 10748-10748 | 1.33 | - | 23 | 3.33e+04 | 5.54e+04 | 1.67 | 6.1 |
| shared [c0/m32] {crates} | 96 | 1 | 31714 | 31714-31714 | 3.93 | - | 18 | 9.82e+04 | 5.54e+04 | 0.56 | 5.8 |

### work = split

| variant [layout] | K | runs | CPU/op ns (mean) | min-max | x K=1 | x private | busy % | cycles/op | instr/op | IPC | x-CCX fills/op |
|---|---:|---:|---:|---|---:|---:|---:|---:|---:|---:|---:|
| shared [c0/m32] {crates} | 1 | 1 | 7123 | 7123-7123 | 1.00 | - | 10 | 2.21e+04 | 6.97e+04 | 3.16 | 0.0 |
| shared [c0/m32] {crates} | 8 | 1 | 11984 | 11984-11984 | 1.68 | - | 19 | 3.71e+04 | 6.93e+04 | 1.87 | 0.0 |
| shared [c0/m32] {crates} | 24 | 1 | 52962 | 52962-52962 | 7.44 | - | 18 | 1.64e+05 | 6.95e+04 | 0.42 | 17.7 |
| shared [c0/m32] {crates} | 96 | 1 | 182605 | 182605-182605 | 25.64 | - | 21 | 5.65e+05 | 6.94e+04 | 0.12 | 16.4 |

checksum identity across variants, layouts and repeats: all equal per (work, K)
r1-k1-specialize-private-ctx k=1   specialize private-ctx cpu/op=7914.9 ns  busy pre/post 36.0/80.8%
r1-k96-specialize-private-ctx k=96  specialize private-ctx cpu/op=20827.4 ns  busy pre/post 25.5/22.1%

### work = full

| variant [layout] | K | runs | CPU/op ns (mean) | min-max | x K=1 | x private | busy % | cycles/op | instr/op | IPC | x-CCX fills/op |
|---|---:|---:|---:|---|---:|---:|---:|---:|---:|---:|---:|
| shared [c0/m32] {crates} | 1 | 1 | 14940 | 14940-14940 | 1.00 | - | 100 | 4.63e+04 | 1.24e+05 | 2.68 | 0.0 |
| shared [c0/m32] {crates} | 8 | 1 | 17522 | 17522-17522 | 1.17 | - | 25 | 5.43e+04 | 1.24e+05 | 2.28 | 0.0 |
| shared [c0/m32] {crates} | 24 | 1 | 62872 | 62872-62872 | 4.21 | - | 28 | 1.95e+05 | 1.24e+05 | 0.63 | 24.4 |
| shared [c0/m32] {crates} | 96 | 1 | 234033 | 234033-234033 | 15.66 | - | 26 | 7.25e+05 | 1.23e+05 | 0.17 | 25.2 |

### work = specialize

| variant [layout] | K | runs | CPU/op ns (mean) | min-max | x K=1 | x private | busy % | cycles/op | instr/op | IPC | x-CCX fills/op |
|---|---:|---:|---:|---|---:|---:|---:|---:|---:|---:|---:|
| shared [c0/m32] {crates} | 1 | 1 | 8079 | 8079-8079 | 1.00 | - | 4 | 2.5e+04 | 5.55e+04 | 2.22 | 0.0 |
| shared [c0/m32] {crates} | 8 | 1 | 7850 | 7850-7850 | 0.97 | - | 26 | 2.43e+04 | 5.54e+04 | 2.28 | 0.0 |
| shared [c0/m32] {crates} | 24 | 1 | 10748 | 10748-10748 | 1.33 | - | 23 | 3.33e+04 | 5.54e+04 | 1.67 | 6.1 |
| shared [c0/m32] {crates} | 96 | 1 | 31714 | 31714-31714 | 3.93 | - | 18 | 9.82e+04 | 5.54e+04 | 0.56 | 5.8 |
| private-ctx [c0/m32] {crates} | 1 | 1 | 7915 | 7915-7915 | 1.00 | - | 81 | 2.47e+04 | 5.58e+04 | 2.26 | 0.0 |
| private-ctx [c0/m32] {crates} | 96 | 1 | 20827 | 20827-20827 | 2.63 | - | 26 | 6.47e+04 | 5.56e+04 | 0.86 | 2.3 |

### work = split

| variant [layout] | K | runs | CPU/op ns (mean) | min-max | x K=1 | x private | busy % | cycles/op | instr/op | IPC | x-CCX fills/op |
|---|---:|---:|---:|---|---:|---:|---:|---:|---:|---:|---:|
| shared [c0/m32] {crates} | 1 | 1 | 7123 | 7123-7123 | 1.00 | - | 10 | 2.21e+04 | 6.97e+04 | 3.16 | 0.0 |
| shared [c0/m32] {crates} | 8 | 1 | 11984 | 11984-11984 | 1.68 | - | 19 | 3.71e+04 | 6.93e+04 | 1.87 | 0.0 |
| shared [c0/m32] {crates} | 24 | 1 | 52962 | 52962-52962 | 7.44 | - | 18 | 1.64e+05 | 6.95e+04 | 0.42 | 17.7 |
| shared [c0/m32] {crates} | 96 | 1 | 182605 | 182605-182605 | 25.64 | - | 21 | 5.65e+05 | 6.94e+04 | 0.12 | 16.4 |

checksum identity across variants, layouts and repeats: all equal per (work, K)
r1-k1-full-shared k=1   full       shared      cpu/op=14521.8 ns  busy pre/post 3.9/5.7%
r1-k1-specialize-shared k=1   specialize shared      cpu/op=7820.0 ns  busy pre/post 2.0/0.0%
r1-k1-split-shared k=1   split      shared      cpu/op=6838.2 ns  busy pre/post 80.8/44.0%
r1-k8-full-shared k=8   full       shared      cpu/op=15074.2 ns  busy pre/post 28.9/5.4%
r1-k8-specialize-shared k=8   specialize shared      cpu/op=7787.3 ns  busy pre/post 16.0/17.2%
r1-k8-split-shared k=8   split      shared      cpu/op=7139.2 ns  busy pre/post 39.4/18.7%
r1-k24-full-shared k=24  full       shared      cpu/op=24552.0 ns  busy pre/post 25.2/13.4%
r1-k24-specialize-shared k=24  specialize shared      cpu/op=8860.1 ns  busy pre/post 22.5/17.6%
r1-k24-split-shared k=24  split      shared      cpu/op=20650.2 ns  busy pre/post 19.1/14.1%
r1-k96-full-shared k=96  full       shared      cpu/op=82108.0 ns  busy pre/post 27.3/21.5%
r1-k96-specialize-shared k=96  specialize shared      cpu/op=21001.4 ns  busy pre/post 22.0/19.3%
r1-k96-split-shared k=96  split      shared      cpu/op=72685.1 ns  busy pre/post 21.9/20.0%

### work = full

| variant [layout] | K | runs | CPU/op ns (median) | min-max | x K=1 | x private | busy % | cycles/op | instr/op | IPC | x-CCX fills/op | GHz(u) |
|---|---:|---:|---:|---|---:|---:|---:|---:|---:|---:|---:|---:|
| shared [c0/m32] {crates} | 1 | 1 | 14940 | 14940-14940 | 1.00 | - | 100 | 4.63e+04 | 1.24e+05 | 2.68 | 0.0 | 3.10 |
| shared [c0/m32] {crates} | 8 | 1 | 17522 | 17522-17522 | 1.17 | - | 25 | 5.43e+04 | 1.24e+05 | 2.28 | 0.0 | 3.10 |
| shared [c0/m32] {crates} | 24 | 1 | 62872 | 62872-62872 | 4.21 | - | 28 | 1.95e+05 | 1.24e+05 | 0.63 | 24.4 | 3.10 |
| shared [c0/m32] {crates} | 96 | 1 | 234033 | 234033-234033 | 15.66 | - | 26 | 7.25e+05 | 1.23e+05 | 0.17 | 25.2 | 3.10 |
| shared [c48/m32] {crates} | 1 | 1 | 14522 | 14522-14522 | 1.00 | - | 6 | 4.5e+04 | 1.24e+05 | 2.76 | 0.0 | 3.10 |
| shared [c48/m32] {crates} | 8 | 1 | 15074 | 15074-15074 | 1.04 | - | 29 | 4.67e+04 | 1.24e+05 | 2.65 | 0.0 | 3.10 |
| shared [c48/m32] {crates} | 24 | 1 | 24552 | 24552-24552 | 1.69 | - | 25 | 7.6e+04 | 1.24e+05 | 1.62 | 13.1 | 3.10 |
| shared [c48/m32] {crates} | 96 | 1 | 82108 | 82108-82108 | 5.65 | - | 27 | 2.54e+05 | 1.24e+05 | 0.49 | 15.5 | 3.09 |

### work = specialize

| variant [layout] | K | runs | CPU/op ns (median) | min-max | x K=1 | x private | busy % | cycles/op | instr/op | IPC | x-CCX fills/op | GHz(u) |
|---|---:|---:|---:|---|---:|---:|---:|---:|---:|---:|---:|---:|
| shared [c0/m32] {crates} | 1 | 1 | 8079 | 8079-8079 | 1.00 | - | 4 | 2.5e+04 | 5.55e+04 | 2.22 | 0.0 | 3.10 |
| shared [c0/m32] {crates} | 8 | 1 | 7850 | 7850-7850 | 0.97 | - | 26 | 2.43e+04 | 5.54e+04 | 2.28 | 0.0 | 3.10 |
| shared [c0/m32] {crates} | 24 | 1 | 10748 | 10748-10748 | 1.33 | - | 23 | 3.33e+04 | 5.54e+04 | 1.67 | 6.1 | 3.10 |
| shared [c0/m32] {crates} | 96 | 1 | 31714 | 31714-31714 | 3.93 | - | 18 | 9.82e+04 | 5.54e+04 | 0.56 | 5.8 | 3.10 |
| shared [c48/m32] {crates} | 1 | 1 | 7820 | 7820-7820 | 1.00 | - | 2 | 2.42e+04 | 5.55e+04 | 2.29 | 0.0 | 3.10 |
| shared [c48/m32] {crates} | 8 | 1 | 7787 | 7787-7787 | 1.00 | - | 17 | 2.41e+04 | 5.54e+04 | 2.30 | 0.0 | 3.10 |
| shared [c48/m32] {crates} | 24 | 1 | 8860 | 8860-8860 | 1.13 | - | 22 | 2.74e+04 | 5.54e+04 | 2.02 | 4.6 | 3.10 |
| shared [c48/m32] {crates} | 96 | 1 | 21001 | 21001-21001 | 2.69 | - | 22 | 6.5e+04 | 5.54e+04 | 0.85 | 4.4 | 3.10 |
| private-ctx [c0/m32] {crates} | 1 | 1 | 7915 | 7915-7915 | 1.00 | - | 81 | 2.47e+04 | 5.58e+04 | 2.26 | 0.0 | 3.12 |
| private-ctx [c0/m32] {crates} | 96 | 1 | 20827 | 20827-20827 | 2.63 | - | 26 | 6.47e+04 | 5.56e+04 | 0.86 | 2.3 | 3.11 |

### work = split

| variant [layout] | K | runs | CPU/op ns (median) | min-max | x K=1 | x private | busy % | cycles/op | instr/op | IPC | x-CCX fills/op | GHz(u) |
|---|---:|---:|---:|---|---:|---:|---:|---:|---:|---:|---:|---:|
| shared [c0/m32] {crates} | 1 | 1 | 7123 | 7123-7123 | 1.00 | - | 10 | 2.21e+04 | 6.97e+04 | 3.16 | 0.0 | 3.10 |
| shared [c0/m32] {crates} | 8 | 1 | 11984 | 11984-11984 | 1.68 | - | 19 | 3.71e+04 | 6.93e+04 | 1.87 | 0.0 | 3.10 |
| shared [c0/m32] {crates} | 24 | 1 | 52962 | 52962-52962 | 7.44 | - | 18 | 1.64e+05 | 6.95e+04 | 0.42 | 17.7 | 3.10 |
| shared [c0/m32] {crates} | 96 | 1 | 182605 | 182605-182605 | 25.64 | - | 21 | 5.65e+05 | 6.94e+04 | 0.12 | 16.4 | 3.10 |
| shared [c48/m32] {crates} | 1 | 1 | 6838 | 6838-6838 | 1.00 | - | 81 | 2.12e+04 | 7.01e+04 | 3.31 | 0.0 | 3.10 |
| shared [c48/m32] {crates} | 8 | 1 | 7139 | 7139-7139 | 1.04 | - | 39 | 2.21e+04 | 6.93e+04 | 3.14 | 0.0 | 3.10 |
| shared [c48/m32] {crates} | 24 | 1 | 20650 | 20650-20650 | 3.02 | - | 19 | 6.4e+04 | 6.95e+04 | 1.09 | 8.1 | 3.10 |
| shared [c48/m32] {crates} | 96 | 1 | 72685 | 72685-72685 | 10.63 | - | 22 | 2.25e+05 | 6.93e+04 | 0.31 | 8.4 | 3.09 |

checksum identity across variants, layouts and repeats: all equal per (work, K)
r1-k1-specialize-private-ctx k=1   specialize private-ctx cpu/op=8042.8 ns  busy pre/post 100.0/48.0%
r1-k96-specialize-private-ctx k=96  specialize private-ctx cpu/op=20283.8 ns  busy pre/post 25.4/21.4%

### work = full

| variant [layout] | K | runs | CPU/op ns (median) | min-max | x K=1 | x private | busy % | cycles/op | instr/op | IPC | x-CCX fills/op | GHz(u) |
|---|---:|---:|---:|---|---:|---:|---:|---:|---:|---:|---:|---:|
| shared [c0/m32] {crates} | 1 | 1 | 14940 | 14940-14940 | 1.00 | - | 100 | 4.63e+04 | 1.24e+05 | 2.68 | 0.0 | 3.10 |
| shared [c0/m32] {crates} | 8 | 1 | 17522 | 17522-17522 | 1.17 | - | 25 | 5.43e+04 | 1.24e+05 | 2.28 | 0.0 | 3.10 |
| shared [c0/m32] {crates} | 24 | 1 | 62872 | 62872-62872 | 4.21 | - | 28 | 1.95e+05 | 1.24e+05 | 0.63 | 24.4 | 3.10 |
| shared [c0/m32] {crates} | 96 | 1 | 234033 | 234033-234033 | 15.66 | - | 26 | 7.25e+05 | 1.23e+05 | 0.17 | 25.2 | 3.10 |
| shared [c48/m32] {crates} | 1 | 1 | 14522 | 14522-14522 | 1.00 | - | 6 | 4.5e+04 | 1.24e+05 | 2.76 | 0.0 | 3.10 |
| shared [c48/m32] {crates} | 8 | 1 | 15074 | 15074-15074 | 1.04 | - | 29 | 4.67e+04 | 1.24e+05 | 2.65 | 0.0 | 3.10 |
| shared [c48/m32] {crates} | 24 | 1 | 24552 | 24552-24552 | 1.69 | - | 25 | 7.6e+04 | 1.24e+05 | 1.62 | 13.1 | 3.10 |
| shared [c48/m32] {crates} | 96 | 1 | 82108 | 82108-82108 | 5.65 | - | 27 | 2.54e+05 | 1.24e+05 | 0.49 | 15.5 | 3.09 |

### work = specialize

| variant [layout] | K | runs | CPU/op ns (median) | min-max | x K=1 | x private | busy % | cycles/op | instr/op | IPC | x-CCX fills/op | GHz(u) |
|---|---:|---:|---:|---|---:|---:|---:|---:|---:|---:|---:|---:|
| shared [c0/m32] {crates} | 1 | 1 | 8079 | 8079-8079 | 1.00 | - | 4 | 2.5e+04 | 5.55e+04 | 2.22 | 0.0 | 3.10 |
| shared [c0/m32] {crates} | 8 | 1 | 7850 | 7850-7850 | 0.97 | - | 26 | 2.43e+04 | 5.54e+04 | 2.28 | 0.0 | 3.10 |
| shared [c0/m32] {crates} | 24 | 1 | 10748 | 10748-10748 | 1.33 | - | 23 | 3.33e+04 | 5.54e+04 | 1.67 | 6.1 | 3.10 |
| shared [c0/m32] {crates} | 96 | 1 | 31714 | 31714-31714 | 3.93 | - | 18 | 9.82e+04 | 5.54e+04 | 0.56 | 5.8 | 3.10 |
| shared [c48/m32] {crates} | 1 | 1 | 7820 | 7820-7820 | 1.00 | - | 2 | 2.42e+04 | 5.55e+04 | 2.29 | 0.0 | 3.10 |
| shared [c48/m32] {crates} | 8 | 1 | 7787 | 7787-7787 | 1.00 | - | 17 | 2.41e+04 | 5.54e+04 | 2.30 | 0.0 | 3.10 |
| shared [c48/m32] {crates} | 24 | 1 | 8860 | 8860-8860 | 1.13 | - | 22 | 2.74e+04 | 5.54e+04 | 2.02 | 4.6 | 3.10 |
| shared [c48/m32] {crates} | 96 | 1 | 21001 | 21001-21001 | 2.69 | - | 22 | 6.5e+04 | 5.54e+04 | 0.85 | 4.4 | 3.10 |
| private-ctx [c0/m32] {crates} | 1 | 1 | 7915 | 7915-7915 | 1.00 | - | 81 | 2.47e+04 | 5.58e+04 | 2.26 | 0.0 | 3.12 |
| private-ctx [c0/m32] {crates} | 96 | 1 | 20827 | 20827-20827 | 2.63 | - | 26 | 6.47e+04 | 5.56e+04 | 0.86 | 2.3 | 3.11 |
| private-ctx [c48/m32] {crates} | 1 | 1 | 8043 | 8043-8043 | 1.00 | - | 100 | 2.51e+04 | 5.58e+04 | 2.22 | 0.0 | 3.12 |
| private-ctx [c48/m32] {crates} | 96 | 1 | 20284 | 20284-20284 | 2.52 | - | 25 | 6.3e+04 | 5.56e+04 | 0.88 | 2.4 | 3.11 |

### work = split

| variant [layout] | K | runs | CPU/op ns (median) | min-max | x K=1 | x private | busy % | cycles/op | instr/op | IPC | x-CCX fills/op | GHz(u) |
|---|---:|---:|---:|---|---:|---:|---:|---:|---:|---:|---:|---:|
| shared [c0/m32] {crates} | 1 | 1 | 7123 | 7123-7123 | 1.00 | - | 10 | 2.21e+04 | 6.97e+04 | 3.16 | 0.0 | 3.10 |
| shared [c0/m32] {crates} | 8 | 1 | 11984 | 11984-11984 | 1.68 | - | 19 | 3.71e+04 | 6.93e+04 | 1.87 | 0.0 | 3.10 |
| shared [c0/m32] {crates} | 24 | 1 | 52962 | 52962-52962 | 7.44 | - | 18 | 1.64e+05 | 6.95e+04 | 0.42 | 17.7 | 3.10 |
| shared [c0/m32] {crates} | 96 | 1 | 182605 | 182605-182605 | 25.64 | - | 21 | 5.65e+05 | 6.94e+04 | 0.12 | 16.4 | 3.10 |
| shared [c48/m32] {crates} | 1 | 1 | 6838 | 6838-6838 | 1.00 | - | 81 | 2.12e+04 | 7.01e+04 | 3.31 | 0.0 | 3.10 |
| shared [c48/m32] {crates} | 8 | 1 | 7139 | 7139-7139 | 1.04 | - | 39 | 2.21e+04 | 6.93e+04 | 3.14 | 0.0 | 3.10 |
| shared [c48/m32] {crates} | 24 | 1 | 20650 | 20650-20650 | 3.02 | - | 19 | 6.4e+04 | 6.95e+04 | 1.09 | 8.1 | 3.10 |
| shared [c48/m32] {crates} | 96 | 1 | 72685 | 72685-72685 | 10.63 | - | 22 | 2.25e+05 | 6.93e+04 | 0.31 | 8.4 | 3.09 |

checksum identity across variants, layouts and repeats: all equal per (work, K)
r1-k1-full-shared k=1   full       shared      cpu/op=14639.5 ns  busy pre/post 7.7/20.0%
r1-k1-specialize-shared k=1   specialize shared      cpu/op=8190.5 ns  busy pre/post 75.0/0.0%
r1-k1-split-shared k=1   split      shared      cpu/op=6652.7 ns  busy pre/post 81.1/14.3%
r1-k8-full-shared k=8   full       shared      cpu/op=15613.7 ns  busy pre/post 27.5/16.4%
r1-k8-specialize-shared k=8   specialize shared      cpu/op=8406.3 ns  busy pre/post 22.7/9.5%
r1-k8-split-shared k=8   split      shared      cpu/op=7122.6 ns  busy pre/post 12.7/14.9%
r1-k24-full-shared k=24  full       shared      cpu/op=34259.9 ns  busy pre/post 23.1/19.0%
r1-k24-specialize-shared k=24  specialize shared      cpu/op=21719.1 ns  busy pre/post 22.8/14.6%
r1-k24-split-shared k=24  split      shared      cpu/op=20578.9 ns  busy pre/post 22.4/16.1%
r1-k96-full-shared k=96  full       shared      cpu/op=107156.5 ns  busy pre/post 24.5/19.7%
r1-k96-specialize-shared k=96  specialize shared      cpu/op=72998.1 ns  busy pre/post 22.0/19.0%
r1-k96-split-shared k=96  split      shared      cpu/op=72221.0 ns  busy pre/post 25.6/23.5%

### work = full

| variant [layout] | K | runs | CPU/op ns (median) | min-max | x K=1 | x private | busy % | cycles/op | instr/op | IPC | x-CCX fills/op | GHz(u) |
|---|---:|---:|---:|---|---:|---:|---:|---:|---:|---:|---:|---:|
| shared [c0/m32] {crates} | 1 | 1 | 14940 | 14940-14940 | 1.00 | - | 100 | 4.63e+04 | 1.24e+05 | 2.68 | 0.0 | 3.10 |
| shared [c0/m32] {crates} | 8 | 1 | 17522 | 17522-17522 | 1.17 | - | 25 | 5.43e+04 | 1.24e+05 | 2.28 | 0.0 | 3.10 |
| shared [c0/m32] {crates} | 24 | 1 | 62872 | 62872-62872 | 4.21 | - | 28 | 1.95e+05 | 1.24e+05 | 0.63 | 24.4 | 3.10 |
| shared [c0/m32] {crates} | 96 | 1 | 234033 | 234033-234033 | 15.66 | - | 26 | 7.25e+05 | 1.23e+05 | 0.17 | 25.2 | 3.10 |
| shared [c48/m32] {crates} | 1 | 1 | 14522 | 14522-14522 | 1.00 | - | 6 | 4.5e+04 | 1.24e+05 | 2.76 | 0.0 | 3.10 |
| shared [c48/m32] {crates} | 8 | 1 | 15074 | 15074-15074 | 1.04 | - | 29 | 4.67e+04 | 1.24e+05 | 2.65 | 0.0 | 3.10 |
| shared [c48/m32] {crates} | 24 | 1 | 24552 | 24552-24552 | 1.69 | - | 25 | 7.6e+04 | 1.24e+05 | 1.62 | 13.1 | 3.10 |
| shared [c48/m32] {crates} | 96 | 1 | 82108 | 82108-82108 | 5.65 | - | 27 | 2.54e+05 | 1.24e+05 | 0.49 | 15.5 | 3.09 |
| shared [c48/m0] {crates} | 1 | 1 | 14640 | 14640-14640 | 1.00 | - | 20 | 4.53e+04 | 1.24e+05 | 2.74 | 0.0 | 3.10 |
| shared [c48/m0] {crates} | 8 | 1 | 15614 | 15614-15614 | 1.07 | - | 28 | 4.84e+04 | 1.24e+05 | 2.56 | 0.0 | 3.10 |
| shared [c48/m0] {crates} | 24 | 1 | 34260 | 34260-34260 | 2.34 | - | 23 | 1.06e+05 | 1.24e+05 | 1.16 | 18.6 | 3.10 |
| shared [c48/m0] {crates} | 96 | 1 | 107156 | 107156-107156 | 7.32 | - | 24 | 3.32e+05 | 1.23e+05 | 0.37 | 20.0 | 3.10 |

### work = specialize

| variant [layout] | K | runs | CPU/op ns (median) | min-max | x K=1 | x private | busy % | cycles/op | instr/op | IPC | x-CCX fills/op | GHz(u) |
|---|---:|---:|---:|---|---:|---:|---:|---:|---:|---:|---:|---:|
| shared [c0/m32] {crates} | 1 | 1 | 8079 | 8079-8079 | 1.00 | - | 4 | 2.5e+04 | 5.55e+04 | 2.22 | 0.0 | 3.10 |
| shared [c0/m32] {crates} | 8 | 1 | 7850 | 7850-7850 | 0.97 | - | 26 | 2.43e+04 | 5.54e+04 | 2.28 | 0.0 | 3.10 |
| shared [c0/m32] {crates} | 24 | 1 | 10748 | 10748-10748 | 1.33 | - | 23 | 3.33e+04 | 5.54e+04 | 1.67 | 6.1 | 3.10 |
| shared [c0/m32] {crates} | 96 | 1 | 31714 | 31714-31714 | 3.93 | - | 18 | 9.82e+04 | 5.54e+04 | 0.56 | 5.8 | 3.10 |
| shared [c48/m32] {crates} | 1 | 1 | 7820 | 7820-7820 | 1.00 | - | 2 | 2.42e+04 | 5.55e+04 | 2.29 | 0.0 | 3.10 |
| shared [c48/m32] {crates} | 8 | 1 | 7787 | 7787-7787 | 1.00 | - | 17 | 2.41e+04 | 5.54e+04 | 2.30 | 0.0 | 3.10 |
| shared [c48/m32] {crates} | 24 | 1 | 8860 | 8860-8860 | 1.13 | - | 22 | 2.74e+04 | 5.54e+04 | 2.02 | 4.6 | 3.10 |
| shared [c48/m32] {crates} | 96 | 1 | 21001 | 21001-21001 | 2.69 | - | 22 | 6.5e+04 | 5.54e+04 | 0.85 | 4.4 | 3.10 |
| shared [c48/m0] {crates} | 1 | 1 | 8190 | 8190-8190 | 1.00 | - | 75 | 2.54e+04 | 5.55e+04 | 2.19 | 0.0 | 3.10 |
| shared [c48/m0] {crates} | 8 | 1 | 8406 | 8406-8406 | 1.03 | - | 23 | 2.6e+04 | 5.54e+04 | 2.13 | 0.0 | 3.10 |
| shared [c48/m0] {crates} | 24 | 1 | 21719 | 21719-21719 | 2.65 | - | 23 | 6.73e+04 | 5.54e+04 | 0.82 | 8.1 | 3.10 |
| shared [c48/m0] {crates} | 96 | 1 | 72998 | 72998-72998 | 8.91 | - | 22 | 2.26e+05 | 5.54e+04 | 0.25 | 8.2 | 3.10 |
| private-ctx [c0/m32] {crates} | 1 | 1 | 7915 | 7915-7915 | 1.00 | - | 81 | 2.47e+04 | 5.58e+04 | 2.26 | 0.0 | 3.12 |
| private-ctx [c0/m32] {crates} | 96 | 1 | 20827 | 20827-20827 | 2.63 | - | 26 | 6.47e+04 | 5.56e+04 | 0.86 | 2.3 | 3.11 |
| private-ctx [c48/m32] {crates} | 1 | 1 | 8043 | 8043-8043 | 1.00 | - | 100 | 2.51e+04 | 5.58e+04 | 2.22 | 0.0 | 3.12 |
| private-ctx [c48/m32] {crates} | 96 | 1 | 20284 | 20284-20284 | 2.52 | - | 25 | 6.3e+04 | 5.56e+04 | 0.88 | 2.4 | 3.11 |

### work = split

| variant [layout] | K | runs | CPU/op ns (median) | min-max | x K=1 | x private | busy % | cycles/op | instr/op | IPC | x-CCX fills/op | GHz(u) |
|---|---:|---:|---:|---|---:|---:|---:|---:|---:|---:|---:|---:|
| shared [c0/m32] {crates} | 1 | 1 | 7123 | 7123-7123 | 1.00 | - | 10 | 2.21e+04 | 6.97e+04 | 3.16 | 0.0 | 3.10 |
| shared [c0/m32] {crates} | 8 | 1 | 11984 | 11984-11984 | 1.68 | - | 19 | 3.71e+04 | 6.93e+04 | 1.87 | 0.0 | 3.10 |
| shared [c0/m32] {crates} | 24 | 1 | 52962 | 52962-52962 | 7.44 | - | 18 | 1.64e+05 | 6.95e+04 | 0.42 | 17.7 | 3.10 |
| shared [c0/m32] {crates} | 96 | 1 | 182605 | 182605-182605 | 25.64 | - | 21 | 5.65e+05 | 6.94e+04 | 0.12 | 16.4 | 3.10 |
| shared [c48/m32] {crates} | 1 | 1 | 6838 | 6838-6838 | 1.00 | - | 81 | 2.12e+04 | 7.01e+04 | 3.31 | 0.0 | 3.10 |
| shared [c48/m32] {crates} | 8 | 1 | 7139 | 7139-7139 | 1.04 | - | 39 | 2.21e+04 | 6.93e+04 | 3.14 | 0.0 | 3.10 |
| shared [c48/m32] {crates} | 24 | 1 | 20650 | 20650-20650 | 3.02 | - | 19 | 6.4e+04 | 6.95e+04 | 1.09 | 8.1 | 3.10 |
| shared [c48/m32] {crates} | 96 | 1 | 72685 | 72685-72685 | 10.63 | - | 22 | 2.25e+05 | 6.93e+04 | 0.31 | 8.4 | 3.09 |
| shared [c48/m0] {crates} | 1 | 1 | 6653 | 6653-6653 | 1.00 | - | 81 | 2.06e+04 | 6.94e+04 | 3.37 | 0.0 | 3.10 |
| shared [c48/m0] {crates} | 8 | 1 | 7123 | 7123-7123 | 1.07 | - | 15 | 2.21e+04 | 6.94e+04 | 3.15 | 0.0 | 3.10 |
| shared [c48/m0] {crates} | 24 | 1 | 20579 | 20579-20579 | 3.09 | - | 22 | 6.37e+04 | 6.93e+04 | 1.09 | 8.1 | 3.10 |
| shared [c48/m0] {crates} | 96 | 1 | 72221 | 72221-72221 | 10.86 | - | 26 | 2.24e+05 | 6.94e+04 | 0.31 | 8.4 | 3.09 |

checksum identity across variants, layouts and repeats: all equal per (work, K)
r1-k1-specialize-private-ctx k=1   specialize private-ctx cpu/op=7964.1 ns  busy pre/post 38.0/2.0%
r1-k96-specialize-private-ctx k=96  specialize private-ctx cpu/op=70048.8 ns  busy pre/post 27.5/22.3%

### work = full

| variant [layout] | K | runs | CPU/op ns (median) | min-max | x K=1 | x private | busy % | cycles/op | instr/op | IPC | x-CCX fills/op | GHz(u) |
|---|---:|---:|---:|---|---:|---:|---:|---:|---:|---:|---:|---:|
| shared [c0/m32] {crates} | 1 | 1 | 14940 | 14940-14940 | 1.00 | - | 100 | 4.63e+04 | 1.24e+05 | 2.68 | 0.0 | 3.10 |
| shared [c0/m32] {crates} | 8 | 1 | 17522 | 17522-17522 | 1.17 | - | 25 | 5.43e+04 | 1.24e+05 | 2.28 | 0.0 | 3.10 |
| shared [c0/m32] {crates} | 24 | 1 | 62872 | 62872-62872 | 4.21 | - | 28 | 1.95e+05 | 1.24e+05 | 0.63 | 24.4 | 3.10 |
| shared [c0/m32] {crates} | 96 | 1 | 234033 | 234033-234033 | 15.66 | - | 26 | 7.25e+05 | 1.23e+05 | 0.17 | 25.2 | 3.10 |
| shared [c48/m32] {crates} | 1 | 1 | 14522 | 14522-14522 | 1.00 | - | 6 | 4.5e+04 | 1.24e+05 | 2.76 | 0.0 | 3.10 |
| shared [c48/m32] {crates} | 8 | 1 | 15074 | 15074-15074 | 1.04 | - | 29 | 4.67e+04 | 1.24e+05 | 2.65 | 0.0 | 3.10 |
| shared [c48/m32] {crates} | 24 | 1 | 24552 | 24552-24552 | 1.69 | - | 25 | 7.6e+04 | 1.24e+05 | 1.62 | 13.1 | 3.10 |
| shared [c48/m32] {crates} | 96 | 1 | 82108 | 82108-82108 | 5.65 | - | 27 | 2.54e+05 | 1.24e+05 | 0.49 | 15.5 | 3.09 |
| shared [c48/m0] {crates} | 1 | 1 | 14640 | 14640-14640 | 1.00 | - | 20 | 4.53e+04 | 1.24e+05 | 2.74 | 0.0 | 3.10 |
| shared [c48/m0] {crates} | 8 | 1 | 15614 | 15614-15614 | 1.07 | - | 28 | 4.84e+04 | 1.24e+05 | 2.56 | 0.0 | 3.10 |
| shared [c48/m0] {crates} | 24 | 1 | 34260 | 34260-34260 | 2.34 | - | 23 | 1.06e+05 | 1.24e+05 | 1.16 | 18.6 | 3.10 |
| shared [c48/m0] {crates} | 96 | 1 | 107156 | 107156-107156 | 7.32 | - | 24 | 3.32e+05 | 1.23e+05 | 0.37 | 20.0 | 3.10 |

### work = specialize

| variant [layout] | K | runs | CPU/op ns (median) | min-max | x K=1 | x private | busy % | cycles/op | instr/op | IPC | x-CCX fills/op | GHz(u) |
|---|---:|---:|---:|---|---:|---:|---:|---:|---:|---:|---:|---:|
| shared [c0/m32] {crates} | 1 | 1 | 8079 | 8079-8079 | 1.00 | - | 4 | 2.5e+04 | 5.55e+04 | 2.22 | 0.0 | 3.10 |
| shared [c0/m32] {crates} | 8 | 1 | 7850 | 7850-7850 | 0.97 | - | 26 | 2.43e+04 | 5.54e+04 | 2.28 | 0.0 | 3.10 |
| shared [c0/m32] {crates} | 24 | 1 | 10748 | 10748-10748 | 1.33 | - | 23 | 3.33e+04 | 5.54e+04 | 1.67 | 6.1 | 3.10 |
| shared [c0/m32] {crates} | 96 | 1 | 31714 | 31714-31714 | 3.93 | - | 18 | 9.82e+04 | 5.54e+04 | 0.56 | 5.8 | 3.10 |
| shared [c48/m32] {crates} | 1 | 1 | 7820 | 7820-7820 | 1.00 | - | 2 | 2.42e+04 | 5.55e+04 | 2.29 | 0.0 | 3.10 |
| shared [c48/m32] {crates} | 8 | 1 | 7787 | 7787-7787 | 1.00 | - | 17 | 2.41e+04 | 5.54e+04 | 2.30 | 0.0 | 3.10 |
| shared [c48/m32] {crates} | 24 | 1 | 8860 | 8860-8860 | 1.13 | - | 22 | 2.74e+04 | 5.54e+04 | 2.02 | 4.6 | 3.10 |
| shared [c48/m32] {crates} | 96 | 1 | 21001 | 21001-21001 | 2.69 | - | 22 | 6.5e+04 | 5.54e+04 | 0.85 | 4.4 | 3.10 |
| shared [c48/m0] {crates} | 1 | 1 | 8190 | 8190-8190 | 1.00 | - | 75 | 2.54e+04 | 5.55e+04 | 2.19 | 0.0 | 3.10 |
| shared [c48/m0] {crates} | 8 | 1 | 8406 | 8406-8406 | 1.03 | - | 23 | 2.6e+04 | 5.54e+04 | 2.13 | 0.0 | 3.10 |
| shared [c48/m0] {crates} | 24 | 1 | 21719 | 21719-21719 | 2.65 | - | 23 | 6.73e+04 | 5.54e+04 | 0.82 | 8.1 | 3.10 |
| shared [c48/m0] {crates} | 96 | 1 | 72998 | 72998-72998 | 8.91 | - | 22 | 2.26e+05 | 5.54e+04 | 0.25 | 8.2 | 3.10 |
| private-ctx [c0/m32] {crates} | 1 | 1 | 7915 | 7915-7915 | 1.00 | - | 81 | 2.47e+04 | 5.58e+04 | 2.26 | 0.0 | 3.12 |
| private-ctx [c0/m32] {crates} | 96 | 1 | 20827 | 20827-20827 | 2.63 | - | 26 | 6.47e+04 | 5.56e+04 | 0.86 | 2.3 | 3.11 |
| private-ctx [c48/m32] {crates} | 1 | 1 | 8043 | 8043-8043 | 1.00 | - | 100 | 2.51e+04 | 5.58e+04 | 2.22 | 0.0 | 3.12 |
| private-ctx [c48/m32] {crates} | 96 | 1 | 20284 | 20284-20284 | 2.52 | - | 25 | 6.3e+04 | 5.56e+04 | 0.88 | 2.4 | 3.11 |
| private-ctx [c48/m0] {crates} | 1 | 1 | 7964 | 7964-7964 | 1.00 | - | 38 | 2.49e+04 | 5.58e+04 | 2.24 | 0.0 | 3.12 |
| private-ctx [c48/m0] {crates} | 96 | 1 | 70049 | 70049-70049 | 8.80 | - | 28 | 2.17e+05 | 5.56e+04 | 0.26 | 5.6 | 3.10 |

### work = split

| variant [layout] | K | runs | CPU/op ns (median) | min-max | x K=1 | x private | busy % | cycles/op | instr/op | IPC | x-CCX fills/op | GHz(u) |
|---|---:|---:|---:|---|---:|---:|---:|---:|---:|---:|---:|---:|
| shared [c0/m32] {crates} | 1 | 1 | 7123 | 7123-7123 | 1.00 | - | 10 | 2.21e+04 | 6.97e+04 | 3.16 | 0.0 | 3.10 |
| shared [c0/m32] {crates} | 8 | 1 | 11984 | 11984-11984 | 1.68 | - | 19 | 3.71e+04 | 6.93e+04 | 1.87 | 0.0 | 3.10 |
| shared [c0/m32] {crates} | 24 | 1 | 52962 | 52962-52962 | 7.44 | - | 18 | 1.64e+05 | 6.95e+04 | 0.42 | 17.7 | 3.10 |
| shared [c0/m32] {crates} | 96 | 1 | 182605 | 182605-182605 | 25.64 | - | 21 | 5.65e+05 | 6.94e+04 | 0.12 | 16.4 | 3.10 |
| shared [c48/m32] {crates} | 1 | 1 | 6838 | 6838-6838 | 1.00 | - | 81 | 2.12e+04 | 7.01e+04 | 3.31 | 0.0 | 3.10 |
| shared [c48/m32] {crates} | 8 | 1 | 7139 | 7139-7139 | 1.04 | - | 39 | 2.21e+04 | 6.93e+04 | 3.14 | 0.0 | 3.10 |
| shared [c48/m32] {crates} | 24 | 1 | 20650 | 20650-20650 | 3.02 | - | 19 | 6.4e+04 | 6.95e+04 | 1.09 | 8.1 | 3.10 |
| shared [c48/m32] {crates} | 96 | 1 | 72685 | 72685-72685 | 10.63 | - | 22 | 2.25e+05 | 6.93e+04 | 0.31 | 8.4 | 3.09 |
| shared [c48/m0] {crates} | 1 | 1 | 6653 | 6653-6653 | 1.00 | - | 81 | 2.06e+04 | 6.94e+04 | 3.37 | 0.0 | 3.10 |
| shared [c48/m0] {crates} | 8 | 1 | 7123 | 7123-7123 | 1.07 | - | 15 | 2.21e+04 | 6.94e+04 | 3.15 | 0.0 | 3.10 |
| shared [c48/m0] {crates} | 24 | 1 | 20579 | 20579-20579 | 3.09 | - | 22 | 6.37e+04 | 6.93e+04 | 1.09 | 8.1 | 3.10 |
| shared [c48/m0] {crates} | 96 | 1 | 72221 | 72221-72221 | 10.86 | - | 26 | 2.24e+05 | 6.94e+04 | 0.31 | 8.4 | 3.09 |

checksum identity across variants, layouts and repeats: all equal per (work, K)
r2-k1-full-shared k=1   full       shared      cpu/op=14780.0 ns  busy pre/post 82.4/0.0%
r2-k1-specialize-shared k=1   specialize shared      cpu/op=7942.0 ns  busy pre/post 36.5/48.1%
r2-k1-split-shared k=1   split      shared      cpu/op=6676.1 ns  busy pre/post 100.0/8.2%
r2-k8-full-shared k=8   full       shared      cpu/op=17886.5 ns  busy pre/post 28.7/20.7%
r2-k8-specialize-shared k=8   specialize shared      cpu/op=7832.2 ns  busy pre/post 24.8/7.4%
r2-k8-split-shared k=8   split      shared      cpu/op=12158.6 ns  busy pre/post 24.9/12.7%
r2-k24-full-shared k=24  full       shared      cpu/op=61388.3 ns  busy pre/post 21.1/13.1%
r2-k24-specialize-shared k=24  specialize shared      cpu/op=10731.5 ns  busy pre/post 29.1/16.4%
r2-k24-split-shared k=24  split      shared      cpu/op=51848.4 ns  busy pre/post 22.0/11.2%
r2-k96-full-shared k=96  full       shared      cpu/op=223660.1 ns  busy pre/post 22.3/12.4%
r2-k96-specialize-shared k=96  specialize shared      cpu/op=32309.0 ns  busy pre/post 16.6/14.9%
r2-k96-split-shared k=96  split      shared      cpu/op=191249.1 ns  busy pre/post 16.1/9.4%

### work = full

| variant [layout] | K | runs | CPU/op ns (median) | min-max | x K=1 | x private | busy % | cycles/op | instr/op | IPC | x-CCX fills/op | GHz(u) |
|---|---:|---:|---:|---|---:|---:|---:|---:|---:|---:|---:|---:|
| shared [c0/m32] {crates} | 1 | 2 | 14860 | 14780-14940 | 1.00 | - | 100 | 4.6e+04 | 1.24e+05 | 2.70 | 0.0 | 3.10 |
| shared [c0/m32] {crates} | 8 | 2 | 17704 | 17522-17886 | 1.19 | - | 29 | 5.48e+04 | 1.24e+05 | 2.26 | 0.0 | 3.10 |
| shared [c0/m32] {crates} | 24 | 2 | 62130 | 61388-62872 | 4.18 | - | 28 | 1.92e+05 | 1.24e+05 | 0.64 | 24.4 | 3.10 |
| shared [c0/m32] {crates} | 96 | 2 | 228846 | 223660-234033 | 15.40 | - | 26 | 7.09e+05 | 1.24e+05 | 0.17 | 25.0 | 3.10 |
| shared [c48/m32] {crates} | 1 | 1 | 14522 | 14522-14522 | 1.00 | - | 6 | 4.5e+04 | 1.24e+05 | 2.76 | 0.0 | 3.10 |
| shared [c48/m32] {crates} | 8 | 1 | 15074 | 15074-15074 | 1.04 | - | 29 | 4.67e+04 | 1.24e+05 | 2.65 | 0.0 | 3.10 |
| shared [c48/m32] {crates} | 24 | 1 | 24552 | 24552-24552 | 1.69 | - | 25 | 7.6e+04 | 1.24e+05 | 1.62 | 13.1 | 3.10 |
| shared [c48/m32] {crates} | 96 | 1 | 82108 | 82108-82108 | 5.65 | - | 27 | 2.54e+05 | 1.24e+05 | 0.49 | 15.5 | 3.09 |
| shared [c48/m0] {crates} | 1 | 1 | 14640 | 14640-14640 | 1.00 | - | 20 | 4.53e+04 | 1.24e+05 | 2.74 | 0.0 | 3.10 |
| shared [c48/m0] {crates} | 8 | 1 | 15614 | 15614-15614 | 1.07 | - | 28 | 4.84e+04 | 1.24e+05 | 2.56 | 0.0 | 3.10 |
| shared [c48/m0] {crates} | 24 | 1 | 34260 | 34260-34260 | 2.34 | - | 23 | 1.06e+05 | 1.24e+05 | 1.16 | 18.6 | 3.10 |
| shared [c48/m0] {crates} | 96 | 1 | 107156 | 107156-107156 | 7.32 | - | 24 | 3.32e+05 | 1.23e+05 | 0.37 | 20.0 | 3.10 |

### work = specialize

| variant [layout] | K | runs | CPU/op ns (median) | min-max | x K=1 | x private | busy % | cycles/op | instr/op | IPC | x-CCX fills/op | GHz(u) |
|---|---:|---:|---:|---|---:|---:|---:|---:|---:|---:|---:|---:|
| shared [c0/m32] {crates} | 1 | 2 | 8011 | 7942-8079 | 1.00 | - | 48 | 2.48e+04 | 5.55e+04 | 2.24 | 0.0 | 3.10 |
| shared [c0/m32] {crates} | 8 | 2 | 7841 | 7832-7850 | 0.98 | - | 26 | 2.43e+04 | 5.54e+04 | 2.28 | 0.0 | 3.10 |
| shared [c0/m32] {crates} | 24 | 2 | 10740 | 10732-10748 | 1.34 | - | 29 | 3.33e+04 | 5.54e+04 | 1.67 | 6.1 | 3.10 |
| shared [c0/m32] {crates} | 96 | 2 | 32012 | 31714-32309 | 4.00 | - | 18 | 9.91e+04 | 5.54e+04 | 0.56 | 5.8 | 3.10 |
| shared [c48/m32] {crates} | 1 | 1 | 7820 | 7820-7820 | 1.00 | - | 2 | 2.42e+04 | 5.55e+04 | 2.29 | 0.0 | 3.10 |
| shared [c48/m32] {crates} | 8 | 1 | 7787 | 7787-7787 | 1.00 | - | 17 | 2.41e+04 | 5.54e+04 | 2.30 | 0.0 | 3.10 |
| shared [c48/m32] {crates} | 24 | 1 | 8860 | 8860-8860 | 1.13 | - | 22 | 2.74e+04 | 5.54e+04 | 2.02 | 4.6 | 3.10 |
| shared [c48/m32] {crates} | 96 | 1 | 21001 | 21001-21001 | 2.69 | - | 22 | 6.5e+04 | 5.54e+04 | 0.85 | 4.4 | 3.10 |
| shared [c48/m0] {crates} | 1 | 1 | 8190 | 8190-8190 | 1.00 | - | 75 | 2.54e+04 | 5.55e+04 | 2.19 | 0.0 | 3.10 |
| shared [c48/m0] {crates} | 8 | 1 | 8406 | 8406-8406 | 1.03 | - | 23 | 2.6e+04 | 5.54e+04 | 2.13 | 0.0 | 3.10 |
| shared [c48/m0] {crates} | 24 | 1 | 21719 | 21719-21719 | 2.65 | - | 23 | 6.73e+04 | 5.54e+04 | 0.82 | 8.1 | 3.10 |
| shared [c48/m0] {crates} | 96 | 1 | 72998 | 72998-72998 | 8.91 | - | 22 | 2.26e+05 | 5.54e+04 | 0.25 | 8.2 | 3.10 |
| private-ctx [c0/m32] {crates} | 1 | 1 | 7915 | 7915-7915 | 1.00 | - | 81 | 2.47e+04 | 5.58e+04 | 2.26 | 0.0 | 3.12 |
| private-ctx [c0/m32] {crates} | 96 | 1 | 20827 | 20827-20827 | 2.63 | - | 26 | 6.47e+04 | 5.56e+04 | 0.86 | 2.3 | 3.11 |
| private-ctx [c48/m32] {crates} | 1 | 1 | 8043 | 8043-8043 | 1.00 | - | 100 | 2.51e+04 | 5.58e+04 | 2.22 | 0.0 | 3.12 |
| private-ctx [c48/m32] {crates} | 96 | 1 | 20284 | 20284-20284 | 2.52 | - | 25 | 6.3e+04 | 5.56e+04 | 0.88 | 2.4 | 3.11 |
| private-ctx [c48/m0] {crates} | 1 | 1 | 7964 | 7964-7964 | 1.00 | - | 38 | 2.49e+04 | 5.58e+04 | 2.24 | 0.0 | 3.12 |
| private-ctx [c48/m0] {crates} | 96 | 1 | 70049 | 70049-70049 | 8.80 | - | 28 | 2.17e+05 | 5.56e+04 | 0.26 | 5.6 | 3.10 |

### work = split

| variant [layout] | K | runs | CPU/op ns (median) | min-max | x K=1 | x private | busy % | cycles/op | instr/op | IPC | x-CCX fills/op | GHz(u) |
|---|---:|---:|---:|---|---:|---:|---:|---:|---:|---:|---:|---:|
| shared [c0/m32] {crates} | 1 | 2 | 6900 | 6676-7123 | 1.00 | - | 100 | 2.14e+04 | 6.98e+04 | 3.27 | 0.0 | 3.10 |
| shared [c0/m32] {crates} | 8 | 2 | 12071 | 11984-12159 | 1.75 | - | 25 | 3.74e+04 | 6.93e+04 | 1.85 | 0.0 | 3.10 |
| shared [c0/m32] {crates} | 24 | 2 | 52405 | 51848-52962 | 7.60 | - | 22 | 1.62e+05 | 6.94e+04 | 0.43 | 17.6 | 3.10 |
| shared [c0/m32] {crates} | 96 | 2 | 186927 | 182605-191249 | 27.09 | - | 21 | 5.79e+05 | 6.93e+04 | 0.12 | 16.5 | 3.10 |
| shared [c48/m32] {crates} | 1 | 1 | 6838 | 6838-6838 | 1.00 | - | 81 | 2.12e+04 | 7.01e+04 | 3.31 | 0.0 | 3.10 |
| shared [c48/m32] {crates} | 8 | 1 | 7139 | 7139-7139 | 1.04 | - | 39 | 2.21e+04 | 6.93e+04 | 3.14 | 0.0 | 3.10 |
| shared [c48/m32] {crates} | 24 | 1 | 20650 | 20650-20650 | 3.02 | - | 19 | 6.4e+04 | 6.95e+04 | 1.09 | 8.1 | 3.10 |
| shared [c48/m32] {crates} | 96 | 1 | 72685 | 72685-72685 | 10.63 | - | 22 | 2.25e+05 | 6.93e+04 | 0.31 | 8.4 | 3.09 |
| shared [c48/m0] {crates} | 1 | 1 | 6653 | 6653-6653 | 1.00 | - | 81 | 2.06e+04 | 6.94e+04 | 3.37 | 0.0 | 3.10 |
| shared [c48/m0] {crates} | 8 | 1 | 7123 | 7123-7123 | 1.07 | - | 15 | 2.21e+04 | 6.94e+04 | 3.15 | 0.0 | 3.10 |
| shared [c48/m0] {crates} | 24 | 1 | 20579 | 20579-20579 | 3.09 | - | 22 | 6.37e+04 | 6.93e+04 | 1.09 | 8.1 | 3.10 |
| shared [c48/m0] {crates} | 96 | 1 | 72221 | 72221-72221 | 10.86 | - | 26 | 2.24e+05 | 6.94e+04 | 0.31 | 8.4 | 3.09 |

checksum identity across variants, layouts and repeats: all equal per (work, K)
r2-k1-specialize-private-ctx k=1   specialize private-ctx cpu/op=8135.5 ns  busy pre/post 2.0/9.6%
r2-k96-specialize-private-ctx k=96  specialize private-ctx cpu/op=21444.8 ns  busy pre/post 22.7/21.7%

### work = full

| variant [layout] | K | runs | CPU/op ns (median) | min-max | x K=1 | x private | busy % | cycles/op | instr/op | IPC | x-CCX fills/op | GHz(u) |
|---|---:|---:|---:|---|---:|---:|---:|---:|---:|---:|---:|---:|
| shared [c0/m32] {crates} | 1 | 2 | 14860 | 14780-14940 | 1.00 | - | 100 | 4.6e+04 | 1.24e+05 | 2.70 | 0.0 | 3.10 |
| shared [c0/m32] {crates} | 8 | 2 | 17704 | 17522-17886 | 1.19 | - | 29 | 5.48e+04 | 1.24e+05 | 2.26 | 0.0 | 3.10 |
| shared [c0/m32] {crates} | 24 | 2 | 62130 | 61388-62872 | 4.18 | - | 28 | 1.92e+05 | 1.24e+05 | 0.64 | 24.4 | 3.10 |
| shared [c0/m32] {crates} | 96 | 2 | 228846 | 223660-234033 | 15.40 | - | 26 | 7.09e+05 | 1.24e+05 | 0.17 | 25.0 | 3.10 |
| shared [c48/m32] {crates} | 1 | 1 | 14522 | 14522-14522 | 1.00 | - | 6 | 4.5e+04 | 1.24e+05 | 2.76 | 0.0 | 3.10 |
| shared [c48/m32] {crates} | 8 | 1 | 15074 | 15074-15074 | 1.04 | - | 29 | 4.67e+04 | 1.24e+05 | 2.65 | 0.0 | 3.10 |
| shared [c48/m32] {crates} | 24 | 1 | 24552 | 24552-24552 | 1.69 | - | 25 | 7.6e+04 | 1.24e+05 | 1.62 | 13.1 | 3.10 |
| shared [c48/m32] {crates} | 96 | 1 | 82108 | 82108-82108 | 5.65 | - | 27 | 2.54e+05 | 1.24e+05 | 0.49 | 15.5 | 3.09 |
| shared [c48/m0] {crates} | 1 | 1 | 14640 | 14640-14640 | 1.00 | - | 20 | 4.53e+04 | 1.24e+05 | 2.74 | 0.0 | 3.10 |
| shared [c48/m0] {crates} | 8 | 1 | 15614 | 15614-15614 | 1.07 | - | 28 | 4.84e+04 | 1.24e+05 | 2.56 | 0.0 | 3.10 |
| shared [c48/m0] {crates} | 24 | 1 | 34260 | 34260-34260 | 2.34 | - | 23 | 1.06e+05 | 1.24e+05 | 1.16 | 18.6 | 3.10 |
| shared [c48/m0] {crates} | 96 | 1 | 107156 | 107156-107156 | 7.32 | - | 24 | 3.32e+05 | 1.23e+05 | 0.37 | 20.0 | 3.10 |

### work = specialize

| variant [layout] | K | runs | CPU/op ns (median) | min-max | x K=1 | x private | busy % | cycles/op | instr/op | IPC | x-CCX fills/op | GHz(u) |
|---|---:|---:|---:|---|---:|---:|---:|---:|---:|---:|---:|---:|
| shared [c0/m32] {crates} | 1 | 2 | 8011 | 7942-8079 | 1.00 | - | 48 | 2.48e+04 | 5.55e+04 | 2.24 | 0.0 | 3.10 |
| shared [c0/m32] {crates} | 8 | 2 | 7841 | 7832-7850 | 0.98 | - | 26 | 2.43e+04 | 5.54e+04 | 2.28 | 0.0 | 3.10 |
| shared [c0/m32] {crates} | 24 | 2 | 10740 | 10732-10748 | 1.34 | - | 29 | 3.33e+04 | 5.54e+04 | 1.67 | 6.1 | 3.10 |
| shared [c0/m32] {crates} | 96 | 2 | 32012 | 31714-32309 | 4.00 | - | 18 | 9.91e+04 | 5.54e+04 | 0.56 | 5.8 | 3.10 |
| shared [c48/m32] {crates} | 1 | 1 | 7820 | 7820-7820 | 1.00 | - | 2 | 2.42e+04 | 5.55e+04 | 2.29 | 0.0 | 3.10 |
| shared [c48/m32] {crates} | 8 | 1 | 7787 | 7787-7787 | 1.00 | - | 17 | 2.41e+04 | 5.54e+04 | 2.30 | 0.0 | 3.10 |
| shared [c48/m32] {crates} | 24 | 1 | 8860 | 8860-8860 | 1.13 | - | 22 | 2.74e+04 | 5.54e+04 | 2.02 | 4.6 | 3.10 |
| shared [c48/m32] {crates} | 96 | 1 | 21001 | 21001-21001 | 2.69 | - | 22 | 6.5e+04 | 5.54e+04 | 0.85 | 4.4 | 3.10 |
| shared [c48/m0] {crates} | 1 | 1 | 8190 | 8190-8190 | 1.00 | - | 75 | 2.54e+04 | 5.55e+04 | 2.19 | 0.0 | 3.10 |
| shared [c48/m0] {crates} | 8 | 1 | 8406 | 8406-8406 | 1.03 | - | 23 | 2.6e+04 | 5.54e+04 | 2.13 | 0.0 | 3.10 |
| shared [c48/m0] {crates} | 24 | 1 | 21719 | 21719-21719 | 2.65 | - | 23 | 6.73e+04 | 5.54e+04 | 0.82 | 8.1 | 3.10 |
| shared [c48/m0] {crates} | 96 | 1 | 72998 | 72998-72998 | 8.91 | - | 22 | 2.26e+05 | 5.54e+04 | 0.25 | 8.2 | 3.10 |
| private-ctx [c0/m32] {crates} | 1 | 2 | 8025 | 7915-8136 | 1.00 | - | 81 | 2.51e+04 | 5.58e+04 | 2.22 | 0.0 | 3.13 |
| private-ctx [c0/m32] {crates} | 96 | 2 | 21136 | 20827-21445 | 2.63 | - | 26 | 6.57e+04 | 5.56e+04 | 0.85 | 2.3 | 3.11 |
| private-ctx [c48/m32] {crates} | 1 | 1 | 8043 | 8043-8043 | 1.00 | - | 100 | 2.51e+04 | 5.58e+04 | 2.22 | 0.0 | 3.12 |
| private-ctx [c48/m32] {crates} | 96 | 1 | 20284 | 20284-20284 | 2.52 | - | 25 | 6.3e+04 | 5.56e+04 | 0.88 | 2.4 | 3.11 |
| private-ctx [c48/m0] {crates} | 1 | 1 | 7964 | 7964-7964 | 1.00 | - | 38 | 2.49e+04 | 5.58e+04 | 2.24 | 0.0 | 3.12 |
| private-ctx [c48/m0] {crates} | 96 | 1 | 70049 | 70049-70049 | 8.80 | - | 28 | 2.17e+05 | 5.56e+04 | 0.26 | 5.6 | 3.10 |

### work = split

| variant [layout] | K | runs | CPU/op ns (median) | min-max | x K=1 | x private | busy % | cycles/op | instr/op | IPC | x-CCX fills/op | GHz(u) |
|---|---:|---:|---:|---|---:|---:|---:|---:|---:|---:|---:|---:|
| shared [c0/m32] {crates} | 1 | 2 | 6900 | 6676-7123 | 1.00 | - | 100 | 2.14e+04 | 6.98e+04 | 3.27 | 0.0 | 3.10 |
| shared [c0/m32] {crates} | 8 | 2 | 12071 | 11984-12159 | 1.75 | - | 25 | 3.74e+04 | 6.93e+04 | 1.85 | 0.0 | 3.10 |
| shared [c0/m32] {crates} | 24 | 2 | 52405 | 51848-52962 | 7.60 | - | 22 | 1.62e+05 | 6.94e+04 | 0.43 | 17.6 | 3.10 |
| shared [c0/m32] {crates} | 96 | 2 | 186927 | 182605-191249 | 27.09 | - | 21 | 5.79e+05 | 6.93e+04 | 0.12 | 16.5 | 3.10 |
| shared [c48/m32] {crates} | 1 | 1 | 6838 | 6838-6838 | 1.00 | - | 81 | 2.12e+04 | 7.01e+04 | 3.31 | 0.0 | 3.10 |
| shared [c48/m32] {crates} | 8 | 1 | 7139 | 7139-7139 | 1.04 | - | 39 | 2.21e+04 | 6.93e+04 | 3.14 | 0.0 | 3.10 |
| shared [c48/m32] {crates} | 24 | 1 | 20650 | 20650-20650 | 3.02 | - | 19 | 6.4e+04 | 6.95e+04 | 1.09 | 8.1 | 3.10 |
| shared [c48/m32] {crates} | 96 | 1 | 72685 | 72685-72685 | 10.63 | - | 22 | 2.25e+05 | 6.93e+04 | 0.31 | 8.4 | 3.09 |
| shared [c48/m0] {crates} | 1 | 1 | 6653 | 6653-6653 | 1.00 | - | 81 | 2.06e+04 | 6.94e+04 | 3.37 | 0.0 | 3.10 |
| shared [c48/m0] {crates} | 8 | 1 | 7123 | 7123-7123 | 1.07 | - | 15 | 2.21e+04 | 6.94e+04 | 3.15 | 0.0 | 3.10 |
| shared [c48/m0] {crates} | 24 | 1 | 20579 | 20579-20579 | 3.09 | - | 22 | 6.37e+04 | 6.93e+04 | 1.09 | 8.1 | 3.10 |
| shared [c48/m0] {crates} | 96 | 1 | 72221 | 72221-72221 | 10.86 | - | 26 | 2.24e+05 | 6.94e+04 | 0.31 | 8.4 | 3.09 |

checksum identity across variants, layouts and repeats: all equal per (work, K)
r2-k1-full-shared k=1   full       shared      cpu/op=14688.7 ns  busy pre/post 2.0/2.0%
r2-k1-specialize-shared k=1   specialize shared      cpu/op=7958.3 ns  busy pre/post 86.3/2.0%
r2-k1-split-shared k=1   split      shared      cpu/op=6682.6 ns  busy pre/post 14.0/19.2%
r2-k8-full-shared k=8   full       shared      cpu/op=14654.0 ns  busy pre/post 31.0/10.5%
r2-k8-specialize-shared k=8   specialize shared      cpu/op=7687.1 ns  busy pre/post 12.7/16.4%
r2-k8-split-shared k=8   split      shared      cpu/op=7073.0 ns  busy pre/post 23.0/9.5%
r2-k24-full-shared k=24  full       shared      cpu/op=24329.5 ns  busy pre/post 23.2/13.9%
r2-k24-specialize-shared k=24  specialize shared      cpu/op=8773.6 ns  busy pre/post 17.0/19.6%
r2-k24-split-shared k=24  split      shared      cpu/op=20082.2 ns  busy pre/post 26.0/12.4%
r2-k96-full-shared k=96  full       shared      cpu/op=86036.0 ns  busy pre/post 21.9/17.0%
r2-k96-specialize-shared k=96  specialize shared      cpu/op=21307.4 ns  busy pre/post 22.3/19.2%
r2-k96-split-shared k=96  split      shared      cpu/op=72551.0 ns  busy pre/post 23.5/20.1%

### work = full

| variant [layout] | K | runs | CPU/op ns (median) | min-max | x K=1 | x private | busy % | cycles/op | instr/op | IPC | x-CCX fills/op | GHz(u) |
|---|---:|---:|---:|---|---:|---:|---:|---:|---:|---:|---:|---:|
| shared [c0/m32] {crates} | 1 | 2 | 14860 | 14780-14940 | 1.00 | - | 100 | 4.6e+04 | 1.24e+05 | 2.70 | 0.0 | 3.10 |
| shared [c0/m32] {crates} | 8 | 2 | 17704 | 17522-17886 | 1.19 | - | 29 | 5.48e+04 | 1.24e+05 | 2.26 | 0.0 | 3.10 |
| shared [c0/m32] {crates} | 24 | 2 | 62130 | 61388-62872 | 4.18 | - | 28 | 1.92e+05 | 1.24e+05 | 0.64 | 24.4 | 3.10 |
| shared [c0/m32] {crates} | 96 | 2 | 228846 | 223660-234033 | 15.40 | - | 26 | 7.09e+05 | 1.24e+05 | 0.17 | 25.0 | 3.10 |
| shared [c48/m32] {crates} | 1 | 2 | 14605 | 14522-14689 | 1.00 | - | 6 | 4.52e+04 | 1.24e+05 | 2.75 | 0.0 | 3.10 |
| shared [c48/m32] {crates} | 8 | 2 | 14864 | 14654-15074 | 1.02 | - | 31 | 4.6e+04 | 1.24e+05 | 2.69 | 0.0 | 3.10 |
| shared [c48/m32] {crates} | 24 | 2 | 24441 | 24330-24552 | 1.67 | - | 25 | 7.57e+04 | 1.24e+05 | 1.63 | 13.2 | 3.10 |
| shared [c48/m32] {crates} | 96 | 2 | 84072 | 82108-86036 | 5.76 | - | 27 | 2.6e+05 | 1.24e+05 | 0.47 | 15.4 | 3.10 |
| shared [c48/m0] {crates} | 1 | 1 | 14640 | 14640-14640 | 1.00 | - | 20 | 4.53e+04 | 1.24e+05 | 2.74 | 0.0 | 3.10 |
| shared [c48/m0] {crates} | 8 | 1 | 15614 | 15614-15614 | 1.07 | - | 28 | 4.84e+04 | 1.24e+05 | 2.56 | 0.0 | 3.10 |
| shared [c48/m0] {crates} | 24 | 1 | 34260 | 34260-34260 | 2.34 | - | 23 | 1.06e+05 | 1.24e+05 | 1.16 | 18.6 | 3.10 |
| shared [c48/m0] {crates} | 96 | 1 | 107156 | 107156-107156 | 7.32 | - | 24 | 3.32e+05 | 1.23e+05 | 0.37 | 20.0 | 3.10 |

### work = specialize

| variant [layout] | K | runs | CPU/op ns (median) | min-max | x K=1 | x private | busy % | cycles/op | instr/op | IPC | x-CCX fills/op | GHz(u) |
|---|---:|---:|---:|---|---:|---:|---:|---:|---:|---:|---:|---:|
| shared [c0/m32] {crates} | 1 | 2 | 8011 | 7942-8079 | 1.00 | - | 48 | 2.48e+04 | 5.55e+04 | 2.24 | 0.0 | 3.10 |
| shared [c0/m32] {crates} | 8 | 2 | 7841 | 7832-7850 | 0.98 | - | 26 | 2.43e+04 | 5.54e+04 | 2.28 | 0.0 | 3.10 |
| shared [c0/m32] {crates} | 24 | 2 | 10740 | 10732-10748 | 1.34 | - | 29 | 3.33e+04 | 5.54e+04 | 1.67 | 6.1 | 3.10 |
| shared [c0/m32] {crates} | 96 | 2 | 32012 | 31714-32309 | 4.00 | - | 18 | 9.91e+04 | 5.54e+04 | 0.56 | 5.8 | 3.10 |
| shared [c48/m32] {crates} | 1 | 2 | 7889 | 7820-7958 | 1.00 | - | 86 | 2.44e+04 | 5.55e+04 | 2.27 | 0.0 | 3.10 |
| shared [c48/m32] {crates} | 8 | 2 | 7737 | 7687-7787 | 0.98 | - | 17 | 2.4e+04 | 5.54e+04 | 2.31 | 0.0 | 3.10 |
| shared [c48/m32] {crates} | 24 | 2 | 8817 | 8774-8860 | 1.12 | - | 22 | 2.73e+04 | 5.54e+04 | 2.03 | 4.6 | 3.10 |
| shared [c48/m32] {crates} | 96 | 2 | 21154 | 21001-21307 | 2.68 | - | 22 | 6.55e+04 | 5.54e+04 | 0.85 | 4.3 | 3.10 |
| shared [c48/m0] {crates} | 1 | 1 | 8190 | 8190-8190 | 1.00 | - | 75 | 2.54e+04 | 5.55e+04 | 2.19 | 0.0 | 3.10 |
| shared [c48/m0] {crates} | 8 | 1 | 8406 | 8406-8406 | 1.03 | - | 23 | 2.6e+04 | 5.54e+04 | 2.13 | 0.0 | 3.10 |
| shared [c48/m0] {crates} | 24 | 1 | 21719 | 21719-21719 | 2.65 | - | 23 | 6.73e+04 | 5.54e+04 | 0.82 | 8.1 | 3.10 |
| shared [c48/m0] {crates} | 96 | 1 | 72998 | 72998-72998 | 8.91 | - | 22 | 2.26e+05 | 5.54e+04 | 0.25 | 8.2 | 3.10 |
| private-ctx [c0/m32] {crates} | 1 | 2 | 8025 | 7915-8136 | 1.00 | - | 81 | 2.51e+04 | 5.58e+04 | 2.22 | 0.0 | 3.13 |
| private-ctx [c0/m32] {crates} | 96 | 2 | 21136 | 20827-21445 | 2.63 | - | 26 | 6.57e+04 | 5.56e+04 | 0.85 | 2.3 | 3.11 |
| private-ctx [c48/m32] {crates} | 1 | 1 | 8043 | 8043-8043 | 1.00 | - | 100 | 2.51e+04 | 5.58e+04 | 2.22 | 0.0 | 3.12 |
| private-ctx [c48/m32] {crates} | 96 | 1 | 20284 | 20284-20284 | 2.52 | - | 25 | 6.3e+04 | 5.56e+04 | 0.88 | 2.4 | 3.11 |
| private-ctx [c48/m0] {crates} | 1 | 1 | 7964 | 7964-7964 | 1.00 | - | 38 | 2.49e+04 | 5.58e+04 | 2.24 | 0.0 | 3.12 |
| private-ctx [c48/m0] {crates} | 96 | 1 | 70049 | 70049-70049 | 8.80 | - | 28 | 2.17e+05 | 5.56e+04 | 0.26 | 5.6 | 3.10 |

### work = split

| variant [layout] | K | runs | CPU/op ns (median) | min-max | x K=1 | x private | busy % | cycles/op | instr/op | IPC | x-CCX fills/op | GHz(u) |
|---|---:|---:|---:|---|---:|---:|---:|---:|---:|---:|---:|---:|
| shared [c0/m32] {crates} | 1 | 2 | 6900 | 6676-7123 | 1.00 | - | 100 | 2.14e+04 | 6.98e+04 | 3.27 | 0.0 | 3.10 |
| shared [c0/m32] {crates} | 8 | 2 | 12071 | 11984-12159 | 1.75 | - | 25 | 3.74e+04 | 6.93e+04 | 1.85 | 0.0 | 3.10 |
| shared [c0/m32] {crates} | 24 | 2 | 52405 | 51848-52962 | 7.60 | - | 22 | 1.62e+05 | 6.94e+04 | 0.43 | 17.6 | 3.10 |
| shared [c0/m32] {crates} | 96 | 2 | 186927 | 182605-191249 | 27.09 | - | 21 | 5.79e+05 | 6.93e+04 | 0.12 | 16.5 | 3.10 |
| shared [c48/m32] {crates} | 1 | 2 | 6760 | 6683-6838 | 1.00 | - | 81 | 2.09e+04 | 6.98e+04 | 3.34 | 0.0 | 3.10 |
| shared [c48/m32] {crates} | 8 | 2 | 7106 | 7073-7139 | 1.05 | - | 39 | 2.2e+04 | 6.93e+04 | 3.15 | 0.0 | 3.10 |
| shared [c48/m32] {crates} | 24 | 2 | 20366 | 20082-20650 | 3.01 | - | 26 | 6.31e+04 | 6.94e+04 | 1.10 | 8.1 | 3.10 |
| shared [c48/m32] {crates} | 96 | 2 | 72618 | 72551-72685 | 10.74 | - | 24 | 2.25e+05 | 6.93e+04 | 0.31 | 8.5 | 3.09 |
| shared [c48/m0] {crates} | 1 | 1 | 6653 | 6653-6653 | 1.00 | - | 81 | 2.06e+04 | 6.94e+04 | 3.37 | 0.0 | 3.10 |
| shared [c48/m0] {crates} | 8 | 1 | 7123 | 7123-7123 | 1.07 | - | 15 | 2.21e+04 | 6.94e+04 | 3.15 | 0.0 | 3.10 |
| shared [c48/m0] {crates} | 24 | 1 | 20579 | 20579-20579 | 3.09 | - | 22 | 6.37e+04 | 6.93e+04 | 1.09 | 8.1 | 3.10 |
| shared [c48/m0] {crates} | 96 | 1 | 72221 | 72221-72221 | 10.86 | - | 26 | 2.24e+05 | 6.94e+04 | 0.31 | 8.4 | 3.09 |

checksum identity across variants, layouts and repeats: all equal per (work, K)
r2-k1-specialize-private-ctx k=1   specialize private-ctx cpu/op=7871.9 ns  busy pre/post 100.0/2.0%
r2-k96-specialize-private-ctx k=96  specialize private-ctx cpu/op=21413.0 ns  busy pre/post 22.6/19.1%

### work = full

| variant [layout] | K | runs | CPU/op ns (median) | min-max | x K=1 | x private | busy % | cycles/op | instr/op | IPC | x-CCX fills/op | GHz(u) |
|---|---:|---:|---:|---|---:|---:|---:|---:|---:|---:|---:|---:|
| shared [c0/m32] {crates} | 1 | 2 | 14860 | 14780-14940 | 1.00 | - | 100 | 4.6e+04 | 1.24e+05 | 2.70 | 0.0 | 3.10 |
| shared [c0/m32] {crates} | 8 | 2 | 17704 | 17522-17886 | 1.19 | - | 29 | 5.48e+04 | 1.24e+05 | 2.26 | 0.0 | 3.10 |
| shared [c0/m32] {crates} | 24 | 2 | 62130 | 61388-62872 | 4.18 | - | 28 | 1.92e+05 | 1.24e+05 | 0.64 | 24.4 | 3.10 |
| shared [c0/m32] {crates} | 96 | 2 | 228846 | 223660-234033 | 15.40 | - | 26 | 7.09e+05 | 1.24e+05 | 0.17 | 25.0 | 3.10 |
| shared [c48/m32] {crates} | 1 | 2 | 14605 | 14522-14689 | 1.00 | - | 6 | 4.52e+04 | 1.24e+05 | 2.75 | 0.0 | 3.10 |
| shared [c48/m32] {crates} | 8 | 2 | 14864 | 14654-15074 | 1.02 | - | 31 | 4.6e+04 | 1.24e+05 | 2.69 | 0.0 | 3.10 |
| shared [c48/m32] {crates} | 24 | 2 | 24441 | 24330-24552 | 1.67 | - | 25 | 7.57e+04 | 1.24e+05 | 1.63 | 13.2 | 3.10 |
| shared [c48/m32] {crates} | 96 | 2 | 84072 | 82108-86036 | 5.76 | - | 27 | 2.6e+05 | 1.24e+05 | 0.47 | 15.4 | 3.10 |
| shared [c48/m0] {crates} | 1 | 1 | 14640 | 14640-14640 | 1.00 | - | 20 | 4.53e+04 | 1.24e+05 | 2.74 | 0.0 | 3.10 |
| shared [c48/m0] {crates} | 8 | 1 | 15614 | 15614-15614 | 1.07 | - | 28 | 4.84e+04 | 1.24e+05 | 2.56 | 0.0 | 3.10 |
| shared [c48/m0] {crates} | 24 | 1 | 34260 | 34260-34260 | 2.34 | - | 23 | 1.06e+05 | 1.24e+05 | 1.16 | 18.6 | 3.10 |
| shared [c48/m0] {crates} | 96 | 1 | 107156 | 107156-107156 | 7.32 | - | 24 | 3.32e+05 | 1.23e+05 | 0.37 | 20.0 | 3.10 |

### work = specialize

| variant [layout] | K | runs | CPU/op ns (median) | min-max | x K=1 | x private | busy % | cycles/op | instr/op | IPC | x-CCX fills/op | GHz(u) |
|---|---:|---:|---:|---|---:|---:|---:|---:|---:|---:|---:|---:|
| shared [c0/m32] {crates} | 1 | 2 | 8011 | 7942-8079 | 1.00 | - | 48 | 2.48e+04 | 5.55e+04 | 2.24 | 0.0 | 3.10 |
| shared [c0/m32] {crates} | 8 | 2 | 7841 | 7832-7850 | 0.98 | - | 26 | 2.43e+04 | 5.54e+04 | 2.28 | 0.0 | 3.10 |
| shared [c0/m32] {crates} | 24 | 2 | 10740 | 10732-10748 | 1.34 | - | 29 | 3.33e+04 | 5.54e+04 | 1.67 | 6.1 | 3.10 |
| shared [c0/m32] {crates} | 96 | 2 | 32012 | 31714-32309 | 4.00 | - | 18 | 9.91e+04 | 5.54e+04 | 0.56 | 5.8 | 3.10 |
| shared [c48/m32] {crates} | 1 | 2 | 7889 | 7820-7958 | 1.00 | - | 86 | 2.44e+04 | 5.55e+04 | 2.27 | 0.0 | 3.10 |
| shared [c48/m32] {crates} | 8 | 2 | 7737 | 7687-7787 | 0.98 | - | 17 | 2.4e+04 | 5.54e+04 | 2.31 | 0.0 | 3.10 |
| shared [c48/m32] {crates} | 24 | 2 | 8817 | 8774-8860 | 1.12 | - | 22 | 2.73e+04 | 5.54e+04 | 2.03 | 4.6 | 3.10 |
| shared [c48/m32] {crates} | 96 | 2 | 21154 | 21001-21307 | 2.68 | - | 22 | 6.55e+04 | 5.54e+04 | 0.85 | 4.3 | 3.10 |
| shared [c48/m0] {crates} | 1 | 1 | 8190 | 8190-8190 | 1.00 | - | 75 | 2.54e+04 | 5.55e+04 | 2.19 | 0.0 | 3.10 |
| shared [c48/m0] {crates} | 8 | 1 | 8406 | 8406-8406 | 1.03 | - | 23 | 2.6e+04 | 5.54e+04 | 2.13 | 0.0 | 3.10 |
| shared [c48/m0] {crates} | 24 | 1 | 21719 | 21719-21719 | 2.65 | - | 23 | 6.73e+04 | 5.54e+04 | 0.82 | 8.1 | 3.10 |
| shared [c48/m0] {crates} | 96 | 1 | 72998 | 72998-72998 | 8.91 | - | 22 | 2.26e+05 | 5.54e+04 | 0.25 | 8.2 | 3.10 |
| private-ctx [c0/m32] {crates} | 1 | 2 | 8025 | 7915-8136 | 1.00 | - | 81 | 2.51e+04 | 5.58e+04 | 2.22 | 0.0 | 3.13 |
| private-ctx [c0/m32] {crates} | 96 | 2 | 21136 | 20827-21445 | 2.63 | - | 26 | 6.57e+04 | 5.56e+04 | 0.85 | 2.3 | 3.11 |
| private-ctx [c48/m32] {crates} | 1 | 2 | 7957 | 7872-8043 | 1.00 | - | 100 | 2.48e+04 | 5.58e+04 | 2.25 | 0.0 | 3.12 |
| private-ctx [c48/m32] {crates} | 96 | 2 | 20848 | 20284-21413 | 2.62 | - | 25 | 6.48e+04 | 5.56e+04 | 0.86 | 2.3 | 3.11 |
| private-ctx [c48/m0] {crates} | 1 | 1 | 7964 | 7964-7964 | 1.00 | - | 38 | 2.49e+04 | 5.58e+04 | 2.24 | 0.0 | 3.12 |
| private-ctx [c48/m0] {crates} | 96 | 1 | 70049 | 70049-70049 | 8.80 | - | 28 | 2.17e+05 | 5.56e+04 | 0.26 | 5.6 | 3.10 |

### work = split

| variant [layout] | K | runs | CPU/op ns (median) | min-max | x K=1 | x private | busy % | cycles/op | instr/op | IPC | x-CCX fills/op | GHz(u) |
|---|---:|---:|---:|---|---:|---:|---:|---:|---:|---:|---:|---:|
| shared [c0/m32] {crates} | 1 | 2 | 6900 | 6676-7123 | 1.00 | - | 100 | 2.14e+04 | 6.98e+04 | 3.27 | 0.0 | 3.10 |
| shared [c0/m32] {crates} | 8 | 2 | 12071 | 11984-12159 | 1.75 | - | 25 | 3.74e+04 | 6.93e+04 | 1.85 | 0.0 | 3.10 |
| shared [c0/m32] {crates} | 24 | 2 | 52405 | 51848-52962 | 7.60 | - | 22 | 1.62e+05 | 6.94e+04 | 0.43 | 17.6 | 3.10 |
| shared [c0/m32] {crates} | 96 | 2 | 186927 | 182605-191249 | 27.09 | - | 21 | 5.79e+05 | 6.93e+04 | 0.12 | 16.5 | 3.10 |
| shared [c48/m32] {crates} | 1 | 2 | 6760 | 6683-6838 | 1.00 | - | 81 | 2.09e+04 | 6.98e+04 | 3.34 | 0.0 | 3.10 |
| shared [c48/m32] {crates} | 8 | 2 | 7106 | 7073-7139 | 1.05 | - | 39 | 2.2e+04 | 6.93e+04 | 3.15 | 0.0 | 3.10 |
| shared [c48/m32] {crates} | 24 | 2 | 20366 | 20082-20650 | 3.01 | - | 26 | 6.31e+04 | 6.94e+04 | 1.10 | 8.1 | 3.10 |
| shared [c48/m32] {crates} | 96 | 2 | 72618 | 72551-72685 | 10.74 | - | 24 | 2.25e+05 | 6.93e+04 | 0.31 | 8.5 | 3.09 |
| shared [c48/m0] {crates} | 1 | 1 | 6653 | 6653-6653 | 1.00 | - | 81 | 2.06e+04 | 6.94e+04 | 3.37 | 0.0 | 3.10 |
| shared [c48/m0] {crates} | 8 | 1 | 7123 | 7123-7123 | 1.07 | - | 15 | 2.21e+04 | 6.94e+04 | 3.15 | 0.0 | 3.10 |
| shared [c48/m0] {crates} | 24 | 1 | 20579 | 20579-20579 | 3.09 | - | 22 | 6.37e+04 | 6.93e+04 | 1.09 | 8.1 | 3.10 |
| shared [c48/m0] {crates} | 96 | 1 | 72221 | 72221-72221 | 10.86 | - | 26 | 2.24e+05 | 6.94e+04 | 0.31 | 8.4 | 3.09 |

checksum identity across variants, layouts and repeats: all equal per (work, K)
r2-k1-full-shared k=1   full       shared      cpu/op=14672.9 ns  busy pre/post 14.0/0.0%
r2-k1-specialize-shared k=1   specialize shared      cpu/op=7742.4 ns  busy pre/post 0.0/49.0%
r2-k1-split-shared k=1   split      shared      cpu/op=6647.8 ns  busy pre/post 92.2/5.9%
r2-k8-full-shared k=8   full       shared      cpu/op=15648.2 ns  busy pre/post 25.0/18.4%
r2-k8-specialize-shared k=8   specialize shared      cpu/op=8402.2 ns  busy pre/post 22.1/9.3%
r2-k8-split-shared k=8   split      shared      cpu/op=7130.5 ns  busy pre/post 18.4/6.6%
r2-k24-full-shared k=24  full       shared      cpu/op=35257.9 ns  busy pre/post 9.7/2.9%
r2-k24-specialize-shared k=24  specialize shared      cpu/op=21862.6 ns  busy pre/post 3.0/1.0%
r2-k24-split-shared k=24  split      shared      cpu/op=20821.0 ns  busy pre/post 6.1/1.2%
r2-k96-full-shared k=96  full       shared      cpu/op=117884.2 ns  busy pre/post 15.3/6.4%
r2-k96-specialize-shared k=96  specialize shared      cpu/op=82765.0 ns  busy pre/post 6.9/0.8%
r2-k96-split-shared k=96  split      shared      cpu/op=85178.4 ns  busy pre/post 1.2/1.1%

### work = full

| variant [layout] | K | runs | CPU/op ns (median) | min-max | x K=1 | x private | busy % | cycles/op | instr/op | IPC | x-CCX fills/op | GHz(u) |
|---|---:|---:|---:|---|---:|---:|---:|---:|---:|---:|---:|---:|
| shared [c0/m32] {crates} | 1 | 2 | 14860 | 14780-14940 | 1.00 | - | 100 | 4.6e+04 | 1.24e+05 | 2.70 | 0.0 | 3.10 |
| shared [c0/m32] {crates} | 8 | 2 | 17704 | 17522-17886 | 1.19 | - | 29 | 5.48e+04 | 1.24e+05 | 2.26 | 0.0 | 3.10 |
| shared [c0/m32] {crates} | 24 | 2 | 62130 | 61388-62872 | 4.18 | - | 28 | 1.92e+05 | 1.24e+05 | 0.64 | 24.4 | 3.10 |
| shared [c0/m32] {crates} | 96 | 2 | 228846 | 223660-234033 | 15.40 | - | 26 | 7.09e+05 | 1.24e+05 | 0.17 | 25.0 | 3.10 |
| shared [c48/m32] {crates} | 1 | 2 | 14605 | 14522-14689 | 1.00 | - | 6 | 4.52e+04 | 1.24e+05 | 2.75 | 0.0 | 3.10 |
| shared [c48/m32] {crates} | 8 | 2 | 14864 | 14654-15074 | 1.02 | - | 31 | 4.6e+04 | 1.24e+05 | 2.69 | 0.0 | 3.10 |
| shared [c48/m32] {crates} | 24 | 2 | 24441 | 24330-24552 | 1.67 | - | 25 | 7.57e+04 | 1.24e+05 | 1.63 | 13.2 | 3.10 |
| shared [c48/m32] {crates} | 96 | 2 | 84072 | 82108-86036 | 5.76 | - | 27 | 2.6e+05 | 1.24e+05 | 0.47 | 15.4 | 3.10 |
| shared [c48/m0] {crates} | 1 | 2 | 14656 | 14640-14673 | 1.00 | - | 20 | 4.54e+04 | 1.24e+05 | 2.74 | 0.0 | 3.10 |
| shared [c48/m0] {crates} | 8 | 2 | 15631 | 15614-15648 | 1.07 | - | 28 | 4.84e+04 | 1.24e+05 | 2.56 | 0.0 | 3.10 |
| shared [c48/m0] {crates} | 24 | 2 | 34759 | 34260-35258 | 2.37 | - | 23 | 1.08e+05 | 1.24e+05 | 1.15 | 18.4 | 3.10 |
| shared [c48/m0] {crates} | 96 | 2 | 112520 | 107156-117884 | 7.68 | - | 24 | 3.48e+05 | 1.24e+05 | 0.35 | 19.8 | 3.10 |

### work = specialize

| variant [layout] | K | runs | CPU/op ns (median) | min-max | x K=1 | x private | busy % | cycles/op | instr/op | IPC | x-CCX fills/op | GHz(u) |
|---|---:|---:|---:|---|---:|---:|---:|---:|---:|---:|---:|---:|
| shared [c0/m32] {crates} | 1 | 2 | 8011 | 7942-8079 | 1.00 | - | 48 | 2.48e+04 | 5.55e+04 | 2.24 | 0.0 | 3.10 |
| shared [c0/m32] {crates} | 8 | 2 | 7841 | 7832-7850 | 0.98 | - | 26 | 2.43e+04 | 5.54e+04 | 2.28 | 0.0 | 3.10 |
| shared [c0/m32] {crates} | 24 | 2 | 10740 | 10732-10748 | 1.34 | - | 29 | 3.33e+04 | 5.54e+04 | 1.67 | 6.1 | 3.10 |
| shared [c0/m32] {crates} | 96 | 2 | 32012 | 31714-32309 | 4.00 | - | 18 | 9.91e+04 | 5.54e+04 | 0.56 | 5.8 | 3.10 |
| shared [c48/m32] {crates} | 1 | 2 | 7889 | 7820-7958 | 1.00 | - | 86 | 2.44e+04 | 5.55e+04 | 2.27 | 0.0 | 3.10 |
| shared [c48/m32] {crates} | 8 | 2 | 7737 | 7687-7787 | 0.98 | - | 17 | 2.4e+04 | 5.54e+04 | 2.31 | 0.0 | 3.10 |
| shared [c48/m32] {crates} | 24 | 2 | 8817 | 8774-8860 | 1.12 | - | 22 | 2.73e+04 | 5.54e+04 | 2.03 | 4.6 | 3.10 |
| shared [c48/m32] {crates} | 96 | 2 | 21154 | 21001-21307 | 2.68 | - | 22 | 6.55e+04 | 5.54e+04 | 0.85 | 4.3 | 3.10 |
| shared [c48/m0] {crates} | 1 | 2 | 7966 | 7742-8190 | 1.00 | - | 75 | 2.47e+04 | 5.55e+04 | 2.25 | 0.0 | 3.10 |
| shared [c48/m0] {crates} | 8 | 2 | 8404 | 8402-8406 | 1.05 | - | 23 | 2.6e+04 | 5.54e+04 | 2.13 | 0.0 | 3.10 |
| shared [c48/m0] {crates} | 24 | 2 | 21791 | 21719-21863 | 2.74 | - | 23 | 6.75e+04 | 5.54e+04 | 0.82 | 7.8 | 3.10 |
| shared [c48/m0] {crates} | 96 | 2 | 77882 | 72998-82765 | 9.78 | - | 22 | 2.41e+05 | 5.54e+04 | 0.23 | 8.1 | 3.10 |
| private-ctx [c0/m32] {crates} | 1 | 2 | 8025 | 7915-8136 | 1.00 | - | 81 | 2.51e+04 | 5.58e+04 | 2.22 | 0.0 | 3.13 |
| private-ctx [c0/m32] {crates} | 96 | 2 | 21136 | 20827-21445 | 2.63 | - | 26 | 6.57e+04 | 5.56e+04 | 0.85 | 2.3 | 3.11 |
| private-ctx [c48/m32] {crates} | 1 | 2 | 7957 | 7872-8043 | 1.00 | - | 100 | 2.48e+04 | 5.58e+04 | 2.25 | 0.0 | 3.12 |
| private-ctx [c48/m32] {crates} | 96 | 2 | 20848 | 20284-21413 | 2.62 | - | 25 | 6.48e+04 | 5.56e+04 | 0.86 | 2.3 | 3.11 |
| private-ctx [c48/m0] {crates} | 1 | 1 | 7964 | 7964-7964 | 1.00 | - | 38 | 2.49e+04 | 5.58e+04 | 2.24 | 0.0 | 3.12 |
| private-ctx [c48/m0] {crates} | 96 | 1 | 70049 | 70049-70049 | 8.80 | - | 28 | 2.17e+05 | 5.56e+04 | 0.26 | 5.6 | 3.10 |

### work = split

| variant [layout] | K | runs | CPU/op ns (median) | min-max | x K=1 | x private | busy % | cycles/op | instr/op | IPC | x-CCX fills/op | GHz(u) |
|---|---:|---:|---:|---|---:|---:|---:|---:|---:|---:|---:|---:|
| shared [c0/m32] {crates} | 1 | 2 | 6900 | 6676-7123 | 1.00 | - | 100 | 2.14e+04 | 6.98e+04 | 3.27 | 0.0 | 3.10 |
| shared [c0/m32] {crates} | 8 | 2 | 12071 | 11984-12159 | 1.75 | - | 25 | 3.74e+04 | 6.93e+04 | 1.85 | 0.0 | 3.10 |
| shared [c0/m32] {crates} | 24 | 2 | 52405 | 51848-52962 | 7.60 | - | 22 | 1.62e+05 | 6.94e+04 | 0.43 | 17.6 | 3.10 |
| shared [c0/m32] {crates} | 96 | 2 | 186927 | 182605-191249 | 27.09 | - | 21 | 5.79e+05 | 6.93e+04 | 0.12 | 16.5 | 3.10 |
| shared [c48/m32] {crates} | 1 | 2 | 6760 | 6683-6838 | 1.00 | - | 81 | 2.09e+04 | 6.98e+04 | 3.34 | 0.0 | 3.10 |
| shared [c48/m32] {crates} | 8 | 2 | 7106 | 7073-7139 | 1.05 | - | 39 | 2.2e+04 | 6.93e+04 | 3.15 | 0.0 | 3.10 |
| shared [c48/m32] {crates} | 24 | 2 | 20366 | 20082-20650 | 3.01 | - | 26 | 6.31e+04 | 6.94e+04 | 1.10 | 8.1 | 3.10 |
| shared [c48/m32] {crates} | 96 | 2 | 72618 | 72551-72685 | 10.74 | - | 24 | 2.25e+05 | 6.93e+04 | 0.31 | 8.5 | 3.09 |
| shared [c48/m0] {crates} | 1 | 2 | 6650 | 6648-6653 | 1.00 | - | 92 | 2.06e+04 | 6.94e+04 | 3.37 | 0.0 | 3.10 |
| shared [c48/m0] {crates} | 8 | 2 | 7127 | 7123-7130 | 1.07 | - | 18 | 2.21e+04 | 6.95e+04 | 3.15 | 0.0 | 3.10 |
| shared [c48/m0] {crates} | 24 | 2 | 20700 | 20579-20821 | 3.11 | - | 22 | 6.41e+04 | 6.94e+04 | 1.08 | 8.1 | 3.10 |
| shared [c48/m0] {crates} | 96 | 2 | 78700 | 72221-85178 | 11.83 | - | 26 | 2.44e+05 | 6.94e+04 | 0.28 | 8.3 | 3.10 |

checksum identity across variants, layouts and repeats: all equal per (work, K)
r2-k1-specialize-private-ctx k=1   specialize private-ctx cpu/op=7753.6 ns  busy pre/post 7.8/11.8%
r2-k96-specialize-private-ctx k=96  specialize private-ctx cpu/op=71587.5 ns  busy pre/post 20.5/20.5%

### work = full

| variant [layout] | K | runs | CPU/op ns (median) | min-max | x K=1 | x private | busy % | cycles/op | instr/op | IPC | x-CCX fills/op | GHz(u) |
|---|---:|---:|---:|---|---:|---:|---:|---:|---:|---:|---:|---:|
| shared [c0/m32] {crates} | 1 | 2 | 14860 | 14780-14940 | 1.00 | - | 100 | 4.6e+04 | 1.24e+05 | 2.70 | 0.0 | 3.10 |
| shared [c0/m32] {crates} | 8 | 2 | 17704 | 17522-17886 | 1.19 | - | 29 | 5.48e+04 | 1.24e+05 | 2.26 | 0.0 | 3.10 |
| shared [c0/m32] {crates} | 24 | 2 | 62130 | 61388-62872 | 4.18 | - | 28 | 1.92e+05 | 1.24e+05 | 0.64 | 24.4 | 3.10 |
| shared [c0/m32] {crates} | 96 | 2 | 228846 | 223660-234033 | 15.40 | - | 26 | 7.09e+05 | 1.24e+05 | 0.17 | 25.0 | 3.10 |
| shared [c48/m32] {crates} | 1 | 2 | 14605 | 14522-14689 | 1.00 | - | 6 | 4.52e+04 | 1.24e+05 | 2.75 | 0.0 | 3.10 |
| shared [c48/m32] {crates} | 8 | 2 | 14864 | 14654-15074 | 1.02 | - | 31 | 4.6e+04 | 1.24e+05 | 2.69 | 0.0 | 3.10 |
| shared [c48/m32] {crates} | 24 | 2 | 24441 | 24330-24552 | 1.67 | - | 25 | 7.57e+04 | 1.24e+05 | 1.63 | 13.2 | 3.10 |
| shared [c48/m32] {crates} | 96 | 2 | 84072 | 82108-86036 | 5.76 | - | 27 | 2.6e+05 | 1.24e+05 | 0.47 | 15.4 | 3.10 |
| shared [c48/m0] {crates} | 1 | 2 | 14656 | 14640-14673 | 1.00 | - | 20 | 4.54e+04 | 1.24e+05 | 2.74 | 0.0 | 3.10 |
| shared [c48/m0] {crates} | 8 | 2 | 15631 | 15614-15648 | 1.07 | - | 28 | 4.84e+04 | 1.24e+05 | 2.56 | 0.0 | 3.10 |
| shared [c48/m0] {crates} | 24 | 2 | 34759 | 34260-35258 | 2.37 | - | 23 | 1.08e+05 | 1.24e+05 | 1.15 | 18.4 | 3.10 |
| shared [c48/m0] {crates} | 96 | 2 | 112520 | 107156-117884 | 7.68 | - | 24 | 3.48e+05 | 1.24e+05 | 0.35 | 19.8 | 3.10 |

### work = specialize

| variant [layout] | K | runs | CPU/op ns (median) | min-max | x K=1 | x private | busy % | cycles/op | instr/op | IPC | x-CCX fills/op | GHz(u) |
|---|---:|---:|---:|---|---:|---:|---:|---:|---:|---:|---:|---:|
| shared [c0/m32] {crates} | 1 | 2 | 8011 | 7942-8079 | 1.00 | - | 48 | 2.48e+04 | 5.55e+04 | 2.24 | 0.0 | 3.10 |
| shared [c0/m32] {crates} | 8 | 2 | 7841 | 7832-7850 | 0.98 | - | 26 | 2.43e+04 | 5.54e+04 | 2.28 | 0.0 | 3.10 |
| shared [c0/m32] {crates} | 24 | 2 | 10740 | 10732-10748 | 1.34 | - | 29 | 3.33e+04 | 5.54e+04 | 1.67 | 6.1 | 3.10 |
| shared [c0/m32] {crates} | 96 | 2 | 32012 | 31714-32309 | 4.00 | - | 18 | 9.91e+04 | 5.54e+04 | 0.56 | 5.8 | 3.10 |
| shared [c48/m32] {crates} | 1 | 2 | 7889 | 7820-7958 | 1.00 | - | 86 | 2.44e+04 | 5.55e+04 | 2.27 | 0.0 | 3.10 |
| shared [c48/m32] {crates} | 8 | 2 | 7737 | 7687-7787 | 0.98 | - | 17 | 2.4e+04 | 5.54e+04 | 2.31 | 0.0 | 3.10 |
| shared [c48/m32] {crates} | 24 | 2 | 8817 | 8774-8860 | 1.12 | - | 22 | 2.73e+04 | 5.54e+04 | 2.03 | 4.6 | 3.10 |
| shared [c48/m32] {crates} | 96 | 2 | 21154 | 21001-21307 | 2.68 | - | 22 | 6.55e+04 | 5.54e+04 | 0.85 | 4.3 | 3.10 |
| shared [c48/m0] {crates} | 1 | 2 | 7966 | 7742-8190 | 1.00 | - | 75 | 2.47e+04 | 5.55e+04 | 2.25 | 0.0 | 3.10 |
| shared [c48/m0] {crates} | 8 | 2 | 8404 | 8402-8406 | 1.05 | - | 23 | 2.6e+04 | 5.54e+04 | 2.13 | 0.0 | 3.10 |
| shared [c48/m0] {crates} | 24 | 2 | 21791 | 21719-21863 | 2.74 | - | 23 | 6.75e+04 | 5.54e+04 | 0.82 | 7.8 | 3.10 |
| shared [c48/m0] {crates} | 96 | 2 | 77882 | 72998-82765 | 9.78 | - | 22 | 2.41e+05 | 5.54e+04 | 0.23 | 8.1 | 3.10 |
| private-ctx [c0/m32] {crates} | 1 | 2 | 8025 | 7915-8136 | 1.00 | - | 81 | 2.51e+04 | 5.58e+04 | 2.22 | 0.0 | 3.13 |
| private-ctx [c0/m32] {crates} | 96 | 2 | 21136 | 20827-21445 | 2.63 | - | 26 | 6.57e+04 | 5.56e+04 | 0.85 | 2.3 | 3.11 |
| private-ctx [c48/m32] {crates} | 1 | 2 | 7957 | 7872-8043 | 1.00 | - | 100 | 2.48e+04 | 5.58e+04 | 2.25 | 0.0 | 3.12 |
| private-ctx [c48/m32] {crates} | 96 | 2 | 20848 | 20284-21413 | 2.62 | - | 25 | 6.48e+04 | 5.56e+04 | 0.86 | 2.3 | 3.11 |
| private-ctx [c48/m0] {crates} | 1 | 2 | 7859 | 7754-7964 | 1.00 | - | 38 | 2.45e+04 | 5.58e+04 | 2.27 | 0.0 | 3.12 |
| private-ctx [c48/m0] {crates} | 96 | 2 | 70818 | 70049-71588 | 9.01 | - | 28 | 2.19e+05 | 5.56e+04 | 0.25 | 5.6 | 3.10 |

### work = split

| variant [layout] | K | runs | CPU/op ns (median) | min-max | x K=1 | x private | busy % | cycles/op | instr/op | IPC | x-CCX fills/op | GHz(u) |
|---|---:|---:|---:|---|---:|---:|---:|---:|---:|---:|---:|---:|
| shared [c0/m32] {crates} | 1 | 2 | 6900 | 6676-7123 | 1.00 | - | 100 | 2.14e+04 | 6.98e+04 | 3.27 | 0.0 | 3.10 |
| shared [c0/m32] {crates} | 8 | 2 | 12071 | 11984-12159 | 1.75 | - | 25 | 3.74e+04 | 6.93e+04 | 1.85 | 0.0 | 3.10 |
| shared [c0/m32] {crates} | 24 | 2 | 52405 | 51848-52962 | 7.60 | - | 22 | 1.62e+05 | 6.94e+04 | 0.43 | 17.6 | 3.10 |
| shared [c0/m32] {crates} | 96 | 2 | 186927 | 182605-191249 | 27.09 | - | 21 | 5.79e+05 | 6.93e+04 | 0.12 | 16.5 | 3.10 |
| shared [c48/m32] {crates} | 1 | 2 | 6760 | 6683-6838 | 1.00 | - | 81 | 2.09e+04 | 6.98e+04 | 3.34 | 0.0 | 3.10 |
| shared [c48/m32] {crates} | 8 | 2 | 7106 | 7073-7139 | 1.05 | - | 39 | 2.2e+04 | 6.93e+04 | 3.15 | 0.0 | 3.10 |
| shared [c48/m32] {crates} | 24 | 2 | 20366 | 20082-20650 | 3.01 | - | 26 | 6.31e+04 | 6.94e+04 | 1.10 | 8.1 | 3.10 |
| shared [c48/m32] {crates} | 96 | 2 | 72618 | 72551-72685 | 10.74 | - | 24 | 2.25e+05 | 6.93e+04 | 0.31 | 8.5 | 3.09 |
| shared [c48/m0] {crates} | 1 | 2 | 6650 | 6648-6653 | 1.00 | - | 92 | 2.06e+04 | 6.94e+04 | 3.37 | 0.0 | 3.10 |
| shared [c48/m0] {crates} | 8 | 2 | 7127 | 7123-7130 | 1.07 | - | 18 | 2.21e+04 | 6.95e+04 | 3.15 | 0.0 | 3.10 |
| shared [c48/m0] {crates} | 24 | 2 | 20700 | 20579-20821 | 3.11 | - | 22 | 6.41e+04 | 6.94e+04 | 1.08 | 8.1 | 3.10 |
| shared [c48/m0] {crates} | 96 | 2 | 78700 | 72221-85178 | 11.83 | - | 26 | 2.44e+05 | 6.94e+04 | 0.28 | 8.3 | 3.10 |

checksum identity across variants, layouts and repeats: all equal per (work, K)
r3-k1-full-shared k=1   full       shared      cpu/op=14215.5 ns  busy pre/post 2.0/2.0%
r3-k1-specialize-shared k=1   specialize shared      cpu/op=7913.9 ns  busy pre/post 78.0/45.1%
r3-k1-split-shared k=1   split      shared      cpu/op=6863.6 ns  busy pre/post 30.0/11.5%
r3-k8-full-shared k=8   full       shared      cpu/op=17199.0 ns  busy pre/post 39.8/19.4%
r3-k8-specialize-shared k=8   specialize shared      cpu/op=7810.3 ns  busy pre/post 31.9/19.6%
r3-k8-split-shared k=8   split      shared      cpu/op=12098.5 ns  busy pre/post 35.3/18.7%
r3-k24-full-shared k=24  full       shared      cpu/op=61453.4 ns  busy pre/post 33.6/14.6%
r3-k24-specialize-shared k=24  specialize shared      cpu/op=11388.0 ns  busy pre/post 18.0/22.9%
r3-k24-split-shared k=24  split      shared      cpu/op=50750.2 ns  busy pre/post 28.7/14.9%
r3-k96-full-shared k=96  full       shared      cpu/op=231630.3 ns  busy pre/post 23.7/2.1%
r3-k96-specialize-shared k=96  specialize shared      cpu/op=33927.9 ns  busy pre/post 5.5/9.2%
r3-k96-split-shared k=96  split      shared      cpu/op=198990.5 ns  busy pre/post 12.2/2.6%

### work = full

| variant [layout] | K | runs | CPU/op ns (median) | min-max | x K=1 | x private | busy % | cycles/op | instr/op | IPC | x-CCX fills/op | GHz(u) |
|---|---:|---:|---:|---|---:|---:|---:|---:|---:|---:|---:|---:|
| shared [c0/m32] {crates} | 1 | 3 | 14780 | 14216-14940 | 1.00 | - | 100 | 4.53e+04 | 1.24e+05 | 2.74 | 0.0 | 3.10 |
| shared [c0/m32] {crates} | 8 | 3 | 17522 | 17199-17886 | 1.19 | - | 40 | 5.43e+04 | 1.24e+05 | 2.28 | 0.0 | 3.10 |
| shared [c0/m32] {crates} | 24 | 3 | 61453 | 61388-62872 | 4.16 | - | 34 | 1.92e+05 | 1.24e+05 | 0.64 | 24.4 | 3.10 |
| shared [c0/m32] {crates} | 96 | 3 | 231630 | 223660-234033 | 15.67 | - | 26 | 7.11e+05 | 1.24e+05 | 0.17 | 25.0 | 3.10 |
| shared [c48/m32] {crates} | 1 | 2 | 14605 | 14522-14689 | 1.00 | - | 6 | 4.52e+04 | 1.24e+05 | 2.75 | 0.0 | 3.10 |
| shared [c48/m32] {crates} | 8 | 2 | 14864 | 14654-15074 | 1.02 | - | 31 | 4.6e+04 | 1.24e+05 | 2.69 | 0.0 | 3.10 |
| shared [c48/m32] {crates} | 24 | 2 | 24441 | 24330-24552 | 1.67 | - | 25 | 7.57e+04 | 1.24e+05 | 1.63 | 13.2 | 3.10 |
| shared [c48/m32] {crates} | 96 | 2 | 84072 | 82108-86036 | 5.76 | - | 27 | 2.6e+05 | 1.24e+05 | 0.47 | 15.4 | 3.10 |
| shared [c48/m0] {crates} | 1 | 2 | 14656 | 14640-14673 | 1.00 | - | 20 | 4.54e+04 | 1.24e+05 | 2.74 | 0.0 | 3.10 |
| shared [c48/m0] {crates} | 8 | 2 | 15631 | 15614-15648 | 1.07 | - | 28 | 4.84e+04 | 1.24e+05 | 2.56 | 0.0 | 3.10 |
| shared [c48/m0] {crates} | 24 | 2 | 34759 | 34260-35258 | 2.37 | - | 23 | 1.08e+05 | 1.24e+05 | 1.15 | 18.4 | 3.10 |
| shared [c48/m0] {crates} | 96 | 2 | 112520 | 107156-117884 | 7.68 | - | 24 | 3.48e+05 | 1.24e+05 | 0.35 | 19.8 | 3.10 |

### work = specialize

| variant [layout] | K | runs | CPU/op ns (median) | min-max | x K=1 | x private | busy % | cycles/op | instr/op | IPC | x-CCX fills/op | GHz(u) |
|---|---:|---:|---:|---|---:|---:|---:|---:|---:|---:|---:|---:|
| shared [c0/m32] {crates} | 1 | 3 | 7942 | 7914-8079 | 1.00 | - | 78 | 2.47e+04 | 5.55e+04 | 2.25 | 0.0 | 3.10 |
| shared [c0/m32] {crates} | 8 | 3 | 7832 | 7810-7850 | 0.99 | - | 32 | 2.43e+04 | 5.54e+04 | 2.29 | 0.0 | 3.10 |
| shared [c0/m32] {crates} | 24 | 3 | 10748 | 10732-11388 | 1.35 | - | 29 | 3.39e+04 | 5.54e+04 | 1.63 | 6.1 | 3.10 |
| shared [c0/m32] {crates} | 96 | 3 | 32309 | 31714-33928 | 4.07 | - | 18 | 1.01e+05 | 5.54e+04 | 0.55 | 5.8 | 3.10 |
| shared [c48/m32] {crates} | 1 | 2 | 7889 | 7820-7958 | 1.00 | - | 86 | 2.44e+04 | 5.55e+04 | 2.27 | 0.0 | 3.10 |
| shared [c48/m32] {crates} | 8 | 2 | 7737 | 7687-7787 | 0.98 | - | 17 | 2.4e+04 | 5.54e+04 | 2.31 | 0.0 | 3.10 |
| shared [c48/m32] {crates} | 24 | 2 | 8817 | 8774-8860 | 1.12 | - | 22 | 2.73e+04 | 5.54e+04 | 2.03 | 4.6 | 3.10 |
| shared [c48/m32] {crates} | 96 | 2 | 21154 | 21001-21307 | 2.68 | - | 22 | 6.55e+04 | 5.54e+04 | 0.85 | 4.3 | 3.10 |
| shared [c48/m0] {crates} | 1 | 2 | 7966 | 7742-8190 | 1.00 | - | 75 | 2.47e+04 | 5.55e+04 | 2.25 | 0.0 | 3.10 |
| shared [c48/m0] {crates} | 8 | 2 | 8404 | 8402-8406 | 1.05 | - | 23 | 2.6e+04 | 5.54e+04 | 2.13 | 0.0 | 3.10 |
| shared [c48/m0] {crates} | 24 | 2 | 21791 | 21719-21863 | 2.74 | - | 23 | 6.75e+04 | 5.54e+04 | 0.82 | 7.8 | 3.10 |
| shared [c48/m0] {crates} | 96 | 2 | 77882 | 72998-82765 | 9.78 | - | 22 | 2.41e+05 | 5.54e+04 | 0.23 | 8.1 | 3.10 |
| private-ctx [c0/m32] {crates} | 1 | 2 | 8025 | 7915-8136 | 1.00 | - | 81 | 2.51e+04 | 5.58e+04 | 2.22 | 0.0 | 3.13 |
| private-ctx [c0/m32] {crates} | 96 | 2 | 21136 | 20827-21445 | 2.63 | - | 26 | 6.57e+04 | 5.56e+04 | 0.85 | 2.3 | 3.11 |
| private-ctx [c48/m32] {crates} | 1 | 2 | 7957 | 7872-8043 | 1.00 | - | 100 | 2.48e+04 | 5.58e+04 | 2.25 | 0.0 | 3.12 |
| private-ctx [c48/m32] {crates} | 96 | 2 | 20848 | 20284-21413 | 2.62 | - | 25 | 6.48e+04 | 5.56e+04 | 0.86 | 2.3 | 3.11 |
| private-ctx [c48/m0] {crates} | 1 | 2 | 7859 | 7754-7964 | 1.00 | - | 38 | 2.45e+04 | 5.58e+04 | 2.27 | 0.0 | 3.12 |
| private-ctx [c48/m0] {crates} | 96 | 2 | 70818 | 70049-71588 | 9.01 | - | 28 | 2.19e+05 | 5.56e+04 | 0.25 | 5.6 | 3.10 |

### work = split

| variant [layout] | K | runs | CPU/op ns (median) | min-max | x K=1 | x private | busy % | cycles/op | instr/op | IPC | x-CCX fills/op | GHz(u) |
|---|---:|---:|---:|---|---:|---:|---:|---:|---:|---:|---:|---:|
| shared [c0/m32] {crates} | 1 | 3 | 6864 | 6676-7123 | 1.00 | - | 100 | 2.13e+04 | 7e+04 | 3.28 | 0.0 | 3.10 |
| shared [c0/m32] {crates} | 8 | 3 | 12098 | 11984-12159 | 1.76 | - | 35 | 3.74e+04 | 6.94e+04 | 1.85 | 0.0 | 3.10 |
| shared [c0/m32] {crates} | 24 | 3 | 51848 | 50750-52962 | 7.55 | - | 29 | 1.61e+05 | 6.94e+04 | 0.43 | 17.6 | 3.10 |
| shared [c0/m32] {crates} | 96 | 3 | 191249 | 182605-198990 | 27.86 | - | 21 | 5.91e+05 | 6.93e+04 | 0.12 | 16.5 | 3.10 |
| shared [c48/m32] {crates} | 1 | 2 | 6760 | 6683-6838 | 1.00 | - | 81 | 2.09e+04 | 6.98e+04 | 3.34 | 0.0 | 3.10 |
| shared [c48/m32] {crates} | 8 | 2 | 7106 | 7073-7139 | 1.05 | - | 39 | 2.2e+04 | 6.93e+04 | 3.15 | 0.0 | 3.10 |
| shared [c48/m32] {crates} | 24 | 2 | 20366 | 20082-20650 | 3.01 | - | 26 | 6.31e+04 | 6.94e+04 | 1.10 | 8.1 | 3.10 |
| shared [c48/m32] {crates} | 96 | 2 | 72618 | 72551-72685 | 10.74 | - | 24 | 2.25e+05 | 6.93e+04 | 0.31 | 8.5 | 3.09 |
| shared [c48/m0] {crates} | 1 | 2 | 6650 | 6648-6653 | 1.00 | - | 92 | 2.06e+04 | 6.94e+04 | 3.37 | 0.0 | 3.10 |
| shared [c48/m0] {crates} | 8 | 2 | 7127 | 7123-7130 | 1.07 | - | 18 | 2.21e+04 | 6.95e+04 | 3.15 | 0.0 | 3.10 |
| shared [c48/m0] {crates} | 24 | 2 | 20700 | 20579-20821 | 3.11 | - | 22 | 6.41e+04 | 6.94e+04 | 1.08 | 8.1 | 3.10 |
| shared [c48/m0] {crates} | 96 | 2 | 78700 | 72221-85178 | 11.83 | - | 26 | 2.44e+05 | 6.94e+04 | 0.28 | 8.3 | 3.10 |

checksum identity across variants, layouts and repeats: all equal per (work, K)
r3-k1-specialize-private-ctx k=1   specialize private-ctx cpu/op=8082.3 ns  busy pre/post 25.0/40.0%
r3-k96-specialize-private-ctx k=96  specialize private-ctx cpu/op=22535.4 ns  busy pre/post 16.1/14.7%

### work = full

| variant [layout] | K | runs | CPU/op ns (median) | min-max | x K=1 | x private | busy % | cycles/op | instr/op | IPC | x-CCX fills/op | GHz(u) |
|---|---:|---:|---:|---|---:|---:|---:|---:|---:|---:|---:|---:|
| shared [c0/m32] {crates} | 1 | 3 | 14780 | 14216-14940 | 1.00 | - | 100 | 4.53e+04 | 1.24e+05 | 2.74 | 0.0 | 3.10 |
| shared [c0/m32] {crates} | 8 | 3 | 17522 | 17199-17886 | 1.19 | - | 40 | 5.43e+04 | 1.24e+05 | 2.28 | 0.0 | 3.10 |
| shared [c0/m32] {crates} | 24 | 3 | 61453 | 61388-62872 | 4.16 | - | 34 | 1.92e+05 | 1.24e+05 | 0.64 | 24.4 | 3.10 |
| shared [c0/m32] {crates} | 96 | 3 | 231630 | 223660-234033 | 15.67 | - | 26 | 7.11e+05 | 1.24e+05 | 0.17 | 25.0 | 3.10 |
| shared [c48/m32] {crates} | 1 | 2 | 14605 | 14522-14689 | 1.00 | - | 6 | 4.52e+04 | 1.24e+05 | 2.75 | 0.0 | 3.10 |
| shared [c48/m32] {crates} | 8 | 2 | 14864 | 14654-15074 | 1.02 | - | 31 | 4.6e+04 | 1.24e+05 | 2.69 | 0.0 | 3.10 |
| shared [c48/m32] {crates} | 24 | 2 | 24441 | 24330-24552 | 1.67 | - | 25 | 7.57e+04 | 1.24e+05 | 1.63 | 13.2 | 3.10 |
| shared [c48/m32] {crates} | 96 | 2 | 84072 | 82108-86036 | 5.76 | - | 27 | 2.6e+05 | 1.24e+05 | 0.47 | 15.4 | 3.10 |
| shared [c48/m0] {crates} | 1 | 2 | 14656 | 14640-14673 | 1.00 | - | 20 | 4.54e+04 | 1.24e+05 | 2.74 | 0.0 | 3.10 |
| shared [c48/m0] {crates} | 8 | 2 | 15631 | 15614-15648 | 1.07 | - | 28 | 4.84e+04 | 1.24e+05 | 2.56 | 0.0 | 3.10 |
| shared [c48/m0] {crates} | 24 | 2 | 34759 | 34260-35258 | 2.37 | - | 23 | 1.08e+05 | 1.24e+05 | 1.15 | 18.4 | 3.10 |
| shared [c48/m0] {crates} | 96 | 2 | 112520 | 107156-117884 | 7.68 | - | 24 | 3.48e+05 | 1.24e+05 | 0.35 | 19.8 | 3.10 |

### work = specialize

| variant [layout] | K | runs | CPU/op ns (median) | min-max | x K=1 | x private | busy % | cycles/op | instr/op | IPC | x-CCX fills/op | GHz(u) |
|---|---:|---:|---:|---|---:|---:|---:|---:|---:|---:|---:|---:|
| shared [c0/m32] {crates} | 1 | 3 | 7942 | 7914-8079 | 1.00 | - | 78 | 2.47e+04 | 5.55e+04 | 2.25 | 0.0 | 3.10 |
| shared [c0/m32] {crates} | 8 | 3 | 7832 | 7810-7850 | 0.99 | - | 32 | 2.43e+04 | 5.54e+04 | 2.29 | 0.0 | 3.10 |
| shared [c0/m32] {crates} | 24 | 3 | 10748 | 10732-11388 | 1.35 | - | 29 | 3.39e+04 | 5.54e+04 | 1.63 | 6.1 | 3.10 |
| shared [c0/m32] {crates} | 96 | 3 | 32309 | 31714-33928 | 4.07 | - | 18 | 1.01e+05 | 5.54e+04 | 0.55 | 5.8 | 3.10 |
| shared [c48/m32] {crates} | 1 | 2 | 7889 | 7820-7958 | 1.00 | - | 86 | 2.44e+04 | 5.55e+04 | 2.27 | 0.0 | 3.10 |
| shared [c48/m32] {crates} | 8 | 2 | 7737 | 7687-7787 | 0.98 | - | 17 | 2.4e+04 | 5.54e+04 | 2.31 | 0.0 | 3.10 |
| shared [c48/m32] {crates} | 24 | 2 | 8817 | 8774-8860 | 1.12 | - | 22 | 2.73e+04 | 5.54e+04 | 2.03 | 4.6 | 3.10 |
| shared [c48/m32] {crates} | 96 | 2 | 21154 | 21001-21307 | 2.68 | - | 22 | 6.55e+04 | 5.54e+04 | 0.85 | 4.3 | 3.10 |
| shared [c48/m0] {crates} | 1 | 2 | 7966 | 7742-8190 | 1.00 | - | 75 | 2.47e+04 | 5.55e+04 | 2.25 | 0.0 | 3.10 |
| shared [c48/m0] {crates} | 8 | 2 | 8404 | 8402-8406 | 1.05 | - | 23 | 2.6e+04 | 5.54e+04 | 2.13 | 0.0 | 3.10 |
| shared [c48/m0] {crates} | 24 | 2 | 21791 | 21719-21863 | 2.74 | - | 23 | 6.75e+04 | 5.54e+04 | 0.82 | 7.8 | 3.10 |
| shared [c48/m0] {crates} | 96 | 2 | 77882 | 72998-82765 | 9.78 | - | 22 | 2.41e+05 | 5.54e+04 | 0.23 | 8.1 | 3.10 |
| private-ctx [c0/m32] {crates} | 1 | 3 | 8082 | 7915-8136 | 1.00 | - | 81 | 2.51e+04 | 5.58e+04 | 2.22 | 0.0 | 3.13 |
| private-ctx [c0/m32] {crates} | 96 | 3 | 21445 | 20827-22535 | 2.65 | - | 26 | 6.71e+04 | 5.56e+04 | 0.83 | 2.3 | 3.11 |
| private-ctx [c48/m32] {crates} | 1 | 2 | 7957 | 7872-8043 | 1.00 | - | 100 | 2.48e+04 | 5.58e+04 | 2.25 | 0.0 | 3.12 |
| private-ctx [c48/m32] {crates} | 96 | 2 | 20848 | 20284-21413 | 2.62 | - | 25 | 6.48e+04 | 5.56e+04 | 0.86 | 2.3 | 3.11 |
| private-ctx [c48/m0] {crates} | 1 | 2 | 7859 | 7754-7964 | 1.00 | - | 38 | 2.45e+04 | 5.58e+04 | 2.27 | 0.0 | 3.12 |
| private-ctx [c48/m0] {crates} | 96 | 2 | 70818 | 70049-71588 | 9.01 | - | 28 | 2.19e+05 | 5.56e+04 | 0.25 | 5.6 | 3.10 |

### work = split

| variant [layout] | K | runs | CPU/op ns (median) | min-max | x K=1 | x private | busy % | cycles/op | instr/op | IPC | x-CCX fills/op | GHz(u) |
|---|---:|---:|---:|---|---:|---:|---:|---:|---:|---:|---:|---:|
| shared [c0/m32] {crates} | 1 | 3 | 6864 | 6676-7123 | 1.00 | - | 100 | 2.13e+04 | 7e+04 | 3.28 | 0.0 | 3.10 |
| shared [c0/m32] {crates} | 8 | 3 | 12098 | 11984-12159 | 1.76 | - | 35 | 3.74e+04 | 6.94e+04 | 1.85 | 0.0 | 3.10 |
| shared [c0/m32] {crates} | 24 | 3 | 51848 | 50750-52962 | 7.55 | - | 29 | 1.61e+05 | 6.94e+04 | 0.43 | 17.6 | 3.10 |
| shared [c0/m32] {crates} | 96 | 3 | 191249 | 182605-198990 | 27.86 | - | 21 | 5.91e+05 | 6.93e+04 | 0.12 | 16.5 | 3.10 |
| shared [c48/m32] {crates} | 1 | 2 | 6760 | 6683-6838 | 1.00 | - | 81 | 2.09e+04 | 6.98e+04 | 3.34 | 0.0 | 3.10 |
| shared [c48/m32] {crates} | 8 | 2 | 7106 | 7073-7139 | 1.05 | - | 39 | 2.2e+04 | 6.93e+04 | 3.15 | 0.0 | 3.10 |
| shared [c48/m32] {crates} | 24 | 2 | 20366 | 20082-20650 | 3.01 | - | 26 | 6.31e+04 | 6.94e+04 | 1.10 | 8.1 | 3.10 |
| shared [c48/m32] {crates} | 96 | 2 | 72618 | 72551-72685 | 10.74 | - | 24 | 2.25e+05 | 6.93e+04 | 0.31 | 8.5 | 3.09 |
| shared [c48/m0] {crates} | 1 | 2 | 6650 | 6648-6653 | 1.00 | - | 92 | 2.06e+04 | 6.94e+04 | 3.37 | 0.0 | 3.10 |
| shared [c48/m0] {crates} | 8 | 2 | 7127 | 7123-7130 | 1.07 | - | 18 | 2.21e+04 | 6.95e+04 | 3.15 | 0.0 | 3.10 |
| shared [c48/m0] {crates} | 24 | 2 | 20700 | 20579-20821 | 3.11 | - | 22 | 6.41e+04 | 6.94e+04 | 1.08 | 8.1 | 3.10 |
| shared [c48/m0] {crates} | 96 | 2 | 78700 | 72221-85178 | 11.83 | - | 26 | 2.44e+05 | 6.94e+04 | 0.28 | 8.3 | 3.10 |

checksum identity across variants, layouts and repeats: all equal per (work, K)
r3-k1-full-shared k=1   full       shared      cpu/op=14538.5 ns  busy pre/post 100.0/25.5%
r3-k1-specialize-shared k=1   specialize shared      cpu/op=7906.4 ns  busy pre/post 7.8/51.0%
r3-k1-split-shared k=1   split      shared      cpu/op=6527.3 ns  busy pre/post 0.0/9.8%
r3-k8-full-shared k=8   full       shared      cpu/op=14685.3 ns  busy pre/post 27.0/8.8%
r3-k8-specialize-shared k=8   specialize shared      cpu/op=7862.1 ns  busy pre/post 20.2/12.0%
r3-k8-split-shared k=8   split      shared      cpu/op=7084.7 ns  busy pre/post 13.3/9.8%
r3-k24-full-shared k=24  full       shared      cpu/op=24214.0 ns  busy pre/post 20.6/12.9%
r3-k24-specialize-shared k=24  specialize shared      cpu/op=8977.3 ns  busy pre/post 18.0/17.7%
r3-k24-split-shared k=24  split      shared      cpu/op=21527.0 ns  busy pre/post 19.7/16.0%
r3-k96-full-shared k=96  full       shared      cpu/op=87007.8 ns  busy pre/post 22.0/12.9%
r3-k96-specialize-shared k=96  specialize shared      cpu/op=22418.2 ns  busy pre/post 11.7/14.3%
r3-k96-split-shared k=96  split      shared      cpu/op=79233.6 ns  busy pre/post 17.5/16.0%

### work = full

| variant [layout] | K | runs | CPU/op ns (median) | min-max | x K=1 | x private | busy % | cycles/op | instr/op | IPC | x-CCX fills/op | GHz(u) |
|---|---:|---:|---:|---|---:|---:|---:|---:|---:|---:|---:|---:|
| shared [c0/m32] {crates} | 1 | 3 | 14780 | 14216-14940 | 1.00 | - | 100 | 4.53e+04 | 1.24e+05 | 2.74 | 0.0 | 3.10 |
| shared [c0/m32] {crates} | 8 | 3 | 17522 | 17199-17886 | 1.19 | - | 40 | 5.43e+04 | 1.24e+05 | 2.28 | 0.0 | 3.10 |
| shared [c0/m32] {crates} | 24 | 3 | 61453 | 61388-62872 | 4.16 | - | 34 | 1.92e+05 | 1.24e+05 | 0.64 | 24.4 | 3.10 |
| shared [c0/m32] {crates} | 96 | 3 | 231630 | 223660-234033 | 15.67 | - | 26 | 7.11e+05 | 1.24e+05 | 0.17 | 25.0 | 3.10 |
| shared [c48/m32] {crates} | 1 | 3 | 14538 | 14522-14689 | 1.00 | - | 100 | 4.51e+04 | 1.24e+05 | 2.75 | 0.0 | 3.10 |
| shared [c48/m32] {crates} | 8 | 3 | 14685 | 14654-15074 | 1.01 | - | 31 | 4.59e+04 | 1.24e+05 | 2.70 | 0.0 | 3.10 |
| shared [c48/m32] {crates} | 24 | 3 | 24330 | 24214-24552 | 1.67 | - | 25 | 7.55e+04 | 1.24e+05 | 1.64 | 13.2 | 3.10 |
| shared [c48/m32] {crates} | 96 | 3 | 86036 | 82108-87008 | 5.92 | - | 27 | 2.63e+05 | 1.24e+05 | 0.47 | 15.4 | 3.10 |
| shared [c48/m0] {crates} | 1 | 2 | 14656 | 14640-14673 | 1.00 | - | 20 | 4.54e+04 | 1.24e+05 | 2.74 | 0.0 | 3.10 |
| shared [c48/m0] {crates} | 8 | 2 | 15631 | 15614-15648 | 1.07 | - | 28 | 4.84e+04 | 1.24e+05 | 2.56 | 0.0 | 3.10 |
| shared [c48/m0] {crates} | 24 | 2 | 34759 | 34260-35258 | 2.37 | - | 23 | 1.08e+05 | 1.24e+05 | 1.15 | 18.4 | 3.10 |
| shared [c48/m0] {crates} | 96 | 2 | 112520 | 107156-117884 | 7.68 | - | 24 | 3.48e+05 | 1.24e+05 | 0.35 | 19.8 | 3.10 |

### work = specialize

| variant [layout] | K | runs | CPU/op ns (median) | min-max | x K=1 | x private | busy % | cycles/op | instr/op | IPC | x-CCX fills/op | GHz(u) |
|---|---:|---:|---:|---|---:|---:|---:|---:|---:|---:|---:|---:|
| shared [c0/m32] {crates} | 1 | 3 | 7942 | 7914-8079 | 1.00 | - | 78 | 2.47e+04 | 5.55e+04 | 2.25 | 0.0 | 3.10 |
| shared [c0/m32] {crates} | 8 | 3 | 7832 | 7810-7850 | 0.99 | - | 32 | 2.43e+04 | 5.54e+04 | 2.29 | 0.0 | 3.10 |
| shared [c0/m32] {crates} | 24 | 3 | 10748 | 10732-11388 | 1.35 | - | 29 | 3.39e+04 | 5.54e+04 | 1.63 | 6.1 | 3.10 |
| shared [c0/m32] {crates} | 96 | 3 | 32309 | 31714-33928 | 4.07 | - | 18 | 1.01e+05 | 5.54e+04 | 0.55 | 5.8 | 3.10 |
| shared [c48/m32] {crates} | 1 | 3 | 7906 | 7820-7958 | 1.00 | - | 86 | 2.44e+04 | 5.55e+04 | 2.27 | 0.0 | 3.10 |
| shared [c48/m32] {crates} | 8 | 3 | 7787 | 7687-7862 | 0.98 | - | 20 | 2.41e+04 | 5.54e+04 | 2.30 | 0.0 | 3.10 |
| shared [c48/m32] {crates} | 24 | 3 | 8860 | 8774-8977 | 1.12 | - | 22 | 2.75e+04 | 5.54e+04 | 2.02 | 4.6 | 3.10 |
| shared [c48/m32] {crates} | 96 | 3 | 21307 | 21001-22418 | 2.69 | - | 22 | 6.68e+04 | 5.54e+04 | 0.83 | 4.3 | 3.10 |
| shared [c48/m0] {crates} | 1 | 2 | 7966 | 7742-8190 | 1.00 | - | 75 | 2.47e+04 | 5.55e+04 | 2.25 | 0.0 | 3.10 |
| shared [c48/m0] {crates} | 8 | 2 | 8404 | 8402-8406 | 1.05 | - | 23 | 2.6e+04 | 5.54e+04 | 2.13 | 0.0 | 3.10 |
| shared [c48/m0] {crates} | 24 | 2 | 21791 | 21719-21863 | 2.74 | - | 23 | 6.75e+04 | 5.54e+04 | 0.82 | 7.8 | 3.10 |
| shared [c48/m0] {crates} | 96 | 2 | 77882 | 72998-82765 | 9.78 | - | 22 | 2.41e+05 | 5.54e+04 | 0.23 | 8.1 | 3.10 |
| private-ctx [c0/m32] {crates} | 1 | 3 | 8082 | 7915-8136 | 1.00 | - | 81 | 2.51e+04 | 5.58e+04 | 2.22 | 0.0 | 3.13 |
| private-ctx [c0/m32] {crates} | 96 | 3 | 21445 | 20827-22535 | 2.65 | - | 26 | 6.71e+04 | 5.56e+04 | 0.83 | 2.3 | 3.11 |
| private-ctx [c48/m32] {crates} | 1 | 2 | 7957 | 7872-8043 | 1.00 | - | 100 | 2.48e+04 | 5.58e+04 | 2.25 | 0.0 | 3.12 |
| private-ctx [c48/m32] {crates} | 96 | 2 | 20848 | 20284-21413 | 2.62 | - | 25 | 6.48e+04 | 5.56e+04 | 0.86 | 2.3 | 3.11 |
| private-ctx [c48/m0] {crates} | 1 | 2 | 7859 | 7754-7964 | 1.00 | - | 38 | 2.45e+04 | 5.58e+04 | 2.27 | 0.0 | 3.12 |
| private-ctx [c48/m0] {crates} | 96 | 2 | 70818 | 70049-71588 | 9.01 | - | 28 | 2.19e+05 | 5.56e+04 | 0.25 | 5.6 | 3.10 |

### work = split

| variant [layout] | K | runs | CPU/op ns (median) | min-max | x K=1 | x private | busy % | cycles/op | instr/op | IPC | x-CCX fills/op | GHz(u) |
|---|---:|---:|---:|---|---:|---:|---:|---:|---:|---:|---:|---:|
| shared [c0/m32] {crates} | 1 | 3 | 6864 | 6676-7123 | 1.00 | - | 100 | 2.13e+04 | 7e+04 | 3.28 | 0.0 | 3.10 |
| shared [c0/m32] {crates} | 8 | 3 | 12098 | 11984-12159 | 1.76 | - | 35 | 3.74e+04 | 6.94e+04 | 1.85 | 0.0 | 3.10 |
| shared [c0/m32] {crates} | 24 | 3 | 51848 | 50750-52962 | 7.55 | - | 29 | 1.61e+05 | 6.94e+04 | 0.43 | 17.6 | 3.10 |
| shared [c0/m32] {crates} | 96 | 3 | 191249 | 182605-198990 | 27.86 | - | 21 | 5.91e+05 | 6.93e+04 | 0.12 | 16.5 | 3.10 |
| shared [c48/m32] {crates} | 1 | 3 | 6683 | 6527-6838 | 1.00 | - | 81 | 2.07e+04 | 6.97e+04 | 3.37 | 0.0 | 3.10 |
| shared [c48/m32] {crates} | 8 | 3 | 7085 | 7073-7139 | 1.06 | - | 39 | 2.2e+04 | 6.94e+04 | 3.15 | 0.0 | 3.10 |
| shared [c48/m32] {crates} | 24 | 3 | 20650 | 20082-21527 | 3.09 | - | 26 | 6.43e+04 | 6.94e+04 | 1.08 | 8.1 | 3.10 |
| shared [c48/m32] {crates} | 96 | 3 | 72685 | 72551-79234 | 10.88 | - | 24 | 2.32e+05 | 6.93e+04 | 0.30 | 8.4 | 3.09 |
| shared [c48/m0] {crates} | 1 | 2 | 6650 | 6648-6653 | 1.00 | - | 92 | 2.06e+04 | 6.94e+04 | 3.37 | 0.0 | 3.10 |
| shared [c48/m0] {crates} | 8 | 2 | 7127 | 7123-7130 | 1.07 | - | 18 | 2.21e+04 | 6.95e+04 | 3.15 | 0.0 | 3.10 |
| shared [c48/m0] {crates} | 24 | 2 | 20700 | 20579-20821 | 3.11 | - | 22 | 6.41e+04 | 6.94e+04 | 1.08 | 8.1 | 3.10 |
| shared [c48/m0] {crates} | 96 | 2 | 78700 | 72221-85178 | 11.83 | - | 26 | 2.44e+05 | 6.94e+04 | 0.28 | 8.3 | 3.10 |

checksum identity across variants, layouts and repeats: all equal per (work, K)
r3-k1-specialize-private-ctx k=1   specialize private-ctx cpu/op=7911.3 ns  busy pre/post 19.2/34.0%
r3-k96-specialize-private-ctx k=96  specialize private-ctx cpu/op=21759.0 ns  busy pre/post 24.4/15.0%

### work = full

| variant [layout] | K | runs | CPU/op ns (median) | min-max | x K=1 | x private | busy % | cycles/op | instr/op | IPC | x-CCX fills/op | GHz(u) |
|---|---:|---:|---:|---|---:|---:|---:|---:|---:|---:|---:|---:|
| shared [c0/m32] {crates} | 1 | 3 | 14780 | 14216-14940 | 1.00 | - | 100 | 4.53e+04 | 1.24e+05 | 2.74 | 0.0 | 3.10 |
| shared [c0/m32] {crates} | 8 | 3 | 17522 | 17199-17886 | 1.19 | - | 40 | 5.43e+04 | 1.24e+05 | 2.28 | 0.0 | 3.10 |
| shared [c0/m32] {crates} | 24 | 3 | 61453 | 61388-62872 | 4.16 | - | 34 | 1.92e+05 | 1.24e+05 | 0.64 | 24.4 | 3.10 |
| shared [c0/m32] {crates} | 96 | 3 | 231630 | 223660-234033 | 15.67 | - | 26 | 7.11e+05 | 1.24e+05 | 0.17 | 25.0 | 3.10 |
| shared [c48/m32] {crates} | 1 | 3 | 14538 | 14522-14689 | 1.00 | - | 100 | 4.51e+04 | 1.24e+05 | 2.75 | 0.0 | 3.10 |
| shared [c48/m32] {crates} | 8 | 3 | 14685 | 14654-15074 | 1.01 | - | 31 | 4.59e+04 | 1.24e+05 | 2.70 | 0.0 | 3.10 |
| shared [c48/m32] {crates} | 24 | 3 | 24330 | 24214-24552 | 1.67 | - | 25 | 7.55e+04 | 1.24e+05 | 1.64 | 13.2 | 3.10 |
| shared [c48/m32] {crates} | 96 | 3 | 86036 | 82108-87008 | 5.92 | - | 27 | 2.63e+05 | 1.24e+05 | 0.47 | 15.4 | 3.10 |
| shared [c48/m0] {crates} | 1 | 2 | 14656 | 14640-14673 | 1.00 | - | 20 | 4.54e+04 | 1.24e+05 | 2.74 | 0.0 | 3.10 |
| shared [c48/m0] {crates} | 8 | 2 | 15631 | 15614-15648 | 1.07 | - | 28 | 4.84e+04 | 1.24e+05 | 2.56 | 0.0 | 3.10 |
| shared [c48/m0] {crates} | 24 | 2 | 34759 | 34260-35258 | 2.37 | - | 23 | 1.08e+05 | 1.24e+05 | 1.15 | 18.4 | 3.10 |
| shared [c48/m0] {crates} | 96 | 2 | 112520 | 107156-117884 | 7.68 | - | 24 | 3.48e+05 | 1.24e+05 | 0.35 | 19.8 | 3.10 |

### work = specialize

| variant [layout] | K | runs | CPU/op ns (median) | min-max | x K=1 | x private | busy % | cycles/op | instr/op | IPC | x-CCX fills/op | GHz(u) |
|---|---:|---:|---:|---|---:|---:|---:|---:|---:|---:|---:|---:|
| shared [c0/m32] {crates} | 1 | 3 | 7942 | 7914-8079 | 1.00 | - | 78 | 2.47e+04 | 5.55e+04 | 2.25 | 0.0 | 3.10 |
| shared [c0/m32] {crates} | 8 | 3 | 7832 | 7810-7850 | 0.99 | - | 32 | 2.43e+04 | 5.54e+04 | 2.29 | 0.0 | 3.10 |
| shared [c0/m32] {crates} | 24 | 3 | 10748 | 10732-11388 | 1.35 | - | 29 | 3.39e+04 | 5.54e+04 | 1.63 | 6.1 | 3.10 |
| shared [c0/m32] {crates} | 96 | 3 | 32309 | 31714-33928 | 4.07 | - | 18 | 1.01e+05 | 5.54e+04 | 0.55 | 5.8 | 3.10 |
| shared [c48/m32] {crates} | 1 | 3 | 7906 | 7820-7958 | 1.00 | - | 86 | 2.44e+04 | 5.55e+04 | 2.27 | 0.0 | 3.10 |
| shared [c48/m32] {crates} | 8 | 3 | 7787 | 7687-7862 | 0.98 | - | 20 | 2.41e+04 | 5.54e+04 | 2.30 | 0.0 | 3.10 |
| shared [c48/m32] {crates} | 24 | 3 | 8860 | 8774-8977 | 1.12 | - | 22 | 2.75e+04 | 5.54e+04 | 2.02 | 4.6 | 3.10 |
| shared [c48/m32] {crates} | 96 | 3 | 21307 | 21001-22418 | 2.69 | - | 22 | 6.68e+04 | 5.54e+04 | 0.83 | 4.3 | 3.10 |
| shared [c48/m0] {crates} | 1 | 2 | 7966 | 7742-8190 | 1.00 | - | 75 | 2.47e+04 | 5.55e+04 | 2.25 | 0.0 | 3.10 |
| shared [c48/m0] {crates} | 8 | 2 | 8404 | 8402-8406 | 1.05 | - | 23 | 2.6e+04 | 5.54e+04 | 2.13 | 0.0 | 3.10 |
| shared [c48/m0] {crates} | 24 | 2 | 21791 | 21719-21863 | 2.74 | - | 23 | 6.75e+04 | 5.54e+04 | 0.82 | 7.8 | 3.10 |
| shared [c48/m0] {crates} | 96 | 2 | 77882 | 72998-82765 | 9.78 | - | 22 | 2.41e+05 | 5.54e+04 | 0.23 | 8.1 | 3.10 |
| private-ctx [c0/m32] {crates} | 1 | 3 | 8082 | 7915-8136 | 1.00 | - | 81 | 2.51e+04 | 5.58e+04 | 2.22 | 0.0 | 3.13 |
| private-ctx [c0/m32] {crates} | 96 | 3 | 21445 | 20827-22535 | 2.65 | - | 26 | 6.71e+04 | 5.56e+04 | 0.83 | 2.3 | 3.11 |
| private-ctx [c48/m32] {crates} | 1 | 3 | 7911 | 7872-8043 | 1.00 | - | 100 | 2.48e+04 | 5.58e+04 | 2.25 | 0.0 | 3.12 |
| private-ctx [c48/m32] {crates} | 96 | 3 | 21413 | 20284-21759 | 2.71 | - | 25 | 6.57e+04 | 5.56e+04 | 0.85 | 2.3 | 3.11 |
| private-ctx [c48/m0] {crates} | 1 | 2 | 7859 | 7754-7964 | 1.00 | - | 38 | 2.45e+04 | 5.58e+04 | 2.27 | 0.0 | 3.12 |
| private-ctx [c48/m0] {crates} | 96 | 2 | 70818 | 70049-71588 | 9.01 | - | 28 | 2.19e+05 | 5.56e+04 | 0.25 | 5.6 | 3.10 |

### work = split

| variant [layout] | K | runs | CPU/op ns (median) | min-max | x K=1 | x private | busy % | cycles/op | instr/op | IPC | x-CCX fills/op | GHz(u) |
|---|---:|---:|---:|---|---:|---:|---:|---:|---:|---:|---:|---:|
| shared [c0/m32] {crates} | 1 | 3 | 6864 | 6676-7123 | 1.00 | - | 100 | 2.13e+04 | 7e+04 | 3.28 | 0.0 | 3.10 |
| shared [c0/m32] {crates} | 8 | 3 | 12098 | 11984-12159 | 1.76 | - | 35 | 3.74e+04 | 6.94e+04 | 1.85 | 0.0 | 3.10 |
| shared [c0/m32] {crates} | 24 | 3 | 51848 | 50750-52962 | 7.55 | - | 29 | 1.61e+05 | 6.94e+04 | 0.43 | 17.6 | 3.10 |
| shared [c0/m32] {crates} | 96 | 3 | 191249 | 182605-198990 | 27.86 | - | 21 | 5.91e+05 | 6.93e+04 | 0.12 | 16.5 | 3.10 |
| shared [c48/m32] {crates} | 1 | 3 | 6683 | 6527-6838 | 1.00 | - | 81 | 2.07e+04 | 6.97e+04 | 3.37 | 0.0 | 3.10 |
| shared [c48/m32] {crates} | 8 | 3 | 7085 | 7073-7139 | 1.06 | - | 39 | 2.2e+04 | 6.94e+04 | 3.15 | 0.0 | 3.10 |
| shared [c48/m32] {crates} | 24 | 3 | 20650 | 20082-21527 | 3.09 | - | 26 | 6.43e+04 | 6.94e+04 | 1.08 | 8.1 | 3.10 |
| shared [c48/m32] {crates} | 96 | 3 | 72685 | 72551-79234 | 10.88 | - | 24 | 2.32e+05 | 6.93e+04 | 0.30 | 8.4 | 3.09 |
| shared [c48/m0] {crates} | 1 | 2 | 6650 | 6648-6653 | 1.00 | - | 92 | 2.06e+04 | 6.94e+04 | 3.37 | 0.0 | 3.10 |
| shared [c48/m0] {crates} | 8 | 2 | 7127 | 7123-7130 | 1.07 | - | 18 | 2.21e+04 | 6.95e+04 | 3.15 | 0.0 | 3.10 |
| shared [c48/m0] {crates} | 24 | 2 | 20700 | 20579-20821 | 3.11 | - | 22 | 6.41e+04 | 6.94e+04 | 1.08 | 8.1 | 3.10 |
| shared [c48/m0] {crates} | 96 | 2 | 78700 | 72221-85178 | 11.83 | - | 26 | 2.44e+05 | 6.94e+04 | 0.28 | 8.3 | 3.10 |

checksum identity across variants, layouts and repeats: all equal per (work, K)
r3-k1-full-shared k=1   full       shared      cpu/op=14626.6 ns  busy pre/post 28.8/9.4%
r3-k1-specialize-shared k=1   specialize shared      cpu/op=7892.3 ns  busy pre/post 17.6/7.7%
r3-k1-split-shared k=1   split      shared      cpu/op=6602.5 ns  busy pre/post 22.0/7.8%
r3-k8-full-shared k=8   full       shared      cpu/op=15862.2 ns  busy pre/post 21.2/17.7%
r3-k8-specialize-shared k=8   specialize shared      cpu/op=8411.2 ns  busy pre/post 25.5/7.6%
r3-k8-split-shared k=8   split      shared      cpu/op=7075.8 ns  busy pre/post 25.7/14.5%
r3-k24-full-shared k=24  full       shared      cpu/op=34382.8 ns  busy pre/post 27.7/12.7%
r3-k24-specialize-shared k=24  specialize shared      cpu/op=22353.1 ns  busy pre/post 17.6/12.3%
r3-k24-split-shared k=24  split      shared      cpu/op=20344.6 ns  busy pre/post 25.4/12.3%
r3-k96-full-shared k=96  full       shared      cpu/op=112103.7 ns  busy pre/post 23.8/14.3%
r3-k96-specialize-shared k=96  specialize shared      cpu/op=75661.0 ns  busy pre/post 15.5/13.3%
r3-k96-split-shared k=96  split      shared      cpu/op=76764.4 ns  busy pre/post 17.1/14.6%

### work = full

| variant [layout] | K | runs | CPU/op ns (median) | min-max | x K=1 | x private | busy % | cycles/op | instr/op | IPC | x-CCX fills/op | GHz(u) |
|---|---:|---:|---:|---|---:|---:|---:|---:|---:|---:|---:|---:|
| shared [c0/m32] {crates} | 1 | 3 | 14780 | 14216-14940 | 1.00 | - | 100 | 4.53e+04 | 1.24e+05 | 2.74 | 0.0 | 3.10 |
| shared [c0/m32] {crates} | 8 | 3 | 17522 | 17199-17886 | 1.19 | - | 40 | 5.43e+04 | 1.24e+05 | 2.28 | 0.0 | 3.10 |
| shared [c0/m32] {crates} | 24 | 3 | 61453 | 61388-62872 | 4.16 | - | 34 | 1.92e+05 | 1.24e+05 | 0.64 | 24.4 | 3.10 |
| shared [c0/m32] {crates} | 96 | 3 | 231630 | 223660-234033 | 15.67 | - | 26 | 7.11e+05 | 1.24e+05 | 0.17 | 25.0 | 3.10 |
| shared [c48/m32] {crates} | 1 | 3 | 14538 | 14522-14689 | 1.00 | - | 100 | 4.51e+04 | 1.24e+05 | 2.75 | 0.0 | 3.10 |
| shared [c48/m32] {crates} | 8 | 3 | 14685 | 14654-15074 | 1.01 | - | 31 | 4.59e+04 | 1.24e+05 | 2.70 | 0.0 | 3.10 |
| shared [c48/m32] {crates} | 24 | 3 | 24330 | 24214-24552 | 1.67 | - | 25 | 7.55e+04 | 1.24e+05 | 1.64 | 13.2 | 3.10 |
| shared [c48/m32] {crates} | 96 | 3 | 86036 | 82108-87008 | 5.92 | - | 27 | 2.63e+05 | 1.24e+05 | 0.47 | 15.4 | 3.10 |
| shared [c48/m0] {crates} | 1 | 3 | 14640 | 14627-14673 | 1.00 | - | 29 | 4.53e+04 | 1.24e+05 | 2.74 | 0.0 | 3.10 |
| shared [c48/m0] {crates} | 8 | 3 | 15648 | 15614-15862 | 1.07 | - | 28 | 4.87e+04 | 1.24e+05 | 2.54 | 0.0 | 3.10 |
| shared [c48/m0] {crates} | 24 | 3 | 34383 | 34260-35258 | 2.35 | - | 28 | 1.07e+05 | 1.24e+05 | 1.15 | 18.5 | 3.10 |
| shared [c48/m0] {crates} | 96 | 3 | 112104 | 107156-117884 | 7.66 | - | 24 | 3.48e+05 | 1.24e+05 | 0.36 | 19.8 | 3.10 |

### work = specialize

| variant [layout] | K | runs | CPU/op ns (median) | min-max | x K=1 | x private | busy % | cycles/op | instr/op | IPC | x-CCX fills/op | GHz(u) |
|---|---:|---:|---:|---|---:|---:|---:|---:|---:|---:|---:|---:|
| shared [c0/m32] {crates} | 1 | 3 | 7942 | 7914-8079 | 1.00 | - | 78 | 2.47e+04 | 5.55e+04 | 2.25 | 0.0 | 3.10 |
| shared [c0/m32] {crates} | 8 | 3 | 7832 | 7810-7850 | 0.99 | - | 32 | 2.43e+04 | 5.54e+04 | 2.29 | 0.0 | 3.10 |
| shared [c0/m32] {crates} | 24 | 3 | 10748 | 10732-11388 | 1.35 | - | 29 | 3.39e+04 | 5.54e+04 | 1.63 | 6.1 | 3.10 |
| shared [c0/m32] {crates} | 96 | 3 | 32309 | 31714-33928 | 4.07 | - | 18 | 1.01e+05 | 5.54e+04 | 0.55 | 5.8 | 3.10 |
| shared [c48/m32] {crates} | 1 | 3 | 7906 | 7820-7958 | 1.00 | - | 86 | 2.44e+04 | 5.55e+04 | 2.27 | 0.0 | 3.10 |
| shared [c48/m32] {crates} | 8 | 3 | 7787 | 7687-7862 | 0.98 | - | 20 | 2.41e+04 | 5.54e+04 | 2.30 | 0.0 | 3.10 |
| shared [c48/m32] {crates} | 24 | 3 | 8860 | 8774-8977 | 1.12 | - | 22 | 2.75e+04 | 5.54e+04 | 2.02 | 4.6 | 3.10 |
| shared [c48/m32] {crates} | 96 | 3 | 21307 | 21001-22418 | 2.69 | - | 22 | 6.68e+04 | 5.54e+04 | 0.83 | 4.3 | 3.10 |
| shared [c48/m0] {crates} | 1 | 3 | 7892 | 7742-8190 | 1.00 | - | 75 | 2.46e+04 | 5.55e+04 | 2.26 | 0.0 | 3.10 |
| shared [c48/m0] {crates} | 8 | 3 | 8406 | 8402-8411 | 1.07 | - | 26 | 2.6e+04 | 5.54e+04 | 2.13 | 0.0 | 3.10 |
| shared [c48/m0] {crates} | 24 | 3 | 21863 | 21719-22353 | 2.77 | - | 23 | 6.81e+04 | 5.54e+04 | 0.81 | 7.9 | 3.10 |
| shared [c48/m0] {crates} | 96 | 3 | 75661 | 72998-82765 | 9.59 | - | 22 | 2.39e+05 | 5.54e+04 | 0.23 | 8.1 | 3.10 |
| private-ctx [c0/m32] {crates} | 1 | 3 | 8082 | 7915-8136 | 1.00 | - | 81 | 2.51e+04 | 5.58e+04 | 2.22 | 0.0 | 3.13 |
| private-ctx [c0/m32] {crates} | 96 | 3 | 21445 | 20827-22535 | 2.65 | - | 26 | 6.71e+04 | 5.56e+04 | 0.83 | 2.3 | 3.11 |
| private-ctx [c48/m32] {crates} | 1 | 3 | 7911 | 7872-8043 | 1.00 | - | 100 | 2.48e+04 | 5.58e+04 | 2.25 | 0.0 | 3.12 |
| private-ctx [c48/m32] {crates} | 96 | 3 | 21413 | 20284-21759 | 2.71 | - | 25 | 6.57e+04 | 5.56e+04 | 0.85 | 2.3 | 3.11 |
| private-ctx [c48/m0] {crates} | 1 | 2 | 7859 | 7754-7964 | 1.00 | - | 38 | 2.45e+04 | 5.58e+04 | 2.27 | 0.0 | 3.12 |
| private-ctx [c48/m0] {crates} | 96 | 2 | 70818 | 70049-71588 | 9.01 | - | 28 | 2.19e+05 | 5.56e+04 | 0.25 | 5.6 | 3.10 |

### work = split

| variant [layout] | K | runs | CPU/op ns (median) | min-max | x K=1 | x private | busy % | cycles/op | instr/op | IPC | x-CCX fills/op | GHz(u) |
|---|---:|---:|---:|---|---:|---:|---:|---:|---:|---:|---:|---:|
| shared [c0/m32] {crates} | 1 | 3 | 6864 | 6676-7123 | 1.00 | - | 100 | 2.13e+04 | 7e+04 | 3.28 | 0.0 | 3.10 |
| shared [c0/m32] {crates} | 8 | 3 | 12098 | 11984-12159 | 1.76 | - | 35 | 3.74e+04 | 6.94e+04 | 1.85 | 0.0 | 3.10 |
| shared [c0/m32] {crates} | 24 | 3 | 51848 | 50750-52962 | 7.55 | - | 29 | 1.61e+05 | 6.94e+04 | 0.43 | 17.6 | 3.10 |
| shared [c0/m32] {crates} | 96 | 3 | 191249 | 182605-198990 | 27.86 | - | 21 | 5.91e+05 | 6.93e+04 | 0.12 | 16.5 | 3.10 |
| shared [c48/m32] {crates} | 1 | 3 | 6683 | 6527-6838 | 1.00 | - | 81 | 2.07e+04 | 6.97e+04 | 3.37 | 0.0 | 3.10 |
| shared [c48/m32] {crates} | 8 | 3 | 7085 | 7073-7139 | 1.06 | - | 39 | 2.2e+04 | 6.94e+04 | 3.15 | 0.0 | 3.10 |
| shared [c48/m32] {crates} | 24 | 3 | 20650 | 20082-21527 | 3.09 | - | 26 | 6.43e+04 | 6.94e+04 | 1.08 | 8.1 | 3.10 |
| shared [c48/m32] {crates} | 96 | 3 | 72685 | 72551-79234 | 10.88 | - | 24 | 2.32e+05 | 6.93e+04 | 0.30 | 8.4 | 3.09 |
| shared [c48/m0] {crates} | 1 | 3 | 6648 | 6602-6653 | 1.00 | - | 92 | 2.05e+04 | 6.97e+04 | 3.39 | 0.0 | 3.10 |
| shared [c48/m0] {crates} | 8 | 3 | 7123 | 7076-7130 | 1.07 | - | 26 | 2.2e+04 | 6.94e+04 | 3.15 | 0.0 | 3.10 |
| shared [c48/m0] {crates} | 24 | 3 | 20579 | 20345-20821 | 3.10 | - | 25 | 6.38e+04 | 6.94e+04 | 1.09 | 8.1 | 3.10 |
| shared [c48/m0] {crates} | 96 | 3 | 76764 | 72221-85178 | 11.55 | - | 26 | 2.42e+05 | 6.94e+04 | 0.29 | 8.3 | 3.10 |

checksum identity across variants, layouts and repeats: all equal per (work, K)
r3-k1-specialize-private-ctx k=1   specialize private-ctx cpu/op=7927.6 ns  busy pre/post 76.5/2.0%
r3-k96-specialize-private-ctx k=96  specialize private-ctx cpu/op=74166.9 ns  busy pre/post 17.0/12.8%

### work = full

| variant [layout] | K | runs | CPU/op ns (median) | min-max | x K=1 | x private | busy % | cycles/op | instr/op | IPC | x-CCX fills/op | GHz(u) |
|---|---:|---:|---:|---|---:|---:|---:|---:|---:|---:|---:|---:|
| shared [c0/m32] {crates} | 1 | 3 | 14780 | 14216-14940 | 1.00 | - | 100 | 4.53e+04 | 1.24e+05 | 2.74 | 0.0 | 3.10 |
| shared [c0/m32] {crates} | 8 | 3 | 17522 | 17199-17886 | 1.19 | - | 40 | 5.43e+04 | 1.24e+05 | 2.28 | 0.0 | 3.10 |
| shared [c0/m32] {crates} | 24 | 3 | 61453 | 61388-62872 | 4.16 | - | 34 | 1.92e+05 | 1.24e+05 | 0.64 | 24.4 | 3.10 |
| shared [c0/m32] {crates} | 96 | 3 | 231630 | 223660-234033 | 15.67 | - | 26 | 7.11e+05 | 1.24e+05 | 0.17 | 25.0 | 3.10 |
| shared [c48/m32] {crates} | 1 | 3 | 14538 | 14522-14689 | 1.00 | - | 100 | 4.51e+04 | 1.24e+05 | 2.75 | 0.0 | 3.10 |
| shared [c48/m32] {crates} | 8 | 3 | 14685 | 14654-15074 | 1.01 | - | 31 | 4.59e+04 | 1.24e+05 | 2.70 | 0.0 | 3.10 |
| shared [c48/m32] {crates} | 24 | 3 | 24330 | 24214-24552 | 1.67 | - | 25 | 7.55e+04 | 1.24e+05 | 1.64 | 13.2 | 3.10 |
| shared [c48/m32] {crates} | 96 | 3 | 86036 | 82108-87008 | 5.92 | - | 27 | 2.63e+05 | 1.24e+05 | 0.47 | 15.4 | 3.10 |
| shared [c48/m0] {crates} | 1 | 3 | 14640 | 14627-14673 | 1.00 | - | 29 | 4.53e+04 | 1.24e+05 | 2.74 | 0.0 | 3.10 |
| shared [c48/m0] {crates} | 8 | 3 | 15648 | 15614-15862 | 1.07 | - | 28 | 4.87e+04 | 1.24e+05 | 2.54 | 0.0 | 3.10 |
| shared [c48/m0] {crates} | 24 | 3 | 34383 | 34260-35258 | 2.35 | - | 28 | 1.07e+05 | 1.24e+05 | 1.15 | 18.5 | 3.10 |
| shared [c48/m0] {crates} | 96 | 3 | 112104 | 107156-117884 | 7.66 | - | 24 | 3.48e+05 | 1.24e+05 | 0.36 | 19.8 | 3.10 |

### work = specialize

| variant [layout] | K | runs | CPU/op ns (median) | min-max | x K=1 | x private | busy % | cycles/op | instr/op | IPC | x-CCX fills/op | GHz(u) |
|---|---:|---:|---:|---|---:|---:|---:|---:|---:|---:|---:|---:|
| shared [c0/m32] {crates} | 1 | 3 | 7942 | 7914-8079 | 1.00 | - | 78 | 2.47e+04 | 5.55e+04 | 2.25 | 0.0 | 3.10 |
| shared [c0/m32] {crates} | 8 | 3 | 7832 | 7810-7850 | 0.99 | - | 32 | 2.43e+04 | 5.54e+04 | 2.29 | 0.0 | 3.10 |
| shared [c0/m32] {crates} | 24 | 3 | 10748 | 10732-11388 | 1.35 | - | 29 | 3.39e+04 | 5.54e+04 | 1.63 | 6.1 | 3.10 |
| shared [c0/m32] {crates} | 96 | 3 | 32309 | 31714-33928 | 4.07 | - | 18 | 1.01e+05 | 5.54e+04 | 0.55 | 5.8 | 3.10 |
| shared [c48/m32] {crates} | 1 | 3 | 7906 | 7820-7958 | 1.00 | - | 86 | 2.44e+04 | 5.55e+04 | 2.27 | 0.0 | 3.10 |
| shared [c48/m32] {crates} | 8 | 3 | 7787 | 7687-7862 | 0.98 | - | 20 | 2.41e+04 | 5.54e+04 | 2.30 | 0.0 | 3.10 |
| shared [c48/m32] {crates} | 24 | 3 | 8860 | 8774-8977 | 1.12 | - | 22 | 2.75e+04 | 5.54e+04 | 2.02 | 4.6 | 3.10 |
| shared [c48/m32] {crates} | 96 | 3 | 21307 | 21001-22418 | 2.69 | - | 22 | 6.68e+04 | 5.54e+04 | 0.83 | 4.3 | 3.10 |
| shared [c48/m0] {crates} | 1 | 3 | 7892 | 7742-8190 | 1.00 | - | 75 | 2.46e+04 | 5.55e+04 | 2.26 | 0.0 | 3.10 |
| shared [c48/m0] {crates} | 8 | 3 | 8406 | 8402-8411 | 1.07 | - | 26 | 2.6e+04 | 5.54e+04 | 2.13 | 0.0 | 3.10 |
| shared [c48/m0] {crates} | 24 | 3 | 21863 | 21719-22353 | 2.77 | - | 23 | 6.81e+04 | 5.54e+04 | 0.81 | 7.9 | 3.10 |
| shared [c48/m0] {crates} | 96 | 3 | 75661 | 72998-82765 | 9.59 | - | 22 | 2.39e+05 | 5.54e+04 | 0.23 | 8.1 | 3.10 |
| private-ctx [c0/m32] {crates} | 1 | 3 | 8082 | 7915-8136 | 1.00 | - | 81 | 2.51e+04 | 5.58e+04 | 2.22 | 0.0 | 3.13 |
| private-ctx [c0/m32] {crates} | 96 | 3 | 21445 | 20827-22535 | 2.65 | - | 26 | 6.71e+04 | 5.56e+04 | 0.83 | 2.3 | 3.11 |
| private-ctx [c48/m32] {crates} | 1 | 3 | 7911 | 7872-8043 | 1.00 | - | 100 | 2.48e+04 | 5.58e+04 | 2.25 | 0.0 | 3.12 |
| private-ctx [c48/m32] {crates} | 96 | 3 | 21413 | 20284-21759 | 2.71 | - | 25 | 6.57e+04 | 5.56e+04 | 0.85 | 2.3 | 3.11 |
| private-ctx [c48/m0] {crates} | 1 | 3 | 7928 | 7754-7964 | 1.00 | - | 76 | 2.46e+04 | 5.58e+04 | 2.27 | 0.0 | 3.12 |
| private-ctx [c48/m0] {crates} | 96 | 3 | 71588 | 70049-74167 | 9.03 | - | 28 | 2.23e+05 | 5.56e+04 | 0.25 | 5.6 | 3.10 |

### work = split

| variant [layout] | K | runs | CPU/op ns (median) | min-max | x K=1 | x private | busy % | cycles/op | instr/op | IPC | x-CCX fills/op | GHz(u) |
|---|---:|---:|---:|---|---:|---:|---:|---:|---:|---:|---:|---:|
| shared [c0/m32] {crates} | 1 | 3 | 6864 | 6676-7123 | 1.00 | - | 100 | 2.13e+04 | 7e+04 | 3.28 | 0.0 | 3.10 |
| shared [c0/m32] {crates} | 8 | 3 | 12098 | 11984-12159 | 1.76 | - | 35 | 3.74e+04 | 6.94e+04 | 1.85 | 0.0 | 3.10 |
| shared [c0/m32] {crates} | 24 | 3 | 51848 | 50750-52962 | 7.55 | - | 29 | 1.61e+05 | 6.94e+04 | 0.43 | 17.6 | 3.10 |
| shared [c0/m32] {crates} | 96 | 3 | 191249 | 182605-198990 | 27.86 | - | 21 | 5.91e+05 | 6.93e+04 | 0.12 | 16.5 | 3.10 |
| shared [c48/m32] {crates} | 1 | 3 | 6683 | 6527-6838 | 1.00 | - | 81 | 2.07e+04 | 6.97e+04 | 3.37 | 0.0 | 3.10 |
| shared [c48/m32] {crates} | 8 | 3 | 7085 | 7073-7139 | 1.06 | - | 39 | 2.2e+04 | 6.94e+04 | 3.15 | 0.0 | 3.10 |
| shared [c48/m32] {crates} | 24 | 3 | 20650 | 20082-21527 | 3.09 | - | 26 | 6.43e+04 | 6.94e+04 | 1.08 | 8.1 | 3.10 |
| shared [c48/m32] {crates} | 96 | 3 | 72685 | 72551-79234 | 10.88 | - | 24 | 2.32e+05 | 6.93e+04 | 0.30 | 8.4 | 3.09 |
| shared [c48/m0] {crates} | 1 | 3 | 6648 | 6602-6653 | 1.00 | - | 92 | 2.05e+04 | 6.97e+04 | 3.39 | 0.0 | 3.10 |
| shared [c48/m0] {crates} | 8 | 3 | 7123 | 7076-7130 | 1.07 | - | 26 | 2.2e+04 | 6.94e+04 | 3.15 | 0.0 | 3.10 |
| shared [c48/m0] {crates} | 24 | 3 | 20579 | 20345-20821 | 3.10 | - | 25 | 6.38e+04 | 6.94e+04 | 1.09 | 8.1 | 3.10 |
| shared [c48/m0] {crates} | 96 | 3 | 76764 | 72221-85178 | 11.55 | - | 26 | 2.42e+05 | 6.94e+04 | 0.29 | 8.3 | 3.10 |

checksum identity across variants, layouts and repeats: all equal per (work, K)
2026-09-28T13:45:29Z layout done
profile written to /common/dev/rustred/tools/research/symbolica_arc_mre/results/socket1-20260928T133455Z-fix/profile (shared-full-k96)
profile written to /common/dev/rustred/tools/research/symbolica_arc_mre/results/socket1-20260928T133455Z-fix/profile (shared-full-k96-c48)
profile written to /common/dev/rustred/tools/research/symbolica_arc_mre/results/socket1-20260928T133455Z-fix/profile (shared-split-k96)
profile written to /common/dev/rustred/tools/research/symbolica_arc_mre/results/socket1-20260928T133455Z-fix/profile (private-split-k96)
profile written to /common/dev/rustred/tools/research/symbolica_arc_mre/results/socket1-20260928T133455Z-fix/profile (private-split-k96-ahashtl)
2026-09-28T13:46:54Z part B done
2026-09-28T13:47:14Z session done
2026-09-28T13:59:43Z part C waiting for socket1.lock
2026-09-28T13:59:43Z part C lock acquired
r1-k1-full-shared k=1   full       shared      cpu/op=14572.5 ns  busy pre/post 100.0/7.5%
r1-k1-specialize-shared k=1   specialize shared      cpu/op=7906.6 ns  busy pre/post 4.0/2.0%
r1-k1-split-shared k=1   split      shared      cpu/op=6804.3 ns  busy pre/post 5.9/43.1%
r1-k24-full-shared k=24  full       shared      cpu/op=62078.1 ns  busy pre/post 32.9/22.6%
r1-k24-specialize-shared k=24  specialize shared      cpu/op=10418.9 ns  busy pre/post 28.1/27.3%
r1-k24-split-shared k=24  split      shared      cpu/op=50740.3 ns  busy pre/post 30.0/18.9%
r1-k96-full-shared k=96  full       shared      cpu/op=213727.3 ns  busy pre/post 29.4/16.9%
r1-k96-specialize-shared k=96  specialize shared      cpu/op=30292.2 ns  busy pre/post 18.8/21.0%
r1-k96-split-shared k=96  split      shared      cpu/op=177110.0 ns  busy pre/post 25.2/11.6%

### work = full

| variant [layout] | K | runs | CPU/op ns (median) | min-max | x K=1 | x private | busy % | cycles/op | instr/op | IPC | x-CCX fills/op | GHz(u) |
|---|---:|---:|---:|---|---:|---:|---:|---:|---:|---:|---:|---:|
| shared [c0/m32] {pristine} | 1 | 1 | 14572 | 14572-14572 | 1.00 | - | 100 | 4.51e+04 | 1.25e+05 | 2.76 | 0.0 | 3.10 |
| shared [c0/m32] {pristine} | 24 | 1 | 62078 | 62078-62078 | 4.26 | - | 33 | 1.92e+05 | 1.24e+05 | 0.64 | 24.5 | 3.10 |
| shared [c0/m32] {pristine} | 96 | 1 | 213727 | 213727-213727 | 14.67 | - | 29 | 6.62e+05 | 1.24e+05 | 0.19 | 25.3 | 3.10 |

### work = specialize

| variant [layout] | K | runs | CPU/op ns (median) | min-max | x K=1 | x private | busy % | cycles/op | instr/op | IPC | x-CCX fills/op | GHz(u) |
|---|---:|---:|---:|---|---:|---:|---:|---:|---:|---:|---:|---:|
| shared [c0/m32] {pristine} | 1 | 1 | 7907 | 7907-7907 | 1.00 | - | 4 | 2.45e+04 | 5.55e+04 | 2.27 | 0.0 | 3.10 |
| shared [c0/m32] {pristine} | 24 | 1 | 10419 | 10419-10419 | 1.32 | - | 28 | 3.23e+04 | 5.54e+04 | 1.72 | 6.2 | 3.10 |
| shared [c0/m32] {pristine} | 96 | 1 | 30292 | 30292-30292 | 3.83 | - | 21 | 9.38e+04 | 5.54e+04 | 0.59 | 6.0 | 3.10 |

### work = split

| variant [layout] | K | runs | CPU/op ns (median) | min-max | x K=1 | x private | busy % | cycles/op | instr/op | IPC | x-CCX fills/op | GHz(u) |
|---|---:|---:|---:|---|---:|---:|---:|---:|---:|---:|---:|---:|
| shared [c0/m32] {pristine} | 1 | 1 | 6804 | 6804-6804 | 1.00 | - | 43 | 2.11e+04 | 6.94e+04 | 3.29 | 0.0 | 3.10 |
| shared [c0/m32] {pristine} | 24 | 1 | 50740 | 50740-50740 | 7.46 | - | 30 | 1.57e+05 | 6.93e+04 | 0.44 | 17.6 | 3.10 |
| shared [c0/m32] {pristine} | 96 | 1 | 177110 | 177110-177110 | 26.03 | - | 25 | 5.48e+05 | 6.93e+04 | 0.13 | 17.5 | 3.10 |

checksum identity across variants, layouts and repeats: all equal per (work, K)
r1-k1-full-shared k=1   full       shared      cpu/op=14692.9 ns  busy pre/post 19.6/0.0%
r1-k1-specialize-shared k=1   specialize shared      cpu/op=8040.7 ns  busy pre/post 0.0/0.0%
r1-k1-split-shared k=1   split      shared      cpu/op=6807.1 ns  busy pre/post 0.0/0.0%
r1-k96-full-shared k=96  full       shared      cpu/op=79855.9 ns  busy pre/post 30.6/24.1%
r1-k96-specialize-shared k=96  specialize shared      cpu/op=20507.6 ns  busy pre/post 25.8/26.3%
r1-k96-split-shared k=96  split      shared      cpu/op=71017.7 ns  busy pre/post 26.5/23.5%

### work = full

| variant [layout] | K | runs | CPU/op ns (median) | min-max | x K=1 | x private | busy % | cycles/op | instr/op | IPC | x-CCX fills/op | GHz(u) |
|---|---:|---:|---:|---|---:|---:|---:|---:|---:|---:|---:|---:|
| shared [c0/m32] {pristine} | 1 | 1 | 14572 | 14572-14572 | 1.00 | - | 100 | 4.51e+04 | 1.25e+05 | 2.76 | 0.0 | 3.10 |
| shared [c0/m32] {pristine} | 24 | 1 | 62078 | 62078-62078 | 4.26 | - | 33 | 1.92e+05 | 1.24e+05 | 0.64 | 24.5 | 3.10 |
| shared [c0/m32] {pristine} | 96 | 1 | 213727 | 213727-213727 | 14.67 | - | 29 | 6.62e+05 | 1.24e+05 | 0.19 | 25.3 | 3.10 |
| shared [c48/m32] {pristine} | 1 | 1 | 14693 | 14693-14693 | 1.00 | - | 20 | 4.55e+04 | 1.24e+05 | 2.72 | 0.0 | 3.10 |
| shared [c48/m32] {pristine} | 96 | 1 | 79856 | 79856-79856 | 5.43 | - | 31 | 2.47e+05 | 1.24e+05 | 0.50 | 15.4 | 3.09 |

### work = specialize

| variant [layout] | K | runs | CPU/op ns (median) | min-max | x K=1 | x private | busy % | cycles/op | instr/op | IPC | x-CCX fills/op | GHz(u) |
|---|---:|---:|---:|---|---:|---:|---:|---:|---:|---:|---:|---:|
| shared [c0/m32] {pristine} | 1 | 1 | 7907 | 7907-7907 | 1.00 | - | 4 | 2.45e+04 | 5.55e+04 | 2.27 | 0.0 | 3.10 |
| shared [c0/m32] {pristine} | 24 | 1 | 10419 | 10419-10419 | 1.32 | - | 28 | 3.23e+04 | 5.54e+04 | 1.72 | 6.2 | 3.10 |
| shared [c0/m32] {pristine} | 96 | 1 | 30292 | 30292-30292 | 3.83 | - | 21 | 9.38e+04 | 5.54e+04 | 0.59 | 6.0 | 3.10 |
| shared [c48/m32] {pristine} | 1 | 1 | 8041 | 8041-8041 | 1.00 | - | 0 | 2.49e+04 | 5.55e+04 | 2.23 | 0.0 | 3.10 |
| shared [c48/m32] {pristine} | 96 | 1 | 20508 | 20508-20508 | 2.55 | - | 26 | 6.35e+04 | 5.54e+04 | 0.87 | 4.4 | 3.10 |

### work = split

| variant [layout] | K | runs | CPU/op ns (median) | min-max | x K=1 | x private | busy % | cycles/op | instr/op | IPC | x-CCX fills/op | GHz(u) |
|---|---:|---:|---:|---|---:|---:|---:|---:|---:|---:|---:|---:|
| shared [c0/m32] {pristine} | 1 | 1 | 6804 | 6804-6804 | 1.00 | - | 43 | 2.11e+04 | 6.94e+04 | 3.29 | 0.0 | 3.10 |
| shared [c0/m32] {pristine} | 24 | 1 | 50740 | 50740-50740 | 7.46 | - | 30 | 1.57e+05 | 6.93e+04 | 0.44 | 17.6 | 3.10 |
| shared [c0/m32] {pristine} | 96 | 1 | 177110 | 177110-177110 | 26.03 | - | 25 | 5.48e+05 | 6.93e+04 | 0.13 | 17.5 | 3.10 |
| shared [c48/m32] {pristine} | 1 | 1 | 6807 | 6807-6807 | 1.00 | - | 0 | 2.11e+04 | 6.96e+04 | 3.30 | 0.0 | 3.10 |
| shared [c48/m32] {pristine} | 96 | 1 | 71018 | 71018-71018 | 10.43 | - | 26 | 2.2e+05 | 6.93e+04 | 0.32 | 8.4 | 3.09 |

checksum identity across variants, layouts and repeats: all equal per (work, K)
r1-k1-full-private k=1   full       private     cpu/op=14511.3 ns  busy pre/post 7.8/11.8%
r1-k1-full-rehome k=1   full       rehome      cpu/op=15104.1 ns  busy pre/post 100.0/2.0%
r1-k1-specialize-private k=1   specialize private     cpu/op=7830.1 ns  busy pre/post 58.8/0.0%
r1-k1-specialize-rehome k=1   specialize rehome      cpu/op=8631.7 ns  busy pre/post 27.5/56.9%
r1-k1-split-private k=1   split      private     cpu/op=7031.8 ns  busy pre/post 100.0/10.0%
r1-k1-split-rehome k=1   split      rehome      cpu/op=7354.5 ns  busy pre/post 57.7/3.9%
r1-k96-full-private k=96  full       private     cpu/op=15260.0 ns  busy pre/post 29.0/26.1%
r1-k96-full-rehome k=96  full       rehome      cpu/op=15441.3 ns  busy pre/post 27.6/26.3%
r1-k96-specialize-private k=96  specialize private     cpu/op=7909.9 ns  busy pre/post 27.4/23.7%
r1-k96-specialize-rehome k=96  specialize rehome      cpu/op=8310.4 ns  busy pre/post 23.8/23.3%
r1-k96-split-private k=96  split      private     cpu/op=7199.6 ns  busy pre/post 25.8/26.1%
r1-k96-split-rehome k=96  split      rehome      cpu/op=7397.9 ns  busy pre/post 25.6/26.3%

### work = full

| variant [layout] | K | runs | CPU/op ns (median) | min-max | x K=1 | x private | busy % | cycles/op | instr/op | IPC | x-CCX fills/op | GHz(u) |
|---|---:|---:|---:|---|---:|---:|---:|---:|---:|---:|---:|---:|
| shared [c0/m32] {pristine} | 1 | 1 | 14572 | 14572-14572 | 1.00 | 1.00 | 100 | 4.51e+04 | 1.25e+05 | 2.76 | 0.0 | 3.10 |
| shared [c0/m32] {pristine} | 24 | 1 | 62078 | 62078-62078 | 4.26 | - | 33 | 1.92e+05 | 1.24e+05 | 0.64 | 24.5 | 3.10 |
| shared [c0/m32] {pristine} | 96 | 1 | 213727 | 213727-213727 | 14.67 | 14.01 | 29 | 6.62e+05 | 1.24e+05 | 0.19 | 25.3 | 3.10 |
| shared [c48/m32] {pristine} | 1 | 1 | 14693 | 14693-14693 | 1.00 | - | 20 | 4.55e+04 | 1.24e+05 | 2.72 | 0.0 | 3.10 |
| shared [c48/m32] {pristine} | 96 | 1 | 79856 | 79856-79856 | 5.43 | - | 31 | 2.47e+05 | 1.24e+05 | 0.50 | 15.4 | 3.09 |
| rehome [c0/m32] {pristine} | 1 | 1 | 15104 | 15104-15104 | 1.00 | 1.04 | 100 | 4.68e+04 | 1.29e+05 | 2.76 | 0.0 | 3.10 |
| rehome [c0/m32] {pristine} | 96 | 1 | 15441 | 15441-15441 | 1.02 | 1.01 | 28 | 4.68e+04 | 1.29e+05 | 2.76 | 0.9 | 3.03 |
| private [c0/m32] {pristine} | 1 | 1 | 14511 | 14511-14511 | 1.00 | 1.00 | 12 | 4.51e+04 | 1.25e+05 | 2.76 | 0.0 | 3.11 |
| private [c0/m32] {pristine} | 96 | 1 | 15260 | 15260-15260 | 1.05 | 1.00 | 29 | 4.63e+04 | 1.24e+05 | 2.67 | 0.9 | 3.04 |

### work = specialize

| variant [layout] | K | runs | CPU/op ns (median) | min-max | x K=1 | x private | busy % | cycles/op | instr/op | IPC | x-CCX fills/op | GHz(u) |
|---|---:|---:|---:|---|---:|---:|---:|---:|---:|---:|---:|---:|
| shared [c0/m32] {pristine} | 1 | 1 | 7907 | 7907-7907 | 1.00 | 1.01 | 4 | 2.45e+04 | 5.55e+04 | 2.27 | 0.0 | 3.10 |
| shared [c0/m32] {pristine} | 24 | 1 | 10419 | 10419-10419 | 1.32 | - | 28 | 3.23e+04 | 5.54e+04 | 1.72 | 6.2 | 3.10 |
| shared [c0/m32] {pristine} | 96 | 1 | 30292 | 30292-30292 | 3.83 | 3.83 | 21 | 9.38e+04 | 5.54e+04 | 0.59 | 6.0 | 3.10 |
| shared [c48/m32] {pristine} | 1 | 1 | 8041 | 8041-8041 | 1.00 | - | 0 | 2.49e+04 | 5.55e+04 | 2.23 | 0.0 | 3.10 |
| shared [c48/m32] {pristine} | 96 | 1 | 20508 | 20508-20508 | 2.55 | - | 26 | 6.35e+04 | 5.54e+04 | 0.87 | 4.4 | 3.10 |
| rehome [c0/m32] {pristine} | 1 | 1 | 8632 | 8632-8632 | 1.00 | 1.10 | 57 | 2.67e+04 | 6.08e+04 | 2.27 | 0.0 | 3.10 |
| rehome [c0/m32] {pristine} | 96 | 1 | 8310 | 8310-8310 | 0.96 | 1.05 | 24 | 2.53e+04 | 6.06e+04 | 2.40 | 0.0 | 3.05 |
| private [c0/m32] {pristine} | 1 | 1 | 7830 | 7830-7830 | 1.00 | 1.00 | 59 | 2.44e+04 | 5.58e+04 | 2.28 | 0.0 | 3.12 |
| private [c0/m32] {pristine} | 96 | 1 | 7910 | 7910-7910 | 1.01 | 1.00 | 27 | 2.46e+04 | 5.56e+04 | 2.26 | 0.0 | 3.12 |

### work = split

| variant [layout] | K | runs | CPU/op ns (median) | min-max | x K=1 | x private | busy % | cycles/op | instr/op | IPC | x-CCX fills/op | GHz(u) |
|---|---:|---:|---:|---|---:|---:|---:|---:|---:|---:|---:|---:|
| shared [c0/m32] {pristine} | 1 | 1 | 6804 | 6804-6804 | 1.00 | 0.97 | 43 | 2.11e+04 | 6.94e+04 | 3.29 | 0.0 | 3.10 |
| shared [c0/m32] {pristine} | 24 | 1 | 50740 | 50740-50740 | 7.46 | - | 30 | 1.57e+05 | 6.93e+04 | 0.44 | 17.6 | 3.10 |
| shared [c0/m32] {pristine} | 96 | 1 | 177110 | 177110-177110 | 26.03 | 24.60 | 25 | 5.48e+05 | 6.93e+04 | 0.13 | 17.5 | 3.10 |
| shared [c48/m32] {pristine} | 1 | 1 | 6807 | 6807-6807 | 1.00 | - | 0 | 2.11e+04 | 6.96e+04 | 3.30 | 0.0 | 3.10 |
| shared [c48/m32] {pristine} | 96 | 1 | 71018 | 71018-71018 | 10.43 | - | 26 | 2.2e+05 | 6.93e+04 | 0.32 | 8.4 | 3.09 |
| rehome [c0/m32] {pristine} | 1 | 1 | 7354 | 7354-7354 | 1.00 | 1.05 | 58 | 2.28e+04 | 7.53e+04 | 3.30 | 0.0 | 3.10 |
| rehome [c0/m32] {pristine} | 96 | 1 | 7398 | 7398-7398 | 1.01 | 1.03 | 26 | 2.26e+04 | 7.4e+04 | 3.27 | 0.7 | 3.06 |
| private [c0/m32] {pristine} | 1 | 1 | 7032 | 7032-7032 | 1.00 | 1.00 | 100 | 2.2e+04 | 6.96e+04 | 3.16 | 0.0 | 3.13 |
| private [c0/m32] {pristine} | 96 | 1 | 7200 | 7200-7200 | 1.02 | 1.00 | 26 | 2.2e+04 | 6.96e+04 | 3.16 | 0.8 | 3.06 |

checksum identity across variants, layouts and repeats: all equal per (work, K)
r1-k1-split-shared k=1   split      shared      cpu/op=6948.3 ns  busy pre/post 2.0/13.5%
r1-k1-split-private k=1   split      private     cpu/op=6748.1 ns  busy pre/post 0.0/5.9%
r1-k96-split-shared k=96  split      shared      cpu/op=181132.7 ns  busy pre/post 27.1/14.3%
r1-k96-split-private k=96  split      private     cpu/op=6980.6 ns  busy pre/post 18.3/24.1%

### work = full

| variant [layout] | K | runs | CPU/op ns (median) | min-max | x K=1 | x private | busy % | cycles/op | instr/op | IPC | x-CCX fills/op | GHz(u) |
|---|---:|---:|---:|---|---:|---:|---:|---:|---:|---:|---:|---:|
| shared [c0/m32] {pristine} | 1 | 1 | 14572 | 14572-14572 | 1.00 | 1.00 | 100 | 4.51e+04 | 1.25e+05 | 2.76 | 0.0 | 3.10 |
| shared [c0/m32] {pristine} | 24 | 1 | 62078 | 62078-62078 | 4.26 | - | 33 | 1.92e+05 | 1.24e+05 | 0.64 | 24.5 | 3.10 |
| shared [c0/m32] {pristine} | 96 | 1 | 213727 | 213727-213727 | 14.67 | 14.01 | 29 | 6.62e+05 | 1.24e+05 | 0.19 | 25.3 | 3.10 |
| shared [c48/m32] {pristine} | 1 | 1 | 14693 | 14693-14693 | 1.00 | - | 20 | 4.55e+04 | 1.24e+05 | 2.72 | 0.0 | 3.10 |
| shared [c48/m32] {pristine} | 96 | 1 | 79856 | 79856-79856 | 5.43 | - | 31 | 2.47e+05 | 1.24e+05 | 0.50 | 15.4 | 3.09 |
| rehome [c0/m32] {pristine} | 1 | 1 | 15104 | 15104-15104 | 1.00 | 1.04 | 100 | 4.68e+04 | 1.29e+05 | 2.76 | 0.0 | 3.10 |
| rehome [c0/m32] {pristine} | 96 | 1 | 15441 | 15441-15441 | 1.02 | 1.01 | 28 | 4.68e+04 | 1.29e+05 | 2.76 | 0.9 | 3.03 |
| private [c0/m32] {pristine} | 1 | 1 | 14511 | 14511-14511 | 1.00 | 1.00 | 12 | 4.51e+04 | 1.25e+05 | 2.76 | 0.0 | 3.11 |
| private [c0/m32] {pristine} | 96 | 1 | 15260 | 15260-15260 | 1.05 | 1.00 | 29 | 4.63e+04 | 1.24e+05 | 2.67 | 0.9 | 3.04 |

### work = specialize

| variant [layout] | K | runs | CPU/op ns (median) | min-max | x K=1 | x private | busy % | cycles/op | instr/op | IPC | x-CCX fills/op | GHz(u) |
|---|---:|---:|---:|---|---:|---:|---:|---:|---:|---:|---:|---:|
| shared [c0/m32] {pristine} | 1 | 1 | 7907 | 7907-7907 | 1.00 | 1.01 | 4 | 2.45e+04 | 5.55e+04 | 2.27 | 0.0 | 3.10 |
| shared [c0/m32] {pristine} | 24 | 1 | 10419 | 10419-10419 | 1.32 | - | 28 | 3.23e+04 | 5.54e+04 | 1.72 | 6.2 | 3.10 |
| shared [c0/m32] {pristine} | 96 | 1 | 30292 | 30292-30292 | 3.83 | 3.83 | 21 | 9.38e+04 | 5.54e+04 | 0.59 | 6.0 | 3.10 |
| shared [c48/m32] {pristine} | 1 | 1 | 8041 | 8041-8041 | 1.00 | - | 0 | 2.49e+04 | 5.55e+04 | 2.23 | 0.0 | 3.10 |
| shared [c48/m32] {pristine} | 96 | 1 | 20508 | 20508-20508 | 2.55 | - | 26 | 6.35e+04 | 5.54e+04 | 0.87 | 4.4 | 3.10 |
| rehome [c0/m32] {pristine} | 1 | 1 | 8632 | 8632-8632 | 1.00 | 1.10 | 57 | 2.67e+04 | 6.08e+04 | 2.27 | 0.0 | 3.10 |
| rehome [c0/m32] {pristine} | 96 | 1 | 8310 | 8310-8310 | 0.96 | 1.05 | 24 | 2.53e+04 | 6.06e+04 | 2.40 | 0.0 | 3.05 |
| private [c0/m32] {pristine} | 1 | 1 | 7830 | 7830-7830 | 1.00 | 1.00 | 59 | 2.44e+04 | 5.58e+04 | 2.28 | 0.0 | 3.12 |
| private [c0/m32] {pristine} | 96 | 1 | 7910 | 7910-7910 | 1.01 | 1.00 | 27 | 2.46e+04 | 5.56e+04 | 2.26 | 0.0 | 3.12 |

### work = split

| variant [layout] | K | runs | CPU/op ns (median) | min-max | x K=1 | x private | busy % | cycles/op | instr/op | IPC | x-CCX fills/op | GHz(u) |
|---|---:|---:|---:|---|---:|---:|---:|---:|---:|---:|---:|---:|
| shared [c0/m32] {pristine} | 1 | 1 | 6804 | 6804-6804 | 1.00 | 0.97 | 43 | 2.11e+04 | 6.94e+04 | 3.29 | 0.0 | 3.10 |
| shared [c0/m32] {pristine} | 24 | 1 | 50740 | 50740-50740 | 7.46 | - | 30 | 1.57e+05 | 6.93e+04 | 0.44 | 17.6 | 3.10 |
| shared [c0/m32] {pristine} | 96 | 1 | 177110 | 177110-177110 | 26.03 | 24.60 | 25 | 5.48e+05 | 6.93e+04 | 0.13 | 17.5 | 3.10 |
| shared [c48/m32] {pristine} | 1 | 1 | 6807 | 6807-6807 | 1.00 | - | 0 | 2.11e+04 | 6.96e+04 | 3.30 | 0.0 | 3.10 |
| shared [c48/m32] {pristine} | 96 | 1 | 71018 | 71018-71018 | 10.43 | - | 26 | 2.2e+05 | 6.93e+04 | 0.32 | 8.4 | 3.09 |
| shared [c0/m32,ahash-tl] {pristine} | 1 | 1 | 6948 | 6948-6948 | 1.00 | 1.03 | 14 | 2.15e+04 | 7.06e+04 | 3.28 | 0.0 | 3.10 |
| shared [c0/m32,ahash-tl] {pristine} | 96 | 1 | 181133 | 181133-181133 | 26.07 | 25.95 | 27 | 5.61e+05 | 6.93e+04 | 0.12 | 15.8 | 3.10 |
| rehome [c0/m32] {pristine} | 1 | 1 | 7354 | 7354-7354 | 1.00 | 1.05 | 58 | 2.28e+04 | 7.53e+04 | 3.30 | 0.0 | 3.10 |
| rehome [c0/m32] {pristine} | 96 | 1 | 7398 | 7398-7398 | 1.01 | 1.03 | 26 | 2.26e+04 | 7.4e+04 | 3.27 | 0.7 | 3.06 |
| private [c0/m32] {pristine} | 1 | 1 | 7032 | 7032-7032 | 1.00 | 1.00 | 100 | 2.2e+04 | 6.96e+04 | 3.16 | 0.0 | 3.13 |
| private [c0/m32] {pristine} | 96 | 1 | 7200 | 7200-7200 | 1.02 | 1.00 | 26 | 2.2e+04 | 6.96e+04 | 3.16 | 0.8 | 3.06 |
| private [c0/m32,ahash-tl] {pristine} | 1 | 1 | 6748 | 6748-6748 | 1.00 | 1.00 | 6 | 2.11e+04 | 6.98e+04 | 3.31 | 0.0 | 3.13 |
| private [c0/m32,ahash-tl] {pristine} | 96 | 1 | 6981 | 6981-6981 | 1.03 | 1.00 | 24 | 2.09e+04 | 6.96e+04 | 3.32 | 0.0 | 3.00 |

checksum identity across variants, layouts and repeats: all equal per (work, K)
r1-k1-full-shared k=1   full       shared      cpu/op=14448.4 ns  busy pre/post 2.0/26.9%
r1-k1-split-shared k=1   split      shared      cpu/op=6577.6 ns  busy pre/post 21.2/5.8%
r1-k24-full-shared k=24  full       shared      cpu/op=16448.8 ns  busy pre/post 22.4/17.7%
r1-k24-split-shared k=24  split      shared      cpu/op=6694.7 ns  busy pre/post 21.8/21.8%
r1-k96-full-shared k=96  full       shared      cpu/op=38616.5 ns  busy pre/post 27.9/25.0%
r1-k96-split-shared k=96  split      shared      cpu/op=10852.1 ns  busy pre/post 26.0/25.7%

### work = full

| variant [layout] | K | runs | CPU/op ns (median) | min-max | x K=1 | x private | busy % | cycles/op | instr/op | IPC | x-CCX fills/op | GHz(u) |
|---|---:|---:|---:|---|---:|---:|---:|---:|---:|---:|---:|---:|
| shared [c0/m32] {p1a} | 1 | 1 | 14448 | 14448-14448 | 1.00 | - | 27 | 4.47e+04 | 1.25e+05 | 2.79 | 0.0 | 3.10 |
| shared [c0/m32] {p1a} | 24 | 1 | 16449 | 16449-16449 | 1.14 | - | 22 | 5.09e+04 | 1.24e+05 | 2.43 | 8.5 | 3.10 |
| shared [c0/m32] {p1a} | 96 | 1 | 38616 | 38616-38616 | 2.67 | - | 28 | 1.1e+05 | 1.24e+05 | 1.13 | 10.7 | 2.85 |

### work = split

| variant [layout] | K | runs | CPU/op ns (median) | min-max | x K=1 | x private | busy % | cycles/op | instr/op | IPC | x-CCX fills/op | GHz(u) |
|---|---:|---:|---:|---|---:|---:|---:|---:|---:|---:|---:|---:|
| shared [c0/m32] {p1a} | 1 | 1 | 6578 | 6578-6578 | 1.00 | - | 21 | 2.04e+04 | 7.07e+04 | 3.47 | 0.0 | 3.10 |
| shared [c0/m32] {p1a} | 24 | 1 | 6695 | 6695-6695 | 1.02 | - | 22 | 2.07e+04 | 7e+04 | 3.38 | 1.9 | 3.10 |
| shared [c0/m32] {p1a} | 96 | 1 | 10852 | 10852-10852 | 1.65 | - | 26 | 3.36e+04 | 6.99e+04 | 2.08 | 2.3 | 3.09 |

checksum identity across variants, layouts and repeats: all equal per (work, K)
r1-k1-split-private k=1   split      private     cpu/op=6805.5 ns  busy pre/post 17.6/38.5%
r1-k96-split-private k=96  split      private     cpu/op=7219.5 ns  busy pre/post 28.8/25.3%

### work = full

| variant [layout] | K | runs | CPU/op ns (median) | min-max | x K=1 | x private | busy % | cycles/op | instr/op | IPC | x-CCX fills/op | GHz(u) |
|---|---:|---:|---:|---|---:|---:|---:|---:|---:|---:|---:|---:|
| shared [c0/m32] {p1a} | 1 | 1 | 14448 | 14448-14448 | 1.00 | - | 27 | 4.47e+04 | 1.25e+05 | 2.79 | 0.0 | 3.10 |
| shared [c0/m32] {p1a} | 24 | 1 | 16449 | 16449-16449 | 1.14 | - | 22 | 5.09e+04 | 1.24e+05 | 2.43 | 8.5 | 3.10 |
| shared [c0/m32] {p1a} | 96 | 1 | 38616 | 38616-38616 | 2.67 | - | 28 | 1.1e+05 | 1.24e+05 | 1.13 | 10.7 | 2.85 |

### work = split

| variant [layout] | K | runs | CPU/op ns (median) | min-max | x K=1 | x private | busy % | cycles/op | instr/op | IPC | x-CCX fills/op | GHz(u) |
|---|---:|---:|---:|---|---:|---:|---:|---:|---:|---:|---:|---:|
| shared [c0/m32] {p1a} | 1 | 1 | 6578 | 6578-6578 | 1.00 | 0.97 | 21 | 2.04e+04 | 7.07e+04 | 3.47 | 0.0 | 3.10 |
| shared [c0/m32] {p1a} | 24 | 1 | 6695 | 6695-6695 | 1.02 | - | 22 | 2.07e+04 | 7e+04 | 3.38 | 1.9 | 3.10 |
| shared [c0/m32] {p1a} | 96 | 1 | 10852 | 10852-10852 | 1.65 | 1.50 | 26 | 3.36e+04 | 6.99e+04 | 2.08 | 2.3 | 3.09 |
| private [c0/m32] {p1a} | 1 | 1 | 6806 | 6806-6806 | 1.00 | 1.00 | 38 | 2.12e+04 | 7.11e+04 | 3.35 | 0.0 | 3.12 |
| private [c0/m32] {p1a} | 96 | 1 | 7220 | 7220-7220 | 1.06 | 1.00 | 29 | 2.22e+04 | 7.02e+04 | 3.16 | 0.7 | 3.07 |

checksum identity across variants, layouts and repeats: all equal per (work, K)
r1-k1-split-shared k=1   split      shared      cpu/op=6778.1 ns  busy pre/post 34.0/0.0%
r1-k1-split-private k=1   split      private     cpu/op=6529.1 ns  busy pre/post 2.0/36.5%
r1-k96-split-shared k=96  split      shared      cpu/op=10737.6 ns  busy pre/post 26.9/24.0%
r1-k96-split-private k=96  split      private     cpu/op=6903.0 ns  busy pre/post 25.0/29.9%

### work = full

| variant [layout] | K | runs | CPU/op ns (median) | min-max | x K=1 | x private | busy % | cycles/op | instr/op | IPC | x-CCX fills/op | GHz(u) |
|---|---:|---:|---:|---|---:|---:|---:|---:|---:|---:|---:|---:|
| shared [c0/m32] {p1a} | 1 | 1 | 14448 | 14448-14448 | 1.00 | - | 27 | 4.47e+04 | 1.25e+05 | 2.79 | 0.0 | 3.10 |
| shared [c0/m32] {p1a} | 24 | 1 | 16449 | 16449-16449 | 1.14 | - | 22 | 5.09e+04 | 1.24e+05 | 2.43 | 8.5 | 3.10 |
| shared [c0/m32] {p1a} | 96 | 1 | 38616 | 38616-38616 | 2.67 | - | 28 | 1.1e+05 | 1.24e+05 | 1.13 | 10.7 | 2.85 |

### work = split

| variant [layout] | K | runs | CPU/op ns (median) | min-max | x K=1 | x private | busy % | cycles/op | instr/op | IPC | x-CCX fills/op | GHz(u) |
|---|---:|---:|---:|---|---:|---:|---:|---:|---:|---:|---:|---:|
| shared [c0/m32] {p1a} | 1 | 1 | 6578 | 6578-6578 | 1.00 | 0.97 | 21 | 2.04e+04 | 7.07e+04 | 3.47 | 0.0 | 3.10 |
| shared [c0/m32] {p1a} | 24 | 1 | 6695 | 6695-6695 | 1.02 | - | 22 | 2.07e+04 | 7e+04 | 3.38 | 1.9 | 3.10 |
| shared [c0/m32] {p1a} | 96 | 1 | 10852 | 10852-10852 | 1.65 | 1.50 | 26 | 3.36e+04 | 6.99e+04 | 2.08 | 2.3 | 3.09 |
| shared [c0/m32,ahash-tl] {p1a} | 1 | 1 | 6778 | 6778-6778 | 1.00 | 1.04 | 34 | 2.1e+04 | 7.08e+04 | 3.37 | 0.0 | 3.10 |
| shared [c0/m32,ahash-tl] {p1a} | 96 | 1 | 10738 | 10738-10738 | 1.58 | 1.56 | 27 | 3.32e+04 | 7e+04 | 2.11 | 1.1 | 3.10 |
| private [c0/m32] {p1a} | 1 | 1 | 6806 | 6806-6806 | 1.00 | 1.00 | 38 | 2.12e+04 | 7.11e+04 | 3.35 | 0.0 | 3.12 |
| private [c0/m32] {p1a} | 96 | 1 | 7220 | 7220-7220 | 1.06 | 1.00 | 29 | 2.22e+04 | 7.02e+04 | 3.16 | 0.7 | 3.07 |
| private [c0/m32,ahash-tl] {p1a} | 1 | 1 | 6529 | 6529-6529 | 1.00 | 1.00 | 36 | 2.04e+04 | 7.04e+04 | 3.46 | 0.0 | 3.12 |
| private [c0/m32,ahash-tl] {p1a} | 96 | 1 | 6903 | 6903-6903 | 1.06 | 1.00 | 30 | 2.1e+04 | 7.02e+04 | 3.34 | 0.0 | 3.05 |

checksum identity across variants, layouts and repeats: all equal per (work, K)
r1-k1-full-shared k=1   full       shared      cpu/op=14548.3 ns  busy pre/post 3.9/70.6%
r1-k1-specialize-shared k=1   specialize shared      cpu/op=7780.1 ns  busy pre/post 98.0/0.0%
r1-k1-split-shared k=1   split      shared      cpu/op=6894.2 ns  busy pre/post 0.0/11.8%
r1-k24-full-shared k=24  full       shared      cpu/op=16472.4 ns  busy pre/post 27.8/16.4%
r1-k24-specialize-shared k=24  specialize shared      cpu/op=10516.8 ns  busy pre/post 26.0/26.5%
r1-k24-split-shared k=24  split      shared      cpu/op=6692.0 ns  busy pre/post 26.6/21.3%
r1-k96-full-shared k=96  full       shared      cpu/op=33690.3 ns  busy pre/post 31.9/24.7%
r1-k96-specialize-shared k=96  specialize shared      cpu/op=28984.1 ns  busy pre/post 25.7/23.5%
r1-k96-split-shared k=96  split      shared      cpu/op=10102.8 ns  busy pre/post 25.2/25.7%

### work = full

| variant [layout] | K | runs | CPU/op ns (median) | min-max | x K=1 | x private | busy % | cycles/op | instr/op | IPC | x-CCX fills/op | GHz(u) |
|---|---:|---:|---:|---|---:|---:|---:|---:|---:|---:|---:|---:|
| shared [c0/m32] {proposed} | 1 | 1 | 14548 | 14548-14548 | 1.00 | - | 71 | 4.5e+04 | 1.24e+05 | 2.76 | 0.0 | 3.10 |
| shared [c0/m32] {proposed} | 24 | 1 | 16472 | 16472-16472 | 1.13 | - | 28 | 5.1e+04 | 1.24e+05 | 2.43 | 7.5 | 3.10 |
| shared [c0/m32] {proposed} | 96 | 1 | 33690 | 33690-33690 | 2.32 | - | 32 | 1.04e+05 | 1.24e+05 | 1.19 | 7.4 | 3.10 |

### work = specialize

| variant [layout] | K | runs | CPU/op ns (median) | min-max | x K=1 | x private | busy % | cycles/op | instr/op | IPC | x-CCX fills/op | GHz(u) |
|---|---:|---:|---:|---|---:|---:|---:|---:|---:|---:|---:|---:|
| shared [c0/m32] {proposed} | 1 | 1 | 7780 | 7780-7780 | 1.00 | - | 98 | 2.41e+04 | 5.55e+04 | 2.31 | 0.0 | 3.10 |
| shared [c0/m32] {proposed} | 24 | 1 | 10517 | 10517-10517 | 1.35 | - | 26 | 3.26e+04 | 5.54e+04 | 1.70 | 6.2 | 3.10 |
| shared [c0/m32] {proposed} | 96 | 1 | 28984 | 28984-28984 | 3.73 | - | 26 | 8.97e+04 | 5.54e+04 | 0.62 | 6.1 | 3.10 |

### work = split

| variant [layout] | K | runs | CPU/op ns (median) | min-max | x K=1 | x private | busy % | cycles/op | instr/op | IPC | x-CCX fills/op | GHz(u) |
|---|---:|---:|---:|---|---:|---:|---:|---:|---:|---:|---:|---:|
| shared [c0/m32] {proposed} | 1 | 1 | 6894 | 6894-6894 | 1.00 | - | 12 | 2.13e+04 | 7.06e+04 | 3.31 | 0.0 | 3.10 |
| shared [c0/m32] {proposed} | 24 | 1 | 6692 | 6692-6692 | 0.97 | - | 27 | 2.07e+04 | 6.98e+04 | 3.37 | 1.2 | 3.10 |
| shared [c0/m32] {proposed} | 96 | 1 | 10103 | 10103-10103 | 1.47 | - | 26 | 3.13e+04 | 6.98e+04 | 2.23 | 1.2 | 3.10 |

checksum identity across variants, layouts and repeats: all equal per (work, K)
r1-k1-full-shared k=1   full       shared      cpu/op=14843.9 ns  busy pre/post 23.5/0.0%
r1-k1-specialize-shared k=1   specialize shared      cpu/op=7809.1 ns  busy pre/post 1.9/0.0%
r1-k1-split-shared k=1   split      shared      cpu/op=6825.1 ns  busy pre/post 31.4/38.5%
r1-k96-full-shared k=96  full       shared      cpu/op=24687.5 ns  busy pre/post 35.4/27.1%
r1-k96-specialize-shared k=96  specialize shared      cpu/op=17272.2 ns  busy pre/post 46.0/45.7%
r1-k96-split-shared k=96  split      shared      cpu/op=10098.4 ns  busy pre/post 40.0/28.3%

### work = full

| variant [layout] | K | runs | CPU/op ns (median) | min-max | x K=1 | x private | busy % | cycles/op | instr/op | IPC | x-CCX fills/op | GHz(u) |
|---|---:|---:|---:|---|---:|---:|---:|---:|---:|---:|---:|---:|
| shared [c0/m32] {proposed} | 1 | 1 | 14548 | 14548-14548 | 1.00 | - | 71 | 4.5e+04 | 1.24e+05 | 2.76 | 0.0 | 3.10 |
| shared [c0/m32] {proposed} | 24 | 1 | 16472 | 16472-16472 | 1.13 | - | 28 | 5.1e+04 | 1.24e+05 | 2.43 | 7.5 | 3.10 |
| shared [c0/m32] {proposed} | 96 | 1 | 33690 | 33690-33690 | 2.32 | - | 32 | 1.04e+05 | 1.24e+05 | 1.19 | 7.4 | 3.10 |
| shared [c48/m32] {proposed} | 1 | 1 | 14844 | 14844-14844 | 1.00 | - | 24 | 4.6e+04 | 1.25e+05 | 2.72 | 0.0 | 3.10 |
| shared [c48/m32] {proposed} | 96 | 1 | 24688 | 24688-24688 | 1.66 | - | 35 | 7.64e+04 | 1.24e+05 | 1.62 | 5.5 | 3.09 |

### work = specialize

| variant [layout] | K | runs | CPU/op ns (median) | min-max | x K=1 | x private | busy % | cycles/op | instr/op | IPC | x-CCX fills/op | GHz(u) |
|---|---:|---:|---:|---|---:|---:|---:|---:|---:|---:|---:|---:|
| shared [c0/m32] {proposed} | 1 | 1 | 7780 | 7780-7780 | 1.00 | - | 98 | 2.41e+04 | 5.55e+04 | 2.31 | 0.0 | 3.10 |
| shared [c0/m32] {proposed} | 24 | 1 | 10517 | 10517-10517 | 1.35 | - | 26 | 3.26e+04 | 5.54e+04 | 1.70 | 6.2 | 3.10 |
| shared [c0/m32] {proposed} | 96 | 1 | 28984 | 28984-28984 | 3.73 | - | 26 | 8.97e+04 | 5.54e+04 | 0.62 | 6.1 | 3.10 |
| shared [c48/m32] {proposed} | 1 | 1 | 7809 | 7809-7809 | 1.00 | - | 2 | 2.42e+04 | 5.55e+04 | 2.30 | 0.0 | 3.10 |
| shared [c48/m32] {proposed} | 96 | 1 | 17272 | 17272-17272 | 2.21 | - | 46 | 5.34e+04 | 5.54e+04 | 1.04 | 4.6 | 3.09 |

### work = split

| variant [layout] | K | runs | CPU/op ns (median) | min-max | x K=1 | x private | busy % | cycles/op | instr/op | IPC | x-CCX fills/op | GHz(u) |
|---|---:|---:|---:|---|---:|---:|---:|---:|---:|---:|---:|---:|
| shared [c0/m32] {proposed} | 1 | 1 | 6894 | 6894-6894 | 1.00 | - | 12 | 2.13e+04 | 7.06e+04 | 3.31 | 0.0 | 3.10 |
| shared [c0/m32] {proposed} | 24 | 1 | 6692 | 6692-6692 | 0.97 | - | 27 | 2.07e+04 | 6.98e+04 | 3.37 | 1.2 | 3.10 |
| shared [c0/m32] {proposed} | 96 | 1 | 10103 | 10103-10103 | 1.47 | - | 26 | 3.13e+04 | 6.98e+04 | 2.23 | 1.2 | 3.10 |
| shared [c48/m32] {proposed} | 1 | 1 | 6825 | 6825-6825 | 1.00 | - | 38 | 2.11e+04 | 7.04e+04 | 3.33 | 0.0 | 3.10 |
| shared [c48/m32] {proposed} | 96 | 1 | 10098 | 10098-10098 | 1.48 | - | 40 | 3.11e+04 | 6.98e+04 | 2.25 | 1.2 | 3.07 |

checksum identity across variants, layouts and repeats: all equal per (work, K)
r1-k1-full-private k=1   full       private     cpu/op=14710.6 ns  busy pre/post 22.0/0.0%
r1-k1-full-rehome-api k=1   full       rehome-api  cpu/op=14931.5 ns  busy pre/post 7.8/17.6%
r1-k1-specialize-private k=1   specialize private     cpu/op=7828.9 ns  busy pre/post 16.0/0.0%
r1-k1-specialize-rehome-api k=1   specialize rehome-api  cpu/op=8085.8 ns  busy pre/post 0.0/54.0%
r1-k1-split-private k=1   split      private     cpu/op=7193.1 ns  busy pre/post 90.6/3.9%
r1-k1-split-rehome-api k=1   split      rehome-api  cpu/op=7134.1 ns  busy pre/post 18.0/0.0%
r1-k96-full-private k=96  full       private     cpu/op=14793.0 ns  busy pre/post 36.9/31.3%
r1-k96-full-rehome-api k=96  full       rehome-api  cpu/op=15048.6 ns  busy pre/post 34.1/35.2%
r1-k96-specialize-private k=96  specialize private     cpu/op=7971.9 ns  busy pre/post 33.4/31.5%
r1-k96-specialize-rehome-api k=96  specialize rehome-api  cpu/op=8102.7 ns  busy pre/post 32.9/30.5%
r1-k96-split-private k=96  split      private     cpu/op=7160.1 ns  busy pre/post 32.5/32.3%
r1-k96-split-rehome-api k=96  split      rehome-api  cpu/op=7039.7 ns  busy pre/post 31.1/32.9%

### work = full

| variant [layout] | K | runs | CPU/op ns (median) | min-max | x K=1 | x private | busy % | cycles/op | instr/op | IPC | x-CCX fills/op | GHz(u) |
|---|---:|---:|---:|---|---:|---:|---:|---:|---:|---:|---:|---:|
| shared [c0/m32] {proposed} | 1 | 1 | 14548 | 14548-14548 | 1.00 | 0.99 | 71 | 4.5e+04 | 1.24e+05 | 2.76 | 0.0 | 3.10 |
| shared [c0/m32] {proposed} | 24 | 1 | 16472 | 16472-16472 | 1.13 | - | 28 | 5.1e+04 | 1.24e+05 | 2.43 | 7.5 | 3.10 |
| shared [c0/m32] {proposed} | 96 | 1 | 33690 | 33690-33690 | 2.32 | 2.28 | 32 | 1.04e+05 | 1.24e+05 | 1.19 | 7.4 | 3.10 |
| shared [c48/m32] {proposed} | 1 | 1 | 14844 | 14844-14844 | 1.00 | - | 24 | 4.6e+04 | 1.25e+05 | 2.72 | 0.0 | 3.10 |
| shared [c48/m32] {proposed} | 96 | 1 | 24688 | 24688-24688 | 1.66 | - | 35 | 7.64e+04 | 1.24e+05 | 1.62 | 5.5 | 3.09 |
| rehome-api [c0/m32] {proposed} | 1 | 1 | 14932 | 14932-14932 | 1.00 | 1.02 | 18 | 4.62e+04 | 1.26e+05 | 2.74 | 0.0 | 3.10 |
| rehome-api [c0/m32] {proposed} | 96 | 1 | 15049 | 15049-15049 | 1.01 | 1.02 | 35 | 4.54e+04 | 1.26e+05 | 2.79 | 0.0 | 3.02 |
| private [c0/m32] {proposed} | 1 | 1 | 14711 | 14711-14711 | 1.00 | 1.00 | 22 | 4.58e+04 | 1.24e+05 | 2.71 | 0.0 | 3.11 |
| private [c0/m32] {proposed} | 96 | 1 | 14793 | 14793-14793 | 1.01 | 1.00 | 37 | 4.55e+04 | 1.24e+05 | 2.73 | 0.0 | 3.07 |

### work = specialize

| variant [layout] | K | runs | CPU/op ns (median) | min-max | x K=1 | x private | busy % | cycles/op | instr/op | IPC | x-CCX fills/op | GHz(u) |
|---|---:|---:|---:|---|---:|---:|---:|---:|---:|---:|---:|---:|
| shared [c0/m32] {proposed} | 1 | 1 | 7780 | 7780-7780 | 1.00 | 0.99 | 98 | 2.41e+04 | 5.55e+04 | 2.31 | 0.0 | 3.10 |
| shared [c0/m32] {proposed} | 24 | 1 | 10517 | 10517-10517 | 1.35 | - | 26 | 3.26e+04 | 5.54e+04 | 1.70 | 6.2 | 3.10 |
| shared [c0/m32] {proposed} | 96 | 1 | 28984 | 28984-28984 | 3.73 | 3.64 | 26 | 8.97e+04 | 5.54e+04 | 0.62 | 6.1 | 3.10 |
| shared [c48/m32] {proposed} | 1 | 1 | 7809 | 7809-7809 | 1.00 | - | 2 | 2.42e+04 | 5.55e+04 | 2.30 | 0.0 | 3.10 |
| shared [c48/m32] {proposed} | 96 | 1 | 17272 | 17272-17272 | 2.21 | - | 46 | 5.34e+04 | 5.54e+04 | 1.04 | 4.6 | 3.09 |
| rehome-api [c0/m32] {proposed} | 1 | 1 | 8086 | 8086-8086 | 1.00 | 1.03 | 54 | 2.5e+04 | 5.78e+04 | 2.31 | 0.0 | 3.10 |
| rehome-api [c0/m32] {proposed} | 96 | 1 | 8103 | 8103-8103 | 1.00 | 1.02 | 33 | 2.45e+04 | 5.77e+04 | 2.35 | 0.0 | 3.03 |
| private [c0/m32] {proposed} | 1 | 1 | 7829 | 7829-7829 | 1.00 | 1.00 | 16 | 2.45e+04 | 5.58e+04 | 2.28 | 0.0 | 3.13 |
| private [c0/m32] {proposed} | 96 | 1 | 7972 | 7972-7972 | 1.02 | 1.00 | 33 | 2.45e+04 | 5.56e+04 | 2.27 | 0.0 | 3.07 |

### work = split

| variant [layout] | K | runs | CPU/op ns (median) | min-max | x K=1 | x private | busy % | cycles/op | instr/op | IPC | x-CCX fills/op | GHz(u) |
|---|---:|---:|---:|---|---:|---:|---:|---:|---:|---:|---:|---:|
| shared [c0/m32] {proposed} | 1 | 1 | 6894 | 6894-6894 | 1.00 | 0.96 | 12 | 2.13e+04 | 7.06e+04 | 3.31 | 0.0 | 3.10 |
| shared [c0/m32] {proposed} | 24 | 1 | 6692 | 6692-6692 | 0.97 | - | 27 | 2.07e+04 | 6.98e+04 | 3.37 | 1.2 | 3.10 |
| shared [c0/m32] {proposed} | 96 | 1 | 10103 | 10103-10103 | 1.47 | 1.41 | 26 | 3.13e+04 | 6.98e+04 | 2.23 | 1.2 | 3.10 |
| shared [c48/m32] {proposed} | 1 | 1 | 6825 | 6825-6825 | 1.00 | - | 38 | 2.11e+04 | 7.04e+04 | 3.33 | 0.0 | 3.10 |
| shared [c48/m32] {proposed} | 96 | 1 | 10098 | 10098-10098 | 1.48 | - | 40 | 3.11e+04 | 6.98e+04 | 2.25 | 1.2 | 3.07 |
| rehome-api [c0/m32] {proposed} | 1 | 1 | 7134 | 7134-7134 | 1.00 | 0.99 | 18 | 2.21e+04 | 7.18e+04 | 3.25 | 0.0 | 3.10 |
| rehome-api [c0/m32] {proposed} | 96 | 1 | 7040 | 7040-7040 | 0.99 | 0.98 | 33 | 2.12e+04 | 7.13e+04 | 3.37 | 0.0 | 3.01 |
| private [c0/m32] {proposed} | 1 | 1 | 7193 | 7193-7193 | 1.00 | 1.00 | 91 | 2.25e+04 | 7.03e+04 | 3.12 | 0.0 | 3.13 |
| private [c0/m32] {proposed} | 96 | 1 | 7160 | 7160-7160 | 1.00 | 1.00 | 32 | 2.16e+04 | 7e+04 | 3.24 | 0.0 | 3.02 |

checksum identity across variants, layouts and repeats: all equal per (work, K)
r1-k1-full-shared k=1   full       shared      cpu/op=14668.6 ns  busy pre/post 22.6/2.0%
r1-k1-specialize-shared k=1   specialize shared      cpu/op=7860.1 ns  busy pre/post 3.9/2.0%
r1-k1-split-shared k=1   split      shared      cpu/op=6700.1 ns  busy pre/post 19.2/27.5%
r1-k24-full-shared k=24  full       shared      cpu/op=21320.7 ns  busy pre/post 39.0/25.1%
r1-k24-specialize-shared k=24  specialize shared      cpu/op=8582.8 ns  busy pre/post 25.7/25.5%
r1-k24-split-shared k=24  split      shared      cpu/op=18242.0 ns  busy pre/post 32.6/29.0%
r1-k96-full-shared k=96  full       shared      cpu/op=71625.0 ns  busy pre/post 33.2/25.5%
r1-k96-specialize-shared k=96  specialize shared      cpu/op=18212.2 ns  busy pre/post 31.9/31.3%
r1-k96-split-shared k=96  split      shared      cpu/op=63936.9 ns  busy pre/post 32.5/26.4%

### work = full

| variant [layout] | K | runs | CPU/op ns (median) | min-max | x K=1 | x private | busy % | cycles/op | instr/op | IPC | x-CCX fills/op | GHz(u) |
|---|---:|---:|---:|---|---:|---:|---:|---:|---:|---:|---:|---:|
| shared [c0/m32] {padded} | 1 | 1 | 14669 | 14669-14669 | 1.00 | - | 23 | 4.54e+04 | 1.24e+05 | 2.74 | 0.0 | 3.10 |
| shared [c0/m32] {padded} | 24 | 1 | 21321 | 21321-21321 | 1.45 | - | 39 | 6.6e+04 | 1.23e+05 | 1.87 | 14.2 | 3.10 |
| shared [c0/m32] {padded} | 96 | 1 | 71625 | 71625-71625 | 4.88 | - | 33 | 2.22e+05 | 1.23e+05 | 0.56 | 16.0 | 3.09 |

### work = specialize

| variant [layout] | K | runs | CPU/op ns (median) | min-max | x K=1 | x private | busy % | cycles/op | instr/op | IPC | x-CCX fills/op | GHz(u) |
|---|---:|---:|---:|---|---:|---:|---:|---:|---:|---:|---:|---:|
| shared [c0/m32] {padded} | 1 | 1 | 7860 | 7860-7860 | 1.00 | - | 4 | 2.43e+04 | 5.54e+04 | 2.28 | 0.0 | 3.10 |
| shared [c0/m32] {padded} | 24 | 1 | 8583 | 8583-8583 | 1.09 | - | 26 | 2.66e+04 | 5.53e+04 | 2.08 | 4.7 | 3.10 |
| shared [c0/m32] {padded} | 96 | 1 | 18212 | 18212-18212 | 2.32 | - | 32 | 5.64e+04 | 5.52e+04 | 0.98 | 4.6 | 3.10 |

### work = split

| variant [layout] | K | runs | CPU/op ns (median) | min-max | x K=1 | x private | busy % | cycles/op | instr/op | IPC | x-CCX fills/op | GHz(u) |
|---|---:|---:|---:|---|---:|---:|---:|---:|---:|---:|---:|---:|
| shared [c0/m32] {padded} | 1 | 1 | 6700 | 6700-6700 | 1.00 | - | 28 | 2.07e+04 | 6.97e+04 | 3.36 | 0.0 | 3.10 |
| shared [c0/m32] {padded} | 24 | 1 | 18242 | 18242-18242 | 2.72 | - | 33 | 5.65e+04 | 6.93e+04 | 1.23 | 8.3 | 3.10 |
| shared [c0/m32] {padded} | 96 | 1 | 63937 | 63937-63937 | 9.54 | - | 32 | 1.98e+05 | 6.93e+04 | 0.35 | 8.6 | 3.09 |

checksum identity across variants, layouts and repeats: all equal per (work, K)
r1-k1-full-shared k=1   full       shared      cpu/op=14806.1 ns  busy pre/post 9.4/8.0%
r1-k1-specialize-shared k=1   specialize shared      cpu/op=7916.9 ns  busy pre/post 37.3/11.8%
r1-k1-split-shared k=1   split      shared      cpu/op=6715.4 ns  busy pre/post 47.1/0.0%
r1-k96-full-shared k=96  full       shared      cpu/op=72796.8 ns  busy pre/post 31.3/27.4%
r1-k96-specialize-shared k=96  specialize shared      cpu/op=18849.1 ns  busy pre/post 27.4/27.6%
r1-k96-split-shared k=96  split      shared      cpu/op=65970.3 ns  busy pre/post 31.3/27.9%

### work = full

| variant [layout] | K | runs | CPU/op ns (median) | min-max | x K=1 | x private | busy % | cycles/op | instr/op | IPC | x-CCX fills/op | GHz(u) |
|---|---:|---:|---:|---|---:|---:|---:|---:|---:|---:|---:|---:|
| shared [c0/m32] {padded} | 1 | 1 | 14669 | 14669-14669 | 1.00 | - | 23 | 4.54e+04 | 1.24e+05 | 2.74 | 0.0 | 3.10 |
| shared [c0/m32] {padded} | 24 | 1 | 21321 | 21321-21321 | 1.45 | - | 39 | 6.6e+04 | 1.23e+05 | 1.87 | 14.2 | 3.10 |
| shared [c0/m32] {padded} | 96 | 1 | 71625 | 71625-71625 | 4.88 | - | 33 | 2.22e+05 | 1.23e+05 | 0.56 | 16.0 | 3.09 |
| shared [c48/m32] {padded} | 1 | 1 | 14806 | 14806-14806 | 1.00 | - | 9 | 4.58e+04 | 1.24e+05 | 2.71 | 0.0 | 3.10 |
| shared [c48/m32] {padded} | 96 | 1 | 72797 | 72797-72797 | 4.92 | - | 31 | 2.25e+05 | 1.23e+05 | 0.55 | 15.8 | 3.09 |

### work = specialize

| variant [layout] | K | runs | CPU/op ns (median) | min-max | x K=1 | x private | busy % | cycles/op | instr/op | IPC | x-CCX fills/op | GHz(u) |
|---|---:|---:|---:|---|---:|---:|---:|---:|---:|---:|---:|---:|
| shared [c0/m32] {padded} | 1 | 1 | 7860 | 7860-7860 | 1.00 | - | 4 | 2.43e+04 | 5.54e+04 | 2.28 | 0.0 | 3.10 |
| shared [c0/m32] {padded} | 24 | 1 | 8583 | 8583-8583 | 1.09 | - | 26 | 2.66e+04 | 5.53e+04 | 2.08 | 4.7 | 3.10 |
| shared [c0/m32] {padded} | 96 | 1 | 18212 | 18212-18212 | 2.32 | - | 32 | 5.64e+04 | 5.52e+04 | 0.98 | 4.6 | 3.10 |
| shared [c48/m32] {padded} | 1 | 1 | 7917 | 7917-7917 | 1.00 | - | 37 | 2.45e+04 | 5.54e+04 | 2.26 | 0.0 | 3.10 |
| shared [c48/m32] {padded} | 96 | 1 | 18849 | 18849-18849 | 2.38 | - | 28 | 5.83e+04 | 5.52e+04 | 0.95 | 4.5 | 3.10 |

### work = split

| variant [layout] | K | runs | CPU/op ns (median) | min-max | x K=1 | x private | busy % | cycles/op | instr/op | IPC | x-CCX fills/op | GHz(u) |
|---|---:|---:|---:|---|---:|---:|---:|---:|---:|---:|---:|---:|
| shared [c0/m32] {padded} | 1 | 1 | 6700 | 6700-6700 | 1.00 | - | 28 | 2.07e+04 | 6.97e+04 | 3.36 | 0.0 | 3.10 |
| shared [c0/m32] {padded} | 24 | 1 | 18242 | 18242-18242 | 2.72 | - | 33 | 5.65e+04 | 6.93e+04 | 1.23 | 8.3 | 3.10 |
| shared [c0/m32] {padded} | 96 | 1 | 63937 | 63937-63937 | 9.54 | - | 32 | 1.98e+05 | 6.93e+04 | 0.35 | 8.6 | 3.09 |
| shared [c48/m32] {padded} | 1 | 1 | 6715 | 6715-6715 | 1.00 | - | 47 | 2.08e+04 | 6.99e+04 | 3.36 | 0.0 | 3.10 |
| shared [c48/m32] {padded} | 96 | 1 | 65970 | 65970-65970 | 9.82 | - | 31 | 2.04e+05 | 6.93e+04 | 0.34 | 8.4 | 3.09 |

checksum identity across variants, layouts and repeats: all equal per (work, K)
2026-09-28T14:02:31Z patch-ab repeat 1 done
r2-k1-full-shared k=1   full       shared      cpu/op=14538.7 ns  busy pre/post 88.2/31.4%
r2-k1-specialize-shared k=1   specialize shared      cpu/op=8069.7 ns  busy pre/post 2.0/10.0%
r2-k1-split-shared k=1   split      shared      cpu/op=6643.8 ns  busy pre/post 12.0/2.0%
r2-k24-full-shared k=24  full       shared      cpu/op=60351.3 ns  busy pre/post 28.6/16.2%
r2-k24-specialize-shared k=24  specialize shared      cpu/op=10834.2 ns  busy pre/post 19.1/15.6%
r2-k24-split-shared k=24  split      shared      cpu/op=49839.0 ns  busy pre/post 19.2/16.1%
r2-k96-full-shared k=96  full       shared      cpu/op=202582.9 ns  busy pre/post 31.0/20.5%
r2-k96-specialize-shared k=96  specialize shared      cpu/op=31780.7 ns  busy pre/post 23.9/25.7%
r2-k96-split-shared k=96  split      shared      cpu/op=169560.5 ns  busy pre/post 27.4/18.3%

### work = full

| variant [layout] | K | runs | CPU/op ns (median) | min-max | x K=1 | x private | busy % | cycles/op | instr/op | IPC | x-CCX fills/op | GHz(u) |
|---|---:|---:|---:|---|---:|---:|---:|---:|---:|---:|---:|---:|
| shared [c0/m32] {pristine} | 1 | 2 | 14556 | 14539-14572 | 1.00 | 1.00 | 100 | 4.51e+04 | 1.24e+05 | 2.76 | 0.0 | 3.10 |
| shared [c0/m32] {pristine} | 24 | 2 | 61215 | 60351-62078 | 4.21 | - | 33 | 1.9e+05 | 1.24e+05 | 0.65 | 24.4 | 3.10 |
| shared [c0/m32] {pristine} | 96 | 2 | 208155 | 202583-213727 | 14.30 | 13.64 | 31 | 6.3e+05 | 1.24e+05 | 0.20 | 25.4 | 3.02 |
| shared [c48/m32] {pristine} | 1 | 1 | 14693 | 14693-14693 | 1.00 | - | 20 | 4.55e+04 | 1.24e+05 | 2.72 | 0.0 | 3.10 |
| shared [c48/m32] {pristine} | 96 | 1 | 79856 | 79856-79856 | 5.43 | - | 31 | 2.47e+05 | 1.24e+05 | 0.50 | 15.4 | 3.09 |
| rehome [c0/m32] {pristine} | 1 | 1 | 15104 | 15104-15104 | 1.00 | 1.04 | 100 | 4.68e+04 | 1.29e+05 | 2.76 | 0.0 | 3.10 |
| rehome [c0/m32] {pristine} | 96 | 1 | 15441 | 15441-15441 | 1.02 | 1.01 | 28 | 4.68e+04 | 1.29e+05 | 2.76 | 0.9 | 3.03 |
| private [c0/m32] {pristine} | 1 | 1 | 14511 | 14511-14511 | 1.00 | 1.00 | 12 | 4.51e+04 | 1.25e+05 | 2.76 | 0.0 | 3.11 |
| private [c0/m32] {pristine} | 96 | 1 | 15260 | 15260-15260 | 1.05 | 1.00 | 29 | 4.63e+04 | 1.24e+05 | 2.67 | 0.9 | 3.04 |

### work = specialize

| variant [layout] | K | runs | CPU/op ns (median) | min-max | x K=1 | x private | busy % | cycles/op | instr/op | IPC | x-CCX fills/op | GHz(u) |
|---|---:|---:|---:|---|---:|---:|---:|---:|---:|---:|---:|---:|
| shared [c0/m32] {pristine} | 1 | 2 | 7988 | 7907-8070 | 1.00 | 1.02 | 10 | 2.47e+04 | 5.55e+04 | 2.25 | 0.0 | 3.10 |
| shared [c0/m32] {pristine} | 24 | 2 | 10627 | 10419-10834 | 1.33 | - | 28 | 3.29e+04 | 5.54e+04 | 1.68 | 6.2 | 3.10 |
| shared [c0/m32] {pristine} | 96 | 2 | 31036 | 30292-31781 | 3.89 | 3.92 | 26 | 9.29e+04 | 5.54e+04 | 0.60 | 6.1 | 2.99 |
| shared [c48/m32] {pristine} | 1 | 1 | 8041 | 8041-8041 | 1.00 | - | 0 | 2.49e+04 | 5.55e+04 | 2.23 | 0.0 | 3.10 |
| shared [c48/m32] {pristine} | 96 | 1 | 20508 | 20508-20508 | 2.55 | - | 26 | 6.35e+04 | 5.54e+04 | 0.87 | 4.4 | 3.10 |
| rehome [c0/m32] {pristine} | 1 | 1 | 8632 | 8632-8632 | 1.00 | 1.10 | 57 | 2.67e+04 | 6.08e+04 | 2.27 | 0.0 | 3.10 |
| rehome [c0/m32] {pristine} | 96 | 1 | 8310 | 8310-8310 | 0.96 | 1.05 | 24 | 2.53e+04 | 6.06e+04 | 2.40 | 0.0 | 3.05 |
| private [c0/m32] {pristine} | 1 | 1 | 7830 | 7830-7830 | 1.00 | 1.00 | 59 | 2.44e+04 | 5.58e+04 | 2.28 | 0.0 | 3.12 |
| private [c0/m32] {pristine} | 96 | 1 | 7910 | 7910-7910 | 1.01 | 1.00 | 27 | 2.46e+04 | 5.56e+04 | 2.26 | 0.0 | 3.12 |

### work = split

| variant [layout] | K | runs | CPU/op ns (median) | min-max | x K=1 | x private | busy % | cycles/op | instr/op | IPC | x-CCX fills/op | GHz(u) |
|---|---:|---:|---:|---|---:|---:|---:|---:|---:|---:|---:|---:|
| shared [c0/m32] {pristine} | 1 | 2 | 6724 | 6644-6804 | 1.00 | 0.96 | 43 | 2.08e+04 | 6.93e+04 | 3.33 | 0.0 | 3.10 |
| shared [c0/m32] {pristine} | 24 | 2 | 50290 | 49839-50740 | 7.48 | - | 30 | 1.56e+05 | 6.94e+04 | 0.45 | 17.9 | 3.10 |
| shared [c0/m32] {pristine} | 96 | 2 | 173335 | 169560-177110 | 25.78 | 24.08 | 27 | 5.37e+05 | 6.93e+04 | 0.13 | 17.2 | 3.10 |
| shared [c48/m32] {pristine} | 1 | 1 | 6807 | 6807-6807 | 1.00 | - | 0 | 2.11e+04 | 6.96e+04 | 3.30 | 0.0 | 3.10 |
| shared [c48/m32] {pristine} | 96 | 1 | 71018 | 71018-71018 | 10.43 | - | 26 | 2.2e+05 | 6.93e+04 | 0.32 | 8.4 | 3.09 |
| shared [c0/m32,ahash-tl] {pristine} | 1 | 1 | 6948 | 6948-6948 | 1.00 | 1.03 | 14 | 2.15e+04 | 7.06e+04 | 3.28 | 0.0 | 3.10 |
| shared [c0/m32,ahash-tl] {pristine} | 96 | 1 | 181133 | 181133-181133 | 26.07 | 25.95 | 27 | 5.61e+05 | 6.93e+04 | 0.12 | 15.8 | 3.10 |
| rehome [c0/m32] {pristine} | 1 | 1 | 7354 | 7354-7354 | 1.00 | 1.05 | 58 | 2.28e+04 | 7.53e+04 | 3.30 | 0.0 | 3.10 |
| rehome [c0/m32] {pristine} | 96 | 1 | 7398 | 7398-7398 | 1.01 | 1.03 | 26 | 2.26e+04 | 7.4e+04 | 3.27 | 0.7 | 3.06 |
| private [c0/m32] {pristine} | 1 | 1 | 7032 | 7032-7032 | 1.00 | 1.00 | 100 | 2.2e+04 | 6.96e+04 | 3.16 | 0.0 | 3.13 |
| private [c0/m32] {pristine} | 96 | 1 | 7200 | 7200-7200 | 1.02 | 1.00 | 26 | 2.2e+04 | 6.96e+04 | 3.16 | 0.8 | 3.06 |
| private [c0/m32,ahash-tl] {pristine} | 1 | 1 | 6748 | 6748-6748 | 1.00 | 1.00 | 6 | 2.11e+04 | 6.98e+04 | 3.31 | 0.0 | 3.13 |
| private [c0/m32,ahash-tl] {pristine} | 96 | 1 | 6981 | 6981-6981 | 1.03 | 1.00 | 24 | 2.09e+04 | 6.96e+04 | 3.32 | 0.0 | 3.00 |

checksum identity across variants, layouts and repeats: all equal per (work, K)
r2-k1-full-shared k=1   full       shared      cpu/op=14606.9 ns  busy pre/post 3.9/52.0%
r2-k1-specialize-shared k=1   specialize shared      cpu/op=7909.8 ns  busy pre/post 0.0/7.8%
r2-k1-split-shared k=1   split      shared      cpu/op=6713.2 ns  busy pre/post 2.0/0.0%
r2-k96-full-shared k=96  full       shared      cpu/op=77027.4 ns  busy pre/post 28.9/22.5%
r2-k96-specialize-shared k=96  specialize shared      cpu/op=19538.6 ns  busy pre/post 26.7/22.7%
r2-k96-split-shared k=96  split      shared      cpu/op=68401.6 ns  busy pre/post 23.7/22.9%

### work = full

| variant [layout] | K | runs | CPU/op ns (median) | min-max | x K=1 | x private | busy % | cycles/op | instr/op | IPC | x-CCX fills/op | GHz(u) |
|---|---:|---:|---:|---|---:|---:|---:|---:|---:|---:|---:|---:|
| shared [c0/m32] {pristine} | 1 | 2 | 14556 | 14539-14572 | 1.00 | 1.00 | 100 | 4.51e+04 | 1.24e+05 | 2.76 | 0.0 | 3.10 |
| shared [c0/m32] {pristine} | 24 | 2 | 61215 | 60351-62078 | 4.21 | - | 33 | 1.9e+05 | 1.24e+05 | 0.65 | 24.4 | 3.10 |
| shared [c0/m32] {pristine} | 96 | 2 | 208155 | 202583-213727 | 14.30 | 13.64 | 31 | 6.3e+05 | 1.24e+05 | 0.20 | 25.4 | 3.02 |
| shared [c48/m32] {pristine} | 1 | 2 | 14650 | 14607-14693 | 1.00 | - | 52 | 4.54e+04 | 1.24e+05 | 2.73 | 0.0 | 3.10 |
| shared [c48/m32] {pristine} | 96 | 2 | 78442 | 77027-79856 | 5.35 | - | 31 | 2.43e+05 | 1.24e+05 | 0.51 | 15.5 | 3.09 |
| rehome [c0/m32] {pristine} | 1 | 1 | 15104 | 15104-15104 | 1.00 | 1.04 | 100 | 4.68e+04 | 1.29e+05 | 2.76 | 0.0 | 3.10 |
| rehome [c0/m32] {pristine} | 96 | 1 | 15441 | 15441-15441 | 1.02 | 1.01 | 28 | 4.68e+04 | 1.29e+05 | 2.76 | 0.9 | 3.03 |
| private [c0/m32] {pristine} | 1 | 1 | 14511 | 14511-14511 | 1.00 | 1.00 | 12 | 4.51e+04 | 1.25e+05 | 2.76 | 0.0 | 3.11 |
| private [c0/m32] {pristine} | 96 | 1 | 15260 | 15260-15260 | 1.05 | 1.00 | 29 | 4.63e+04 | 1.24e+05 | 2.67 | 0.9 | 3.04 |

### work = specialize

| variant [layout] | K | runs | CPU/op ns (median) | min-max | x K=1 | x private | busy % | cycles/op | instr/op | IPC | x-CCX fills/op | GHz(u) |
|---|---:|---:|---:|---|---:|---:|---:|---:|---:|---:|---:|---:|
| shared [c0/m32] {pristine} | 1 | 2 | 7988 | 7907-8070 | 1.00 | 1.02 | 10 | 2.47e+04 | 5.55e+04 | 2.25 | 0.0 | 3.10 |
| shared [c0/m32] {pristine} | 24 | 2 | 10627 | 10419-10834 | 1.33 | - | 28 | 3.29e+04 | 5.54e+04 | 1.68 | 6.2 | 3.10 |
| shared [c0/m32] {pristine} | 96 | 2 | 31036 | 30292-31781 | 3.89 | 3.92 | 26 | 9.29e+04 | 5.54e+04 | 0.60 | 6.1 | 2.99 |
| shared [c48/m32] {pristine} | 1 | 2 | 7975 | 7910-8041 | 1.00 | - | 8 | 2.47e+04 | 5.55e+04 | 2.25 | 0.0 | 3.10 |
| shared [c48/m32] {pristine} | 96 | 2 | 20023 | 19539-20508 | 2.51 | - | 27 | 6.2e+04 | 5.54e+04 | 0.89 | 4.4 | 3.10 |
| rehome [c0/m32] {pristine} | 1 | 1 | 8632 | 8632-8632 | 1.00 | 1.10 | 57 | 2.67e+04 | 6.08e+04 | 2.27 | 0.0 | 3.10 |
| rehome [c0/m32] {pristine} | 96 | 1 | 8310 | 8310-8310 | 0.96 | 1.05 | 24 | 2.53e+04 | 6.06e+04 | 2.40 | 0.0 | 3.05 |
| private [c0/m32] {pristine} | 1 | 1 | 7830 | 7830-7830 | 1.00 | 1.00 | 59 | 2.44e+04 | 5.58e+04 | 2.28 | 0.0 | 3.12 |
| private [c0/m32] {pristine} | 96 | 1 | 7910 | 7910-7910 | 1.01 | 1.00 | 27 | 2.46e+04 | 5.56e+04 | 2.26 | 0.0 | 3.12 |

### work = split

| variant [layout] | K | runs | CPU/op ns (median) | min-max | x K=1 | x private | busy % | cycles/op | instr/op | IPC | x-CCX fills/op | GHz(u) |
|---|---:|---:|---:|---|---:|---:|---:|---:|---:|---:|---:|---:|
| shared [c0/m32] {pristine} | 1 | 2 | 6724 | 6644-6804 | 1.00 | 0.96 | 43 | 2.08e+04 | 6.93e+04 | 3.33 | 0.0 | 3.10 |
| shared [c0/m32] {pristine} | 24 | 2 | 50290 | 49839-50740 | 7.48 | - | 30 | 1.56e+05 | 6.94e+04 | 0.45 | 17.9 | 3.10 |
| shared [c0/m32] {pristine} | 96 | 2 | 173335 | 169560-177110 | 25.78 | 24.08 | 27 | 5.37e+05 | 6.93e+04 | 0.13 | 17.2 | 3.10 |
| shared [c48/m32] {pristine} | 1 | 2 | 6760 | 6713-6807 | 1.00 | - | 2 | 2.09e+04 | 6.96e+04 | 3.32 | 0.0 | 3.10 |
| shared [c48/m32] {pristine} | 96 | 2 | 69710 | 68402-71018 | 10.31 | - | 26 | 2.16e+05 | 6.93e+04 | 0.32 | 8.5 | 3.09 |
| shared [c0/m32,ahash-tl] {pristine} | 1 | 1 | 6948 | 6948-6948 | 1.00 | 1.03 | 14 | 2.15e+04 | 7.06e+04 | 3.28 | 0.0 | 3.10 |
| shared [c0/m32,ahash-tl] {pristine} | 96 | 1 | 181133 | 181133-181133 | 26.07 | 25.95 | 27 | 5.61e+05 | 6.93e+04 | 0.12 | 15.8 | 3.10 |
| rehome [c0/m32] {pristine} | 1 | 1 | 7354 | 7354-7354 | 1.00 | 1.05 | 58 | 2.28e+04 | 7.53e+04 | 3.30 | 0.0 | 3.10 |
| rehome [c0/m32] {pristine} | 96 | 1 | 7398 | 7398-7398 | 1.01 | 1.03 | 26 | 2.26e+04 | 7.4e+04 | 3.27 | 0.7 | 3.06 |
| private [c0/m32] {pristine} | 1 | 1 | 7032 | 7032-7032 | 1.00 | 1.00 | 100 | 2.2e+04 | 6.96e+04 | 3.16 | 0.0 | 3.13 |
| private [c0/m32] {pristine} | 96 | 1 | 7200 | 7200-7200 | 1.02 | 1.00 | 26 | 2.2e+04 | 6.96e+04 | 3.16 | 0.8 | 3.06 |
| private [c0/m32,ahash-tl] {pristine} | 1 | 1 | 6748 | 6748-6748 | 1.00 | 1.00 | 6 | 2.11e+04 | 6.98e+04 | 3.31 | 0.0 | 3.13 |
| private [c0/m32,ahash-tl] {pristine} | 96 | 1 | 6981 | 6981-6981 | 1.03 | 1.00 | 24 | 2.09e+04 | 6.96e+04 | 3.32 | 0.0 | 3.00 |

checksum identity across variants, layouts and repeats: all equal per (work, K)
r2-k1-full-private k=1   full       private     cpu/op=14650.7 ns  busy pre/post 4.0/0.0%
r2-k1-full-rehome k=1   full       rehome      cpu/op=15268.7 ns  busy pre/post 0.0/3.9%
r2-k1-specialize-private k=1   specialize private     cpu/op=7919.7 ns  busy pre/post 0.0/19.2%
r2-k1-specialize-rehome k=1   specialize rehome      cpu/op=8393.1 ns  busy pre/post 5.9/2.0%
r2-k1-split-private k=1   split      private     cpu/op=6623.7 ns  busy pre/post 41.2/6.0%
r2-k1-split-rehome k=1   split      rehome      cpu/op=7158.0 ns  busy pre/post 44.2/76.5%
r2-k96-full-private k=96  full       private     cpu/op=15275.2 ns  busy pre/post 30.9/27.4%
r2-k96-full-rehome k=96  full       rehome      cpu/op=15560.3 ns  busy pre/post 27.4/27.3%
r2-k96-specialize-private k=96  specialize private     cpu/op=8040.6 ns  busy pre/post 27.1/26.0%
r2-k96-specialize-rehome k=96  specialize rehome      cpu/op=8384.9 ns  busy pre/post 24.9/25.7%
r2-k96-split-private k=96  split      private     cpu/op=7291.1 ns  busy pre/post 25.5/15.5%
r2-k96-split-rehome k=96  split      rehome      cpu/op=7443.6 ns  busy pre/post 26.7/24.0%

### work = full

| variant [layout] | K | runs | CPU/op ns (median) | min-max | x K=1 | x private | busy % | cycles/op | instr/op | IPC | x-CCX fills/op | GHz(u) |
|---|---:|---:|---:|---|---:|---:|---:|---:|---:|---:|---:|---:|
| shared [c0/m32] {pristine} | 1 | 2 | 14556 | 14539-14572 | 1.00 | 1.00 | 100 | 4.51e+04 | 1.24e+05 | 2.76 | 0.0 | 3.10 |
| shared [c0/m32] {pristine} | 24 | 2 | 61215 | 60351-62078 | 4.21 | - | 33 | 1.9e+05 | 1.24e+05 | 0.65 | 24.4 | 3.10 |
| shared [c0/m32] {pristine} | 96 | 2 | 208155 | 202583-213727 | 14.30 | 13.63 | 31 | 6.3e+05 | 1.24e+05 | 0.20 | 25.4 | 3.02 |
| shared [c48/m32] {pristine} | 1 | 2 | 14650 | 14607-14693 | 1.00 | - | 52 | 4.54e+04 | 1.24e+05 | 2.73 | 0.0 | 3.10 |
| shared [c48/m32] {pristine} | 96 | 2 | 78442 | 77027-79856 | 5.35 | - | 31 | 2.43e+05 | 1.24e+05 | 0.51 | 15.5 | 3.09 |
| rehome [c0/m32] {pristine} | 1 | 2 | 15186 | 15104-15269 | 1.00 | 1.04 | 100 | 4.7e+04 | 1.29e+05 | 2.75 | 0.0 | 3.10 |
| rehome [c0/m32] {pristine} | 96 | 2 | 15501 | 15441-15560 | 1.02 | 1.02 | 28 | 4.68e+04 | 1.29e+05 | 2.76 | 0.9 | 3.02 |
| private [c0/m32] {pristine} | 1 | 2 | 14581 | 14511-14651 | 1.00 | 1.00 | 12 | 4.53e+04 | 1.25e+05 | 2.75 | 0.0 | 3.11 |
| private [c0/m32] {pristine} | 96 | 2 | 15268 | 15260-15275 | 1.05 | 1.00 | 31 | 4.64e+04 | 1.24e+05 | 2.67 | 0.9 | 3.04 |

### work = specialize

| variant [layout] | K | runs | CPU/op ns (median) | min-max | x K=1 | x private | busy % | cycles/op | instr/op | IPC | x-CCX fills/op | GHz(u) |
|---|---:|---:|---:|---|---:|---:|---:|---:|---:|---:|---:|---:|
| shared [c0/m32] {pristine} | 1 | 2 | 7988 | 7907-8070 | 1.00 | 1.01 | 10 | 2.47e+04 | 5.55e+04 | 2.25 | 0.0 | 3.10 |
| shared [c0/m32] {pristine} | 24 | 2 | 10627 | 10419-10834 | 1.33 | - | 28 | 3.29e+04 | 5.54e+04 | 1.68 | 6.2 | 3.10 |
| shared [c0/m32] {pristine} | 96 | 2 | 31036 | 30292-31781 | 3.89 | 3.89 | 26 | 9.29e+04 | 5.54e+04 | 0.60 | 6.1 | 2.99 |
| shared [c48/m32] {pristine} | 1 | 2 | 7975 | 7910-8041 | 1.00 | - | 8 | 2.47e+04 | 5.55e+04 | 2.25 | 0.0 | 3.10 |
| shared [c48/m32] {pristine} | 96 | 2 | 20023 | 19539-20508 | 2.51 | - | 27 | 6.2e+04 | 5.54e+04 | 0.89 | 4.4 | 3.10 |
| rehome [c0/m32] {pristine} | 1 | 2 | 8512 | 8393-8632 | 1.00 | 1.08 | 57 | 2.64e+04 | 6.08e+04 | 2.31 | 0.0 | 3.10 |
| rehome [c0/m32] {pristine} | 96 | 2 | 8348 | 8310-8385 | 0.98 | 1.05 | 26 | 2.54e+04 | 6.06e+04 | 2.39 | 0.0 | 3.04 |
| private [c0/m32] {pristine} | 1 | 2 | 7875 | 7830-7920 | 1.00 | 1.00 | 59 | 2.46e+04 | 5.58e+04 | 2.27 | 0.0 | 3.12 |
| private [c0/m32] {pristine} | 96 | 2 | 7975 | 7910-8041 | 1.01 | 1.00 | 27 | 2.47e+04 | 5.56e+04 | 2.26 | 0.0 | 3.09 |

### work = split

| variant [layout] | K | runs | CPU/op ns (median) | min-max | x K=1 | x private | busy % | cycles/op | instr/op | IPC | x-CCX fills/op | GHz(u) |
|---|---:|---:|---:|---|---:|---:|---:|---:|---:|---:|---:|---:|
| shared [c0/m32] {pristine} | 1 | 2 | 6724 | 6644-6804 | 1.00 | 0.98 | 43 | 2.08e+04 | 6.93e+04 | 3.33 | 0.0 | 3.10 |
| shared [c0/m32] {pristine} | 24 | 2 | 50290 | 49839-50740 | 7.48 | - | 30 | 1.56e+05 | 6.94e+04 | 0.45 | 17.9 | 3.10 |
| shared [c0/m32] {pristine} | 96 | 2 | 173335 | 169560-177110 | 25.78 | 23.92 | 27 | 5.37e+05 | 6.93e+04 | 0.13 | 17.2 | 3.10 |
| shared [c48/m32] {pristine} | 1 | 2 | 6760 | 6713-6807 | 1.00 | - | 2 | 2.09e+04 | 6.96e+04 | 3.32 | 0.0 | 3.10 |
| shared [c48/m32] {pristine} | 96 | 2 | 69710 | 68402-71018 | 10.31 | - | 26 | 2.16e+05 | 6.93e+04 | 0.32 | 8.5 | 3.09 |
| shared [c0/m32,ahash-tl] {pristine} | 1 | 1 | 6948 | 6948-6948 | 1.00 | 1.03 | 14 | 2.15e+04 | 7.06e+04 | 3.28 | 0.0 | 3.10 |
| shared [c0/m32,ahash-tl] {pristine} | 96 | 1 | 181133 | 181133-181133 | 26.07 | 25.95 | 27 | 5.61e+05 | 6.93e+04 | 0.12 | 15.8 | 3.10 |
| rehome [c0/m32] {pristine} | 1 | 2 | 7256 | 7158-7354 | 1.00 | 1.06 | 76 | 2.25e+04 | 7.48e+04 | 3.33 | 0.0 | 3.10 |
| rehome [c0/m32] {pristine} | 96 | 2 | 7421 | 7398-7444 | 1.02 | 1.02 | 27 | 2.26e+04 | 7.4e+04 | 3.27 | 0.8 | 3.05 |
| private [c0/m32] {pristine} | 1 | 2 | 6828 | 6624-7032 | 1.00 | 1.00 | 100 | 2.14e+04 | 6.98e+04 | 3.27 | 0.0 | 3.13 |
| private [c0/m32] {pristine} | 96 | 2 | 7245 | 7200-7291 | 1.06 | 1.00 | 26 | 2.21e+04 | 6.96e+04 | 3.15 | 0.7 | 3.05 |
| private [c0/m32,ahash-tl] {pristine} | 1 | 1 | 6748 | 6748-6748 | 1.00 | 1.00 | 6 | 2.11e+04 | 6.98e+04 | 3.31 | 0.0 | 3.13 |
| private [c0/m32,ahash-tl] {pristine} | 96 | 1 | 6981 | 6981-6981 | 1.03 | 1.00 | 24 | 2.09e+04 | 6.96e+04 | 3.32 | 0.0 | 3.00 |

checksum identity across variants, layouts and repeats: all equal per (work, K)
r2-k1-split-shared k=1   split      shared      cpu/op=6622.1 ns  busy pre/post 98.0/2.0%
r2-k1-split-private k=1   split      private     cpu/op=6758.3 ns  busy pre/post 4.0/3.9%
r2-k96-split-shared k=96  split      shared      cpu/op=197659.5 ns  busy pre/post 28.8/20.4%
r2-k96-split-private k=96  split      private     cpu/op=7358.0 ns  busy pre/post 25.0/22.3%

### work = full

| variant [layout] | K | runs | CPU/op ns (median) | min-max | x K=1 | x private | busy % | cycles/op | instr/op | IPC | x-CCX fills/op | GHz(u) |
|---|---:|---:|---:|---|---:|---:|---:|---:|---:|---:|---:|---:|
| shared [c0/m32] {pristine} | 1 | 2 | 14556 | 14539-14572 | 1.00 | 1.00 | 100 | 4.51e+04 | 1.24e+05 | 2.76 | 0.0 | 3.10 |
| shared [c0/m32] {pristine} | 24 | 2 | 61215 | 60351-62078 | 4.21 | - | 33 | 1.9e+05 | 1.24e+05 | 0.65 | 24.4 | 3.10 |
| shared [c0/m32] {pristine} | 96 | 2 | 208155 | 202583-213727 | 14.30 | 13.63 | 31 | 6.3e+05 | 1.24e+05 | 0.20 | 25.4 | 3.02 |
| shared [c48/m32] {pristine} | 1 | 2 | 14650 | 14607-14693 | 1.00 | - | 52 | 4.54e+04 | 1.24e+05 | 2.73 | 0.0 | 3.10 |
| shared [c48/m32] {pristine} | 96 | 2 | 78442 | 77027-79856 | 5.35 | - | 31 | 2.43e+05 | 1.24e+05 | 0.51 | 15.5 | 3.09 |
| rehome [c0/m32] {pristine} | 1 | 2 | 15186 | 15104-15269 | 1.00 | 1.04 | 100 | 4.7e+04 | 1.29e+05 | 2.75 | 0.0 | 3.10 |
| rehome [c0/m32] {pristine} | 96 | 2 | 15501 | 15441-15560 | 1.02 | 1.02 | 28 | 4.68e+04 | 1.29e+05 | 2.76 | 0.9 | 3.02 |
| private [c0/m32] {pristine} | 1 | 2 | 14581 | 14511-14651 | 1.00 | 1.00 | 12 | 4.53e+04 | 1.25e+05 | 2.75 | 0.0 | 3.11 |
| private [c0/m32] {pristine} | 96 | 2 | 15268 | 15260-15275 | 1.05 | 1.00 | 31 | 4.64e+04 | 1.24e+05 | 2.67 | 0.9 | 3.04 |

### work = specialize

| variant [layout] | K | runs | CPU/op ns (median) | min-max | x K=1 | x private | busy % | cycles/op | instr/op | IPC | x-CCX fills/op | GHz(u) |
|---|---:|---:|---:|---|---:|---:|---:|---:|---:|---:|---:|---:|
| shared [c0/m32] {pristine} | 1 | 2 | 7988 | 7907-8070 | 1.00 | 1.01 | 10 | 2.47e+04 | 5.55e+04 | 2.25 | 0.0 | 3.10 |
| shared [c0/m32] {pristine} | 24 | 2 | 10627 | 10419-10834 | 1.33 | - | 28 | 3.29e+04 | 5.54e+04 | 1.68 | 6.2 | 3.10 |
| shared [c0/m32] {pristine} | 96 | 2 | 31036 | 30292-31781 | 3.89 | 3.89 | 26 | 9.29e+04 | 5.54e+04 | 0.60 | 6.1 | 2.99 |
| shared [c48/m32] {pristine} | 1 | 2 | 7975 | 7910-8041 | 1.00 | - | 8 | 2.47e+04 | 5.55e+04 | 2.25 | 0.0 | 3.10 |
| shared [c48/m32] {pristine} | 96 | 2 | 20023 | 19539-20508 | 2.51 | - | 27 | 6.2e+04 | 5.54e+04 | 0.89 | 4.4 | 3.10 |
| rehome [c0/m32] {pristine} | 1 | 2 | 8512 | 8393-8632 | 1.00 | 1.08 | 57 | 2.64e+04 | 6.08e+04 | 2.31 | 0.0 | 3.10 |
| rehome [c0/m32] {pristine} | 96 | 2 | 8348 | 8310-8385 | 0.98 | 1.05 | 26 | 2.54e+04 | 6.06e+04 | 2.39 | 0.0 | 3.04 |
| private [c0/m32] {pristine} | 1 | 2 | 7875 | 7830-7920 | 1.00 | 1.00 | 59 | 2.46e+04 | 5.58e+04 | 2.27 | 0.0 | 3.12 |
| private [c0/m32] {pristine} | 96 | 2 | 7975 | 7910-8041 | 1.01 | 1.00 | 27 | 2.47e+04 | 5.56e+04 | 2.26 | 0.0 | 3.09 |

### work = split

| variant [layout] | K | runs | CPU/op ns (median) | min-max | x K=1 | x private | busy % | cycles/op | instr/op | IPC | x-CCX fills/op | GHz(u) |
|---|---:|---:|---:|---|---:|---:|---:|---:|---:|---:|---:|---:|
| shared [c0/m32] {pristine} | 1 | 2 | 6724 | 6644-6804 | 1.00 | 0.98 | 43 | 2.08e+04 | 6.93e+04 | 3.33 | 0.0 | 3.10 |
| shared [c0/m32] {pristine} | 24 | 2 | 50290 | 49839-50740 | 7.48 | - | 30 | 1.56e+05 | 6.94e+04 | 0.45 | 17.9 | 3.10 |
| shared [c0/m32] {pristine} | 96 | 2 | 173335 | 169560-177110 | 25.78 | 23.92 | 27 | 5.37e+05 | 6.93e+04 | 0.13 | 17.2 | 3.10 |
| shared [c48/m32] {pristine} | 1 | 2 | 6760 | 6713-6807 | 1.00 | - | 2 | 2.09e+04 | 6.96e+04 | 3.32 | 0.0 | 3.10 |
| shared [c48/m32] {pristine} | 96 | 2 | 69710 | 68402-71018 | 10.31 | - | 26 | 2.16e+05 | 6.93e+04 | 0.32 | 8.5 | 3.09 |
| shared [c0/m32,ahash-tl] {pristine} | 1 | 2 | 6785 | 6622-6948 | 1.00 | 1.00 | 98 | 2.1e+04 | 7.03e+04 | 3.35 | 0.0 | 3.10 |
| shared [c0/m32,ahash-tl] {pristine} | 96 | 2 | 189396 | 181133-197660 | 27.91 | 26.42 | 29 | 5.86e+05 | 6.93e+04 | 0.12 | 17.0 | 3.10 |
| rehome [c0/m32] {pristine} | 1 | 2 | 7256 | 7158-7354 | 1.00 | 1.06 | 76 | 2.25e+04 | 7.48e+04 | 3.33 | 0.0 | 3.10 |
| rehome [c0/m32] {pristine} | 96 | 2 | 7421 | 7398-7444 | 1.02 | 1.02 | 27 | 2.26e+04 | 7.4e+04 | 3.27 | 0.8 | 3.05 |
| private [c0/m32] {pristine} | 1 | 2 | 6828 | 6624-7032 | 1.00 | 1.00 | 100 | 2.14e+04 | 6.98e+04 | 3.27 | 0.0 | 3.13 |
| private [c0/m32] {pristine} | 96 | 2 | 7245 | 7200-7291 | 1.06 | 1.00 | 26 | 2.21e+04 | 6.96e+04 | 3.15 | 0.7 | 3.05 |
| private [c0/m32,ahash-tl] {pristine} | 1 | 2 | 6753 | 6748-6758 | 1.00 | 1.00 | 6 | 2.11e+04 | 7e+04 | 3.31 | 0.0 | 3.13 |
| private [c0/m32,ahash-tl] {pristine} | 96 | 2 | 7169 | 6981-7358 | 1.06 | 1.00 | 25 | 2.16e+04 | 6.96e+04 | 3.22 | 0.0 | 3.01 |

checksum identity across variants, layouts and repeats: all equal per (work, K)
r2-k1-full-shared k=1   full       shared      cpu/op=14379.7 ns  busy pre/post 3.9/8.0%
r2-k1-split-shared k=1   split      shared      cpu/op=6466.1 ns  busy pre/post 0.0/82.7%
r2-k24-full-shared k=24  full       shared      cpu/op=16856.1 ns  busy pre/post 25.0/22.4%
r2-k24-split-shared k=24  split      shared      cpu/op=6727.2 ns  busy pre/post 25.5/20.0%
r2-k96-full-shared k=96  full       shared      cpu/op=34367.0 ns  busy pre/post 28.0/25.4%
r2-k96-split-shared k=96  split      shared      cpu/op=10599.9 ns  busy pre/post 24.8/23.3%

### work = full

| variant [layout] | K | runs | CPU/op ns (median) | min-max | x K=1 | x private | busy % | cycles/op | instr/op | IPC | x-CCX fills/op | GHz(u) |
|---|---:|---:|---:|---|---:|---:|---:|---:|---:|---:|---:|---:|
| shared [c0/m32] {p1a} | 1 | 2 | 14414 | 14380-14448 | 1.00 | - | 27 | 4.46e+04 | 1.25e+05 | 2.79 | 0.0 | 3.10 |
| shared [c0/m32] {p1a} | 24 | 2 | 16652 | 16449-16856 | 1.16 | - | 25 | 5.16e+04 | 1.24e+05 | 2.41 | 8.5 | 3.10 |
| shared [c0/m32] {p1a} | 96 | 2 | 36492 | 34367-38616 | 2.53 | - | 28 | 1.08e+05 | 1.24e+05 | 1.15 | 10.8 | 2.97 |

### work = split

| variant [layout] | K | runs | CPU/op ns (median) | min-max | x K=1 | x private | busy % | cycles/op | instr/op | IPC | x-CCX fills/op | GHz(u) |
|---|---:|---:|---:|---|---:|---:|---:|---:|---:|---:|---:|---:|
| shared [c0/m32] {p1a} | 1 | 2 | 6522 | 6466-6578 | 1.00 | 0.96 | 83 | 2.02e+04 | 7.02e+04 | 3.48 | 0.0 | 3.10 |
| shared [c0/m32] {p1a} | 24 | 2 | 6711 | 6695-6727 | 1.03 | - | 26 | 2.08e+04 | 7e+04 | 3.37 | 2.0 | 3.10 |
| shared [c0/m32] {p1a} | 96 | 2 | 10726 | 10600-10852 | 1.64 | 1.49 | 26 | 3.32e+04 | 6.99e+04 | 2.11 | 2.3 | 3.10 |
| shared [c0/m32,ahash-tl] {p1a} | 1 | 1 | 6778 | 6778-6778 | 1.00 | 1.04 | 34 | 2.1e+04 | 7.08e+04 | 3.37 | 0.0 | 3.10 |
| shared [c0/m32,ahash-tl] {p1a} | 96 | 1 | 10738 | 10738-10738 | 1.58 | 1.56 | 27 | 3.32e+04 | 7e+04 | 2.11 | 1.1 | 3.10 |
| private [c0/m32] {p1a} | 1 | 1 | 6806 | 6806-6806 | 1.00 | 1.00 | 38 | 2.12e+04 | 7.11e+04 | 3.35 | 0.0 | 3.12 |
| private [c0/m32] {p1a} | 96 | 1 | 7220 | 7220-7220 | 1.06 | 1.00 | 29 | 2.22e+04 | 7.02e+04 | 3.16 | 0.7 | 3.07 |
| private [c0/m32,ahash-tl] {p1a} | 1 | 1 | 6529 | 6529-6529 | 1.00 | 1.00 | 36 | 2.04e+04 | 7.04e+04 | 3.46 | 0.0 | 3.12 |
| private [c0/m32,ahash-tl] {p1a} | 96 | 1 | 6903 | 6903-6903 | 1.06 | 1.00 | 30 | 2.1e+04 | 7.02e+04 | 3.34 | 0.0 | 3.05 |

checksum identity across variants, layouts and repeats: all equal per (work, K)
r2-k1-split-private k=1   split      private     cpu/op=6743.3 ns  busy pre/post 29.4/3.9%
r2-k96-split-private k=96  split      private     cpu/op=7301.1 ns  busy pre/post 28.0/28.2%

### work = full

| variant [layout] | K | runs | CPU/op ns (median) | min-max | x K=1 | x private | busy % | cycles/op | instr/op | IPC | x-CCX fills/op | GHz(u) |
|---|---:|---:|---:|---|---:|---:|---:|---:|---:|---:|---:|---:|
| shared [c0/m32] {p1a} | 1 | 2 | 14414 | 14380-14448 | 1.00 | - | 27 | 4.46e+04 | 1.25e+05 | 2.79 | 0.0 | 3.10 |
| shared [c0/m32] {p1a} | 24 | 2 | 16652 | 16449-16856 | 1.16 | - | 25 | 5.16e+04 | 1.24e+05 | 2.41 | 8.5 | 3.10 |
| shared [c0/m32] {p1a} | 96 | 2 | 36492 | 34367-38616 | 2.53 | - | 28 | 1.08e+05 | 1.24e+05 | 1.15 | 10.8 | 2.97 |

### work = split

| variant [layout] | K | runs | CPU/op ns (median) | min-max | x K=1 | x private | busy % | cycles/op | instr/op | IPC | x-CCX fills/op | GHz(u) |
|---|---:|---:|---:|---|---:|---:|---:|---:|---:|---:|---:|---:|
| shared [c0/m32] {p1a} | 1 | 2 | 6522 | 6466-6578 | 1.00 | 0.96 | 83 | 2.02e+04 | 7.02e+04 | 3.48 | 0.0 | 3.10 |
| shared [c0/m32] {p1a} | 24 | 2 | 6711 | 6695-6727 | 1.03 | - | 26 | 2.08e+04 | 7e+04 | 3.37 | 2.0 | 3.10 |
| shared [c0/m32] {p1a} | 96 | 2 | 10726 | 10600-10852 | 1.64 | 1.48 | 26 | 3.32e+04 | 6.99e+04 | 2.11 | 2.3 | 3.10 |
| shared [c0/m32,ahash-tl] {p1a} | 1 | 1 | 6778 | 6778-6778 | 1.00 | 1.04 | 34 | 2.1e+04 | 7.08e+04 | 3.37 | 0.0 | 3.10 |
| shared [c0/m32,ahash-tl] {p1a} | 96 | 1 | 10738 | 10738-10738 | 1.58 | 1.56 | 27 | 3.32e+04 | 7e+04 | 2.11 | 1.1 | 3.10 |
| private [c0/m32] {p1a} | 1 | 2 | 6774 | 6743-6806 | 1.00 | 1.00 | 38 | 2.12e+04 | 7.08e+04 | 3.34 | 0.0 | 3.13 |
| private [c0/m32] {p1a} | 96 | 2 | 7260 | 7220-7301 | 1.07 | 1.00 | 29 | 2.21e+04 | 7.02e+04 | 3.18 | 0.7 | 3.04 |
| private [c0/m32,ahash-tl] {p1a} | 1 | 1 | 6529 | 6529-6529 | 1.00 | 1.00 | 36 | 2.04e+04 | 7.04e+04 | 3.46 | 0.0 | 3.12 |
| private [c0/m32,ahash-tl] {p1a} | 96 | 1 | 6903 | 6903-6903 | 1.06 | 1.00 | 30 | 2.1e+04 | 7.02e+04 | 3.34 | 0.0 | 3.05 |

checksum identity across variants, layouts and repeats: all equal per (work, K)
r2-k1-split-shared k=1   split      shared      cpu/op=6785.3 ns  busy pre/post 4.0/28.8%
r2-k1-split-private k=1   split      private     cpu/op=6795.1 ns  busy pre/post 37.3/8.0%
r2-k96-split-shared k=96  split      shared      cpu/op=10161.2 ns  busy pre/post 32.2/26.0%
r2-k96-split-private k=96  split      private     cpu/op=6990.1 ns  busy pre/post 26.5/27.1%

### work = full

| variant [layout] | K | runs | CPU/op ns (median) | min-max | x K=1 | x private | busy % | cycles/op | instr/op | IPC | x-CCX fills/op | GHz(u) |
|---|---:|---:|---:|---|---:|---:|---:|---:|---:|---:|---:|---:|
| shared [c0/m32] {p1a} | 1 | 2 | 14414 | 14380-14448 | 1.00 | - | 27 | 4.46e+04 | 1.25e+05 | 2.79 | 0.0 | 3.10 |
| shared [c0/m32] {p1a} | 24 | 2 | 16652 | 16449-16856 | 1.16 | - | 25 | 5.16e+04 | 1.24e+05 | 2.41 | 8.5 | 3.10 |
| shared [c0/m32] {p1a} | 96 | 2 | 36492 | 34367-38616 | 2.53 | - | 28 | 1.08e+05 | 1.24e+05 | 1.15 | 10.8 | 2.97 |

### work = split

| variant [layout] | K | runs | CPU/op ns (median) | min-max | x K=1 | x private | busy % | cycles/op | instr/op | IPC | x-CCX fills/op | GHz(u) |
|---|---:|---:|---:|---|---:|---:|---:|---:|---:|---:|---:|---:|
| shared [c0/m32] {p1a} | 1 | 2 | 6522 | 6466-6578 | 1.00 | 0.96 | 83 | 2.02e+04 | 7.02e+04 | 3.48 | 0.0 | 3.10 |
| shared [c0/m32] {p1a} | 24 | 2 | 6711 | 6695-6727 | 1.03 | - | 26 | 2.08e+04 | 7e+04 | 3.37 | 2.0 | 3.10 |
| shared [c0/m32] {p1a} | 96 | 2 | 10726 | 10600-10852 | 1.64 | 1.48 | 26 | 3.32e+04 | 6.99e+04 | 2.11 | 2.3 | 3.10 |
| shared [c0/m32,ahash-tl] {p1a} | 1 | 2 | 6782 | 6778-6785 | 1.00 | 1.02 | 34 | 2.1e+04 | 7.08e+04 | 3.37 | 0.0 | 3.10 |
| shared [c0/m32,ahash-tl] {p1a} | 96 | 2 | 10449 | 10161-10738 | 1.54 | 1.50 | 32 | 3.23e+04 | 7e+04 | 2.16 | 1.2 | 3.09 |
| private [c0/m32] {p1a} | 1 | 2 | 6774 | 6743-6806 | 1.00 | 1.00 | 38 | 2.12e+04 | 7.08e+04 | 3.34 | 0.0 | 3.13 |
| private [c0/m32] {p1a} | 96 | 2 | 7260 | 7220-7301 | 1.07 | 1.00 | 29 | 2.21e+04 | 7.02e+04 | 3.18 | 0.7 | 3.04 |
| private [c0/m32,ahash-tl] {p1a} | 1 | 2 | 6662 | 6529-6795 | 1.00 | 1.00 | 37 | 2.08e+04 | 7.05e+04 | 3.39 | 0.0 | 3.13 |
| private [c0/m32,ahash-tl] {p1a} | 96 | 2 | 6947 | 6903-6990 | 1.04 | 1.00 | 30 | 2.11e+04 | 7.02e+04 | 3.33 | 0.0 | 3.03 |

checksum identity across variants, layouts and repeats: all equal per (work, K)
r2-k1-full-shared k=1   full       shared      cpu/op=14562.7 ns  busy pre/post 100.0/3.8%
r2-k1-specialize-shared k=1   specialize shared      cpu/op=7854.1 ns  busy pre/post 64.7/9.8%
r2-k1-split-shared k=1   split      shared      cpu/op=6736.1 ns  busy pre/post 11.8/28.0%
r2-k24-full-shared k=24  full       shared      cpu/op=16122.0 ns  busy pre/post 28.8/26.6%
r2-k24-specialize-shared k=24  specialize shared      cpu/op=10441.2 ns  busy pre/post 23.6/25.7%
r2-k24-split-shared k=24  split      shared      cpu/op=6758.1 ns  busy pre/post 27.9/25.6%
r2-k96-full-shared k=96  full       shared      cpu/op=33605.2 ns  busy pre/post 27.7/25.7%
r2-k96-specialize-shared k=96  specialize shared      cpu/op=28500.1 ns  busy pre/post 25.1/21.8%
r2-k96-split-shared k=96  split      shared      cpu/op=10391.8 ns  busy pre/post 22.8/28.3%

### work = full

| variant [layout] | K | runs | CPU/op ns (median) | min-max | x K=1 | x private | busy % | cycles/op | instr/op | IPC | x-CCX fills/op | GHz(u) |
|---|---:|---:|---:|---|---:|---:|---:|---:|---:|---:|---:|---:|
| shared [c0/m32] {proposed} | 1 | 2 | 14556 | 14548-14563 | 1.00 | 0.99 | 100 | 4.51e+04 | 1.25e+05 | 2.76 | 0.0 | 3.10 |
| shared [c0/m32] {proposed} | 24 | 2 | 16297 | 16122-16472 | 1.12 | - | 29 | 5.05e+04 | 1.24e+05 | 2.46 | 7.5 | 3.10 |
| shared [c0/m32] {proposed} | 96 | 2 | 33648 | 33605-33690 | 2.31 | 2.27 | 32 | 1.04e+05 | 1.24e+05 | 1.19 | 7.4 | 3.10 |
| shared [c48/m32] {proposed} | 1 | 1 | 14844 | 14844-14844 | 1.00 | - | 24 | 4.6e+04 | 1.25e+05 | 2.72 | 0.0 | 3.10 |
| shared [c48/m32] {proposed} | 96 | 1 | 24688 | 24688-24688 | 1.66 | - | 35 | 7.64e+04 | 1.24e+05 | 1.62 | 5.5 | 3.09 |
| rehome-api [c0/m32] {proposed} | 1 | 1 | 14932 | 14932-14932 | 1.00 | 1.02 | 18 | 4.62e+04 | 1.26e+05 | 2.74 | 0.0 | 3.10 |
| rehome-api [c0/m32] {proposed} | 96 | 1 | 15049 | 15049-15049 | 1.01 | 1.02 | 35 | 4.54e+04 | 1.26e+05 | 2.79 | 0.0 | 3.02 |
| private [c0/m32] {proposed} | 1 | 1 | 14711 | 14711-14711 | 1.00 | 1.00 | 22 | 4.58e+04 | 1.24e+05 | 2.71 | 0.0 | 3.11 |
| private [c0/m32] {proposed} | 96 | 1 | 14793 | 14793-14793 | 1.01 | 1.00 | 37 | 4.55e+04 | 1.24e+05 | 2.73 | 0.0 | 3.07 |

### work = specialize

| variant [layout] | K | runs | CPU/op ns (median) | min-max | x K=1 | x private | busy % | cycles/op | instr/op | IPC | x-CCX fills/op | GHz(u) |
|---|---:|---:|---:|---|---:|---:|---:|---:|---:|---:|---:|---:|
| shared [c0/m32] {proposed} | 1 | 2 | 7817 | 7780-7854 | 1.00 | 1.00 | 98 | 2.42e+04 | 5.55e+04 | 2.29 | 0.0 | 3.10 |
| shared [c0/m32] {proposed} | 24 | 2 | 10479 | 10441-10517 | 1.34 | - | 26 | 3.24e+04 | 5.54e+04 | 1.71 | 6.2 | 3.10 |
| shared [c0/m32] {proposed} | 96 | 2 | 28742 | 28500-28984 | 3.68 | 3.61 | 26 | 8.9e+04 | 5.54e+04 | 0.62 | 6.1 | 3.10 |
| shared [c48/m32] {proposed} | 1 | 1 | 7809 | 7809-7809 | 1.00 | - | 2 | 2.42e+04 | 5.55e+04 | 2.30 | 0.0 | 3.10 |
| shared [c48/m32] {proposed} | 96 | 1 | 17272 | 17272-17272 | 2.21 | - | 46 | 5.34e+04 | 5.54e+04 | 1.04 | 4.6 | 3.09 |
| rehome-api [c0/m32] {proposed} | 1 | 1 | 8086 | 8086-8086 | 1.00 | 1.03 | 54 | 2.5e+04 | 5.78e+04 | 2.31 | 0.0 | 3.10 |
| rehome-api [c0/m32] {proposed} | 96 | 1 | 8103 | 8103-8103 | 1.00 | 1.02 | 33 | 2.45e+04 | 5.77e+04 | 2.35 | 0.0 | 3.03 |
| private [c0/m32] {proposed} | 1 | 1 | 7829 | 7829-7829 | 1.00 | 1.00 | 16 | 2.45e+04 | 5.58e+04 | 2.28 | 0.0 | 3.13 |
| private [c0/m32] {proposed} | 96 | 1 | 7972 | 7972-7972 | 1.02 | 1.00 | 33 | 2.45e+04 | 5.56e+04 | 2.27 | 0.0 | 3.07 |

### work = split

| variant [layout] | K | runs | CPU/op ns (median) | min-max | x K=1 | x private | busy % | cycles/op | instr/op | IPC | x-CCX fills/op | GHz(u) |
|---|---:|---:|---:|---|---:|---:|---:|---:|---:|---:|---:|---:|
| shared [c0/m32] {proposed} | 1 | 2 | 6815 | 6736-6894 | 1.00 | 0.95 | 28 | 2.11e+04 | 7.05e+04 | 3.34 | 0.0 | 3.10 |
| shared [c0/m32] {proposed} | 24 | 2 | 6725 | 6692-6758 | 0.99 | - | 28 | 2.08e+04 | 6.98e+04 | 3.35 | 1.2 | 3.10 |
| shared [c0/m32] {proposed} | 96 | 2 | 10247 | 10103-10392 | 1.50 | 1.43 | 28 | 3.17e+04 | 6.98e+04 | 2.20 | 1.2 | 3.10 |
| shared [c48/m32] {proposed} | 1 | 1 | 6825 | 6825-6825 | 1.00 | - | 38 | 2.11e+04 | 7.04e+04 | 3.33 | 0.0 | 3.10 |
| shared [c48/m32] {proposed} | 96 | 1 | 10098 | 10098-10098 | 1.48 | - | 40 | 3.11e+04 | 6.98e+04 | 2.25 | 1.2 | 3.07 |
| rehome-api [c0/m32] {proposed} | 1 | 1 | 7134 | 7134-7134 | 1.00 | 0.99 | 18 | 2.21e+04 | 7.18e+04 | 3.25 | 0.0 | 3.10 |
| rehome-api [c0/m32] {proposed} | 96 | 1 | 7040 | 7040-7040 | 0.99 | 0.98 | 33 | 2.12e+04 | 7.13e+04 | 3.37 | 0.0 | 3.01 |
| private [c0/m32] {proposed} | 1 | 1 | 7193 | 7193-7193 | 1.00 | 1.00 | 91 | 2.25e+04 | 7.03e+04 | 3.12 | 0.0 | 3.13 |
| private [c0/m32] {proposed} | 96 | 1 | 7160 | 7160-7160 | 1.00 | 1.00 | 32 | 2.16e+04 | 7e+04 | 3.24 | 0.0 | 3.02 |

checksum identity across variants, layouts and repeats: all equal per (work, K)
r2-k1-full-shared k=1   full       shared      cpu/op=14944.0 ns  busy pre/post 100.0/3.9%
r2-k1-specialize-shared k=1   specialize shared      cpu/op=7794.3 ns  busy pre/post 0.0/28.0%
r2-k1-split-shared k=1   split      shared      cpu/op=6691.2 ns  busy pre/post 62.0/84.6%
r2-k96-full-shared k=96  full       shared      cpu/op=27842.7 ns  busy pre/post 25.8/25.2%
r2-k96-specialize-shared k=96  specialize shared      cpu/op=21013.7 ns  busy pre/post 25.1/23.8%
r2-k96-split-shared k=96  split      shared      cpu/op=10731.5 ns  busy pre/post 24.4/23.2%

### work = full

| variant [layout] | K | runs | CPU/op ns (median) | min-max | x K=1 | x private | busy % | cycles/op | instr/op | IPC | x-CCX fills/op | GHz(u) |
|---|---:|---:|---:|---|---:|---:|---:|---:|---:|---:|---:|---:|
| shared [c0/m32] {proposed} | 1 | 2 | 14556 | 14548-14563 | 1.00 | 0.99 | 100 | 4.51e+04 | 1.25e+05 | 2.76 | 0.0 | 3.10 |
| shared [c0/m32] {proposed} | 24 | 2 | 16297 | 16122-16472 | 1.12 | - | 29 | 5.05e+04 | 1.24e+05 | 2.46 | 7.5 | 3.10 |
| shared [c0/m32] {proposed} | 96 | 2 | 33648 | 33605-33690 | 2.31 | 2.27 | 32 | 1.04e+05 | 1.24e+05 | 1.19 | 7.4 | 3.10 |
| shared [c48/m32] {proposed} | 1 | 2 | 14894 | 14844-14944 | 1.00 | - | 100 | 4.61e+04 | 1.25e+05 | 2.71 | 0.0 | 3.10 |
| shared [c48/m32] {proposed} | 96 | 2 | 26265 | 24688-27843 | 1.76 | - | 35 | 8.13e+04 | 1.24e+05 | 1.52 | 5.4 | 3.09 |
| rehome-api [c0/m32] {proposed} | 1 | 1 | 14932 | 14932-14932 | 1.00 | 1.02 | 18 | 4.62e+04 | 1.26e+05 | 2.74 | 0.0 | 3.10 |
| rehome-api [c0/m32] {proposed} | 96 | 1 | 15049 | 15049-15049 | 1.01 | 1.02 | 35 | 4.54e+04 | 1.26e+05 | 2.79 | 0.0 | 3.02 |
| private [c0/m32] {proposed} | 1 | 1 | 14711 | 14711-14711 | 1.00 | 1.00 | 22 | 4.58e+04 | 1.24e+05 | 2.71 | 0.0 | 3.11 |
| private [c0/m32] {proposed} | 96 | 1 | 14793 | 14793-14793 | 1.01 | 1.00 | 37 | 4.55e+04 | 1.24e+05 | 2.73 | 0.0 | 3.07 |

### work = specialize

| variant [layout] | K | runs | CPU/op ns (median) | min-max | x K=1 | x private | busy % | cycles/op | instr/op | IPC | x-CCX fills/op | GHz(u) |
|---|---:|---:|---:|---|---:|---:|---:|---:|---:|---:|---:|---:|
| shared [c0/m32] {proposed} | 1 | 2 | 7817 | 7780-7854 | 1.00 | 1.00 | 98 | 2.42e+04 | 5.55e+04 | 2.29 | 0.0 | 3.10 |
| shared [c0/m32] {proposed} | 24 | 2 | 10479 | 10441-10517 | 1.34 | - | 26 | 3.24e+04 | 5.54e+04 | 1.71 | 6.2 | 3.10 |
| shared [c0/m32] {proposed} | 96 | 2 | 28742 | 28500-28984 | 3.68 | 3.61 | 26 | 8.9e+04 | 5.54e+04 | 0.62 | 6.1 | 3.10 |
| shared [c48/m32] {proposed} | 1 | 2 | 7802 | 7794-7809 | 1.00 | - | 28 | 2.42e+04 | 5.55e+04 | 2.30 | 0.0 | 3.10 |
| shared [c48/m32] {proposed} | 96 | 2 | 19143 | 17272-21014 | 2.45 | - | 46 | 5.92e+04 | 5.54e+04 | 0.93 | 4.5 | 3.09 |
| rehome-api [c0/m32] {proposed} | 1 | 1 | 8086 | 8086-8086 | 1.00 | 1.03 | 54 | 2.5e+04 | 5.78e+04 | 2.31 | 0.0 | 3.10 |
| rehome-api [c0/m32] {proposed} | 96 | 1 | 8103 | 8103-8103 | 1.00 | 1.02 | 33 | 2.45e+04 | 5.77e+04 | 2.35 | 0.0 | 3.03 |
| private [c0/m32] {proposed} | 1 | 1 | 7829 | 7829-7829 | 1.00 | 1.00 | 16 | 2.45e+04 | 5.58e+04 | 2.28 | 0.0 | 3.13 |
| private [c0/m32] {proposed} | 96 | 1 | 7972 | 7972-7972 | 1.02 | 1.00 | 33 | 2.45e+04 | 5.56e+04 | 2.27 | 0.0 | 3.07 |

### work = split

| variant [layout] | K | runs | CPU/op ns (median) | min-max | x K=1 | x private | busy % | cycles/op | instr/op | IPC | x-CCX fills/op | GHz(u) |
|---|---:|---:|---:|---|---:|---:|---:|---:|---:|---:|---:|---:|
| shared [c0/m32] {proposed} | 1 | 2 | 6815 | 6736-6894 | 1.00 | 0.95 | 28 | 2.11e+04 | 7.05e+04 | 3.34 | 0.0 | 3.10 |
| shared [c0/m32] {proposed} | 24 | 2 | 6725 | 6692-6758 | 0.99 | - | 28 | 2.08e+04 | 6.98e+04 | 3.35 | 1.2 | 3.10 |
| shared [c0/m32] {proposed} | 96 | 2 | 10247 | 10103-10392 | 1.50 | 1.43 | 28 | 3.17e+04 | 6.98e+04 | 2.20 | 1.2 | 3.10 |
| shared [c48/m32] {proposed} | 1 | 2 | 6758 | 6691-6825 | 1.00 | - | 85 | 2.09e+04 | 7.04e+04 | 3.36 | 0.0 | 3.10 |
| shared [c48/m32] {proposed} | 96 | 2 | 10415 | 10098-10732 | 1.54 | - | 40 | 3.21e+04 | 6.98e+04 | 2.17 | 1.2 | 3.09 |
| rehome-api [c0/m32] {proposed} | 1 | 1 | 7134 | 7134-7134 | 1.00 | 0.99 | 18 | 2.21e+04 | 7.18e+04 | 3.25 | 0.0 | 3.10 |
| rehome-api [c0/m32] {proposed} | 96 | 1 | 7040 | 7040-7040 | 0.99 | 0.98 | 33 | 2.12e+04 | 7.13e+04 | 3.37 | 0.0 | 3.01 |
| private [c0/m32] {proposed} | 1 | 1 | 7193 | 7193-7193 | 1.00 | 1.00 | 91 | 2.25e+04 | 7.03e+04 | 3.12 | 0.0 | 3.13 |
| private [c0/m32] {proposed} | 96 | 1 | 7160 | 7160-7160 | 1.00 | 1.00 | 32 | 2.16e+04 | 7e+04 | 3.24 | 0.0 | 3.02 |

checksum identity across variants, layouts and repeats: all equal per (work, K)
r2-k1-full-private k=1   full       private     cpu/op=14518.2 ns  busy pre/post 100.0/2.0%
r2-k1-full-rehome-api k=1   full       rehome-api  cpu/op=14759.0 ns  busy pre/post 0.0/2.0%
r2-k1-specialize-private k=1   specialize private     cpu/op=7818.8 ns  busy pre/post 4.0/2.0%
r2-k1-specialize-rehome-api k=1   specialize rehome-api  cpu/op=8045.2 ns  busy pre/post 14.3/5.9%
r2-k1-split-private k=1   split      private     cpu/op=6770.6 ns  busy pre/post 2.0/2.0%
r2-k1-split-rehome-api k=1   split      rehome-api  cpu/op=7295.4 ns  busy pre/post 0.0/100.0%
r2-k96-full-private k=96  full       private     cpu/op=14684.7 ns  busy pre/post 31.7/27.8%
r2-k96-full-rehome-api k=96  full       rehome-api  cpu/op=14940.4 ns  busy pre/post 32.7/29.2%
r2-k96-specialize-private k=96  specialize private     cpu/op=8071.6 ns  busy pre/post 30.5/30.5%
r2-k96-specialize-rehome-api k=96  specialize rehome-api  cpu/op=8050.2 ns  busy pre/post 30.4/29.5%
r2-k96-split-private k=96  split      private     cpu/op=7309.0 ns  busy pre/post 34.9/28.7%
r2-k96-split-rehome-api k=96  split      rehome-api  cpu/op=6905.1 ns  busy pre/post 29.6/27.4%

### work = full

| variant [layout] | K | runs | CPU/op ns (median) | min-max | x K=1 | x private | busy % | cycles/op | instr/op | IPC | x-CCX fills/op | GHz(u) |
|---|---:|---:|---:|---|---:|---:|---:|---:|---:|---:|---:|---:|
| shared [c0/m32] {proposed} | 1 | 2 | 14556 | 14548-14563 | 1.00 | 1.00 | 100 | 4.51e+04 | 1.25e+05 | 2.76 | 0.0 | 3.10 |
| shared [c0/m32] {proposed} | 24 | 2 | 16297 | 16122-16472 | 1.12 | - | 29 | 5.05e+04 | 1.24e+05 | 2.46 | 7.5 | 3.10 |
| shared [c0/m32] {proposed} | 96 | 2 | 33648 | 33605-33690 | 2.31 | 2.28 | 32 | 1.04e+05 | 1.24e+05 | 1.19 | 7.4 | 3.10 |
| shared [c48/m32] {proposed} | 1 | 2 | 14894 | 14844-14944 | 1.00 | - | 100 | 4.61e+04 | 1.25e+05 | 2.71 | 0.0 | 3.10 |
| shared [c48/m32] {proposed} | 96 | 2 | 26265 | 24688-27843 | 1.76 | - | 35 | 8.13e+04 | 1.24e+05 | 1.52 | 5.4 | 3.09 |
| rehome-api [c0/m32] {proposed} | 1 | 2 | 14845 | 14759-14932 | 1.00 | 1.02 | 18 | 4.6e+04 | 1.27e+05 | 2.75 | 0.0 | 3.10 |
| rehome-api [c0/m32] {proposed} | 96 | 2 | 14994 | 14940-15049 | 1.01 | 1.02 | 35 | 4.53e+04 | 1.26e+05 | 2.79 | 0.0 | 3.02 |
| private [c0/m32] {proposed} | 1 | 2 | 14614 | 14518-14711 | 1.00 | 1.00 | 100 | 4.55e+04 | 1.24e+05 | 2.73 | 0.0 | 3.11 |
| private [c0/m32] {proposed} | 96 | 2 | 14739 | 14685-14793 | 1.01 | 1.00 | 37 | 4.52e+04 | 1.24e+05 | 2.74 | 0.0 | 3.07 |

### work = specialize

| variant [layout] | K | runs | CPU/op ns (median) | min-max | x K=1 | x private | busy % | cycles/op | instr/op | IPC | x-CCX fills/op | GHz(u) |
|---|---:|---:|---:|---|---:|---:|---:|---:|---:|---:|---:|---:|
| shared [c0/m32] {proposed} | 1 | 2 | 7817 | 7780-7854 | 1.00 | 1.00 | 98 | 2.42e+04 | 5.55e+04 | 2.29 | 0.0 | 3.10 |
| shared [c0/m32] {proposed} | 24 | 2 | 10479 | 10441-10517 | 1.34 | - | 26 | 3.24e+04 | 5.54e+04 | 1.71 | 6.2 | 3.10 |
| shared [c0/m32] {proposed} | 96 | 2 | 28742 | 28500-28984 | 3.68 | 3.58 | 26 | 8.9e+04 | 5.54e+04 | 0.62 | 6.1 | 3.10 |
| shared [c48/m32] {proposed} | 1 | 2 | 7802 | 7794-7809 | 1.00 | - | 28 | 2.42e+04 | 5.55e+04 | 2.30 | 0.0 | 3.10 |
| shared [c48/m32] {proposed} | 96 | 2 | 19143 | 17272-21014 | 2.45 | - | 46 | 5.92e+04 | 5.54e+04 | 0.93 | 4.5 | 3.09 |
| rehome-api [c0/m32] {proposed} | 1 | 2 | 8066 | 8045-8086 | 1.00 | 1.03 | 54 | 2.5e+04 | 5.78e+04 | 2.31 | 0.0 | 3.10 |
| rehome-api [c0/m32] {proposed} | 96 | 2 | 8076 | 8050-8103 | 1.00 | 1.01 | 33 | 2.44e+04 | 5.77e+04 | 2.36 | 0.0 | 3.02 |
| private [c0/m32] {proposed} | 1 | 2 | 7824 | 7819-7829 | 1.00 | 1.00 | 16 | 2.45e+04 | 5.58e+04 | 2.28 | 0.0 | 3.13 |
| private [c0/m32] {proposed} | 96 | 2 | 8022 | 7972-8072 | 1.03 | 1.00 | 33 | 2.46e+04 | 5.56e+04 | 2.26 | 0.0 | 3.06 |

### work = split

| variant [layout] | K | runs | CPU/op ns (median) | min-max | x K=1 | x private | busy % | cycles/op | instr/op | IPC | x-CCX fills/op | GHz(u) |
|---|---:|---:|---:|---|---:|---:|---:|---:|---:|---:|---:|---:|
| shared [c0/m32] {proposed} | 1 | 2 | 6815 | 6736-6894 | 1.00 | 0.98 | 28 | 2.11e+04 | 7.05e+04 | 3.34 | 0.0 | 3.10 |
| shared [c0/m32] {proposed} | 24 | 2 | 6725 | 6692-6758 | 0.99 | - | 28 | 2.08e+04 | 6.98e+04 | 3.35 | 1.2 | 3.10 |
| shared [c0/m32] {proposed} | 96 | 2 | 10247 | 10103-10392 | 1.50 | 1.42 | 28 | 3.17e+04 | 6.98e+04 | 2.20 | 1.2 | 3.10 |
| shared [c48/m32] {proposed} | 1 | 2 | 6758 | 6691-6825 | 1.00 | - | 85 | 2.09e+04 | 7.04e+04 | 3.36 | 0.0 | 3.10 |
| shared [c48/m32] {proposed} | 96 | 2 | 10415 | 10098-10732 | 1.54 | - | 40 | 3.21e+04 | 6.98e+04 | 2.17 | 1.2 | 3.09 |
| rehome-api [c0/m32] {proposed} | 1 | 2 | 7215 | 7134-7295 | 1.00 | 1.03 | 100 | 2.24e+04 | 7.18e+04 | 3.21 | 0.0 | 3.10 |
| rehome-api [c0/m32] {proposed} | 96 | 2 | 6972 | 6905-7040 | 0.97 | 0.96 | 33 | 2.1e+04 | 7.13e+04 | 3.40 | 0.0 | 3.01 |
| private [c0/m32] {proposed} | 1 | 2 | 6982 | 6771-7193 | 1.00 | 1.00 | 91 | 2.18e+04 | 7.03e+04 | 3.22 | 0.0 | 3.13 |
| private [c0/m32] {proposed} | 96 | 2 | 7235 | 7160-7309 | 1.04 | 1.00 | 35 | 2.19e+04 | 7e+04 | 3.19 | 0.0 | 3.03 |

checksum identity across variants, layouts and repeats: all equal per (work, K)
r2-k1-full-shared k=1   full       shared      cpu/op=14600.0 ns  busy pre/post 88.5/0.0%
r2-k1-specialize-shared k=1   specialize shared      cpu/op=7875.6 ns  busy pre/post 23.1/1.9%
r2-k1-split-shared k=1   split      shared      cpu/op=6594.6 ns  busy pre/post 0.0/73.1%
r2-k24-full-shared k=24  full       shared      cpu/op=24021.8 ns  busy pre/post 37.0/12.7%
r2-k24-specialize-shared k=24  specialize shared      cpu/op=8715.0 ns  busy pre/post 19.5/20.2%
r2-k24-split-shared k=24  split      shared      cpu/op=18625.8 ns  busy pre/post 24.0/20.3%
r2-k96-full-shared k=96  full       shared      cpu/op=76332.4 ns  busy pre/post 33.9/28.5%
r2-k96-specialize-shared k=96  specialize shared      cpu/op=19859.7 ns  busy pre/post 29.0/27.6%
r2-k96-split-shared k=96  split      shared      cpu/op=65550.7 ns  busy pre/post 28.8/23.3%

### work = full

| variant [layout] | K | runs | CPU/op ns (median) | min-max | x K=1 | x private | busy % | cycles/op | instr/op | IPC | x-CCX fills/op | GHz(u) |
|---|---:|---:|---:|---|---:|---:|---:|---:|---:|---:|---:|---:|
| shared [c0/m32] {padded} | 1 | 2 | 14634 | 14600-14669 | 1.00 | - | 88 | 4.53e+04 | 1.24e+05 | 2.75 | 0.0 | 3.10 |
| shared [c0/m32] {padded} | 24 | 2 | 22671 | 21321-24022 | 1.55 | - | 39 | 7.02e+04 | 1.23e+05 | 1.76 | 13.8 | 3.10 |
| shared [c0/m32] {padded} | 96 | 2 | 73979 | 71625-76332 | 5.06 | - | 34 | 2.29e+05 | 1.23e+05 | 0.54 | 16.0 | 3.09 |
| shared [c48/m32] {padded} | 1 | 1 | 14806 | 14806-14806 | 1.00 | - | 9 | 4.58e+04 | 1.24e+05 | 2.71 | 0.0 | 3.10 |
| shared [c48/m32] {padded} | 96 | 1 | 72797 | 72797-72797 | 4.92 | - | 31 | 2.25e+05 | 1.23e+05 | 0.55 | 15.8 | 3.09 |

### work = specialize

| variant [layout] | K | runs | CPU/op ns (median) | min-max | x K=1 | x private | busy % | cycles/op | instr/op | IPC | x-CCX fills/op | GHz(u) |
|---|---:|---:|---:|---|---:|---:|---:|---:|---:|---:|---:|---:|
| shared [c0/m32] {padded} | 1 | 2 | 7868 | 7860-7876 | 1.00 | - | 23 | 2.44e+04 | 5.54e+04 | 2.27 | 0.0 | 3.10 |
| shared [c0/m32] {padded} | 24 | 2 | 8649 | 8583-8715 | 1.10 | - | 26 | 2.68e+04 | 5.53e+04 | 2.06 | 4.6 | 3.10 |
| shared [c0/m32] {padded} | 96 | 2 | 19036 | 18212-19860 | 2.42 | - | 32 | 5.89e+04 | 5.52e+04 | 0.94 | 4.5 | 3.10 |
| shared [c48/m32] {padded} | 1 | 1 | 7917 | 7917-7917 | 1.00 | - | 37 | 2.45e+04 | 5.54e+04 | 2.26 | 0.0 | 3.10 |
| shared [c48/m32] {padded} | 96 | 1 | 18849 | 18849-18849 | 2.38 | - | 28 | 5.83e+04 | 5.52e+04 | 0.95 | 4.5 | 3.10 |

### work = split

| variant [layout] | K | runs | CPU/op ns (median) | min-max | x K=1 | x private | busy % | cycles/op | instr/op | IPC | x-CCX fills/op | GHz(u) |
|---|---:|---:|---:|---|---:|---:|---:|---:|---:|---:|---:|---:|
| shared [c0/m32] {padded} | 1 | 2 | 6647 | 6595-6700 | 1.00 | - | 73 | 2.06e+04 | 6.96e+04 | 3.38 | 0.0 | 3.10 |
| shared [c0/m32] {padded} | 24 | 2 | 18434 | 18242-18626 | 2.77 | - | 33 | 5.71e+04 | 6.93e+04 | 1.21 | 8.2 | 3.10 |
| shared [c0/m32] {padded} | 96 | 2 | 64744 | 63937-65551 | 9.74 | - | 32 | 2e+05 | 6.93e+04 | 0.35 | 8.5 | 3.09 |
| shared [c48/m32] {padded} | 1 | 1 | 6715 | 6715-6715 | 1.00 | - | 47 | 2.08e+04 | 6.99e+04 | 3.36 | 0.0 | 3.10 |
| shared [c48/m32] {padded} | 96 | 1 | 65970 | 65970-65970 | 9.82 | - | 31 | 2.04e+05 | 6.93e+04 | 0.34 | 8.4 | 3.09 |

checksum identity across variants, layouts and repeats: all equal per (work, K)
r2-k1-full-shared k=1   full       shared      cpu/op=14600.6 ns  busy pre/post 15.4/14.0%
r2-k1-specialize-shared k=1   specialize shared      cpu/op=7847.0 ns  busy pre/post 21.6/7.8%
r2-k1-split-shared k=1   split      shared      cpu/op=6950.4 ns  busy pre/post 0.0/3.5%
r2-k96-full-shared k=96  full       shared      cpu/op=73772.8 ns  busy pre/post 39.2/29.3%
r2-k96-specialize-shared k=96  specialize shared      cpu/op=23034.4 ns  busy pre/post 29.3/36.2%
r2-k96-split-shared k=96  split      shared      cpu/op=65373.8 ns  busy pre/post 35.9/30.1%

### work = full

| variant [layout] | K | runs | CPU/op ns (median) | min-max | x K=1 | x private | busy % | cycles/op | instr/op | IPC | x-CCX fills/op | GHz(u) |
|---|---:|---:|---:|---|---:|---:|---:|---:|---:|---:|---:|---:|
| shared [c0/m32] {padded} | 1 | 2 | 14634 | 14600-14669 | 1.00 | - | 88 | 4.53e+04 | 1.24e+05 | 2.75 | 0.0 | 3.10 |
| shared [c0/m32] {padded} | 24 | 2 | 22671 | 21321-24022 | 1.55 | - | 39 | 7.02e+04 | 1.23e+05 | 1.76 | 13.8 | 3.10 |
| shared [c0/m32] {padded} | 96 | 2 | 73979 | 71625-76332 | 5.06 | - | 34 | 2.29e+05 | 1.23e+05 | 0.54 | 16.0 | 3.09 |
| shared [c48/m32] {padded} | 1 | 2 | 14703 | 14601-14806 | 1.00 | - | 15 | 4.55e+04 | 1.24e+05 | 2.73 | 0.0 | 3.10 |
| shared [c48/m32] {padded} | 96 | 2 | 73285 | 72797-73773 | 4.98 | - | 39 | 2.27e+05 | 1.23e+05 | 0.54 | 15.7 | 3.09 |

### work = specialize

| variant [layout] | K | runs | CPU/op ns (median) | min-max | x K=1 | x private | busy % | cycles/op | instr/op | IPC | x-CCX fills/op | GHz(u) |
|---|---:|---:|---:|---|---:|---:|---:|---:|---:|---:|---:|---:|
| shared [c0/m32] {padded} | 1 | 2 | 7868 | 7860-7876 | 1.00 | - | 23 | 2.44e+04 | 5.54e+04 | 2.27 | 0.0 | 3.10 |
| shared [c0/m32] {padded} | 24 | 2 | 8649 | 8583-8715 | 1.10 | - | 26 | 2.68e+04 | 5.53e+04 | 2.06 | 4.6 | 3.10 |
| shared [c0/m32] {padded} | 96 | 2 | 19036 | 18212-19860 | 2.42 | - | 32 | 5.89e+04 | 5.52e+04 | 0.94 | 4.5 | 3.10 |
| shared [c48/m32] {padded} | 1 | 2 | 7882 | 7847-7917 | 1.00 | - | 37 | 2.44e+04 | 5.54e+04 | 2.27 | 0.0 | 3.10 |
| shared [c48/m32] {padded} | 96 | 2 | 20942 | 18849-23034 | 2.66 | - | 36 | 5.85e+04 | 5.52e+04 | 0.94 | 4.5 | 2.79 |

### work = split

| variant [layout] | K | runs | CPU/op ns (median) | min-max | x K=1 | x private | busy % | cycles/op | instr/op | IPC | x-CCX fills/op | GHz(u) |
|---|---:|---:|---:|---|---:|---:|---:|---:|---:|---:|---:|---:|
| shared [c0/m32] {padded} | 1 | 2 | 6647 | 6595-6700 | 1.00 | - | 73 | 2.06e+04 | 6.96e+04 | 3.38 | 0.0 | 3.10 |
| shared [c0/m32] {padded} | 24 | 2 | 18434 | 18242-18626 | 2.77 | - | 33 | 5.71e+04 | 6.93e+04 | 1.21 | 8.2 | 3.10 |
| shared [c0/m32] {padded} | 96 | 2 | 64744 | 63937-65551 | 9.74 | - | 32 | 2e+05 | 6.93e+04 | 0.35 | 8.5 | 3.09 |
| shared [c48/m32] {padded} | 1 | 2 | 6833 | 6715-6950 | 1.00 | - | 47 | 2.12e+04 | 6.98e+04 | 3.30 | 0.0 | 3.10 |
| shared [c48/m32] {padded} | 96 | 2 | 65672 | 65374-65970 | 9.61 | - | 36 | 2.03e+05 | 6.93e+04 | 0.34 | 8.5 | 3.09 |

checksum identity across variants, layouts and repeats: all equal per (work, K)
2026-09-28T14:05:21Z patch-ab repeat 2 done
r3-k1-full-shared k=1   full       shared      cpu/op=14662.8 ns  busy pre/post 38.0/51.0%
r3-k1-specialize-shared k=1   specialize shared      cpu/op=8151.4 ns  busy pre/post 66.7/3.8%
r3-k1-split-shared k=1   split      shared      cpu/op=6942.0 ns  busy pre/post 3.9/3.8%
r3-k24-full-shared k=24  full       shared      cpu/op=59551.3 ns  busy pre/post 35.4/26.1%
r3-k24-specialize-shared k=24  specialize shared      cpu/op=10491.4 ns  busy pre/post 30.5/35.2%
r3-k24-split-shared k=24  split      shared      cpu/op=51484.3 ns  busy pre/post 37.2/23.7%
r3-k96-full-shared k=96  full       shared      cpu/op=206253.1 ns  busy pre/post 38.6/42.9%
r3-k96-specialize-shared k=96  specialize shared      cpu/op=24680.6 ns  busy pre/post 46.6/46.2%
r3-k96-split-shared k=96  split      shared      cpu/op=155891.6 ns  busy pre/post 44.0/32.9%

### work = full

| variant [layout] | K | runs | CPU/op ns (median) | min-max | x K=1 | x private | busy % | cycles/op | instr/op | IPC | x-CCX fills/op | GHz(u) |
|---|---:|---:|---:|---|---:|---:|---:|---:|---:|---:|---:|---:|
| shared [c0/m32] {pristine} | 1 | 3 | 14572 | 14539-14663 | 1.00 | 1.00 | 100 | 4.52e+04 | 1.25e+05 | 2.76 | 0.0 | 3.10 |
| shared [c0/m32] {pristine} | 24 | 3 | 60351 | 59551-62078 | 4.14 | - | 35 | 1.88e+05 | 1.24e+05 | 0.66 | 24.4 | 3.10 |
| shared [c0/m32] {pristine} | 96 | 3 | 206253 | 202583-213727 | 14.15 | 13.51 | 43 | 6.23e+05 | 1.24e+05 | 0.20 | 25.6 | 3.00 |
| shared [c48/m32] {pristine} | 1 | 2 | 14650 | 14607-14693 | 1.00 | - | 52 | 4.54e+04 | 1.24e+05 | 2.73 | 0.0 | 3.10 |
| shared [c48/m32] {pristine} | 96 | 2 | 78442 | 77027-79856 | 5.35 | - | 31 | 2.43e+05 | 1.24e+05 | 0.51 | 15.5 | 3.09 |
| rehome [c0/m32] {pristine} | 1 | 2 | 15186 | 15104-15269 | 1.00 | 1.04 | 100 | 4.7e+04 | 1.29e+05 | 2.75 | 0.0 | 3.10 |
| rehome [c0/m32] {pristine} | 96 | 2 | 15501 | 15441-15560 | 1.02 | 1.02 | 28 | 4.68e+04 | 1.29e+05 | 2.76 | 0.9 | 3.02 |
| private [c0/m32] {pristine} | 1 | 2 | 14581 | 14511-14651 | 1.00 | 1.00 | 12 | 4.53e+04 | 1.25e+05 | 2.75 | 0.0 | 3.11 |
| private [c0/m32] {pristine} | 96 | 2 | 15268 | 15260-15275 | 1.05 | 1.00 | 31 | 4.64e+04 | 1.24e+05 | 2.67 | 0.9 | 3.04 |

### work = specialize

| variant [layout] | K | runs | CPU/op ns (median) | min-max | x K=1 | x private | busy % | cycles/op | instr/op | IPC | x-CCX fills/op | GHz(u) |
|---|---:|---:|---:|---|---:|---:|---:|---:|---:|---:|---:|---:|
| shared [c0/m32] {pristine} | 1 | 3 | 8070 | 7907-8151 | 1.00 | 1.02 | 67 | 2.49e+04 | 5.55e+04 | 2.23 | 0.0 | 3.10 |
| shared [c0/m32] {pristine} | 24 | 3 | 10491 | 10419-10834 | 1.30 | - | 35 | 3.28e+04 | 5.54e+04 | 1.69 | 6.2 | 3.10 |
| shared [c0/m32] {pristine} | 96 | 3 | 30292 | 24681-31781 | 3.75 | 3.80 | 47 | 8.74e+04 | 5.54e+04 | 0.63 | 6.2 | 3.02 |
| shared [c48/m32] {pristine} | 1 | 2 | 7975 | 7910-8041 | 1.00 | - | 8 | 2.47e+04 | 5.55e+04 | 2.25 | 0.0 | 3.10 |
| shared [c48/m32] {pristine} | 96 | 2 | 20023 | 19539-20508 | 2.51 | - | 27 | 6.2e+04 | 5.54e+04 | 0.89 | 4.4 | 3.10 |
| rehome [c0/m32] {pristine} | 1 | 2 | 8512 | 8393-8632 | 1.00 | 1.08 | 57 | 2.64e+04 | 6.08e+04 | 2.31 | 0.0 | 3.10 |
| rehome [c0/m32] {pristine} | 96 | 2 | 8348 | 8310-8385 | 0.98 | 1.05 | 26 | 2.54e+04 | 6.06e+04 | 2.39 | 0.0 | 3.04 |
| private [c0/m32] {pristine} | 1 | 2 | 7875 | 7830-7920 | 1.00 | 1.00 | 59 | 2.46e+04 | 5.58e+04 | 2.27 | 0.0 | 3.12 |
| private [c0/m32] {pristine} | 96 | 2 | 7975 | 7910-8041 | 1.01 | 1.00 | 27 | 2.47e+04 | 5.56e+04 | 2.26 | 0.0 | 3.09 |

### work = split

| variant [layout] | K | runs | CPU/op ns (median) | min-max | x K=1 | x private | busy % | cycles/op | instr/op | IPC | x-CCX fills/op | GHz(u) |
|---|---:|---:|---:|---|---:|---:|---:|---:|---:|---:|---:|---:|
| shared [c0/m32] {pristine} | 1 | 3 | 6804 | 6644-6942 | 1.00 | 1.00 | 43 | 2.1e+04 | 6.93e+04 | 3.29 | 0.0 | 3.10 |
| shared [c0/m32] {pristine} | 24 | 3 | 50740 | 49839-51484 | 7.46 | - | 37 | 1.57e+05 | 6.94e+04 | 0.44 | 17.8 | 3.10 |
| shared [c0/m32] {pristine} | 96 | 3 | 169560 | 155892-177110 | 24.92 | 23.40 | 44 | 5.1e+05 | 6.93e+04 | 0.14 | 17.2 | 3.04 |
| shared [c48/m32] {pristine} | 1 | 2 | 6760 | 6713-6807 | 1.00 | - | 2 | 2.09e+04 | 6.96e+04 | 3.32 | 0.0 | 3.10 |
| shared [c48/m32] {pristine} | 96 | 2 | 69710 | 68402-71018 | 10.31 | - | 26 | 2.16e+05 | 6.93e+04 | 0.32 | 8.5 | 3.09 |
| shared [c0/m32,ahash-tl] {pristine} | 1 | 2 | 6785 | 6622-6948 | 1.00 | 1.00 | 98 | 2.1e+04 | 7.03e+04 | 3.35 | 0.0 | 3.10 |
| shared [c0/m32,ahash-tl] {pristine} | 96 | 2 | 189396 | 181133-197660 | 27.91 | 26.42 | 29 | 5.86e+05 | 6.93e+04 | 0.12 | 17.0 | 3.10 |
| rehome [c0/m32] {pristine} | 1 | 2 | 7256 | 7158-7354 | 1.00 | 1.06 | 76 | 2.25e+04 | 7.48e+04 | 3.33 | 0.0 | 3.10 |
| rehome [c0/m32] {pristine} | 96 | 2 | 7421 | 7398-7444 | 1.02 | 1.02 | 27 | 2.26e+04 | 7.4e+04 | 3.27 | 0.8 | 3.05 |
| private [c0/m32] {pristine} | 1 | 2 | 6828 | 6624-7032 | 1.00 | 1.00 | 100 | 2.14e+04 | 6.98e+04 | 3.27 | 0.0 | 3.13 |
| private [c0/m32] {pristine} | 96 | 2 | 7245 | 7200-7291 | 1.06 | 1.00 | 26 | 2.21e+04 | 6.96e+04 | 3.15 | 0.7 | 3.05 |
| private [c0/m32,ahash-tl] {pristine} | 1 | 2 | 6753 | 6748-6758 | 1.00 | 1.00 | 6 | 2.11e+04 | 7e+04 | 3.31 | 0.0 | 3.13 |
| private [c0/m32,ahash-tl] {pristine} | 96 | 2 | 7169 | 6981-7358 | 1.06 | 1.00 | 25 | 2.16e+04 | 6.96e+04 | 3.22 | 0.0 | 3.01 |

checksum identity across variants, layouts and repeats: all equal per (work, K)
r3-k1-full-shared k=1   full       shared      cpu/op=14843.6 ns  busy pre/post 25.0/11.5%
r3-k1-specialize-shared k=1   specialize shared      cpu/op=7980.1 ns  busy pre/post 51.9/18.0%
r3-k1-split-shared k=1   split      shared      cpu/op=6634.9 ns  busy pre/post 88.7/0.0%
r3-k96-full-shared k=96  full       shared      cpu/op=68679.4 ns  busy pre/post 38.8/26.3%
r3-k96-specialize-shared k=96  specialize shared      cpu/op=17602.8 ns  busy pre/post 31.5/34.6%
r3-k96-split-shared k=96  split      shared      cpu/op=60628.5 ns  busy pre/post 38.2/35.4%

### work = full

| variant [layout] | K | runs | CPU/op ns (median) | min-max | x K=1 | x private | busy % | cycles/op | instr/op | IPC | x-CCX fills/op | GHz(u) |
|---|---:|---:|---:|---|---:|---:|---:|---:|---:|---:|---:|---:|
| shared [c0/m32] {pristine} | 1 | 3 | 14572 | 14539-14663 | 1.00 | 1.00 | 100 | 4.52e+04 | 1.25e+05 | 2.76 | 0.0 | 3.10 |
| shared [c0/m32] {pristine} | 24 | 3 | 60351 | 59551-62078 | 4.14 | - | 35 | 1.88e+05 | 1.24e+05 | 0.66 | 24.4 | 3.10 |
| shared [c0/m32] {pristine} | 96 | 3 | 206253 | 202583-213727 | 14.15 | 13.51 | 43 | 6.23e+05 | 1.24e+05 | 0.20 | 25.6 | 3.00 |
| shared [c48/m32] {pristine} | 1 | 3 | 14693 | 14607-14844 | 1.00 | - | 52 | 4.56e+04 | 1.24e+05 | 2.72 | 0.0 | 3.10 |
| shared [c48/m32] {pristine} | 96 | 3 | 77027 | 68679-79856 | 5.24 | - | 39 | 2.33e+05 | 1.24e+05 | 0.53 | 15.6 | 3.09 |
| rehome [c0/m32] {pristine} | 1 | 2 | 15186 | 15104-15269 | 1.00 | 1.04 | 100 | 4.7e+04 | 1.29e+05 | 2.75 | 0.0 | 3.10 |
| rehome [c0/m32] {pristine} | 96 | 2 | 15501 | 15441-15560 | 1.02 | 1.02 | 28 | 4.68e+04 | 1.29e+05 | 2.76 | 0.9 | 3.02 |
| private [c0/m32] {pristine} | 1 | 2 | 14581 | 14511-14651 | 1.00 | 1.00 | 12 | 4.53e+04 | 1.25e+05 | 2.75 | 0.0 | 3.11 |
| private [c0/m32] {pristine} | 96 | 2 | 15268 | 15260-15275 | 1.05 | 1.00 | 31 | 4.64e+04 | 1.24e+05 | 2.67 | 0.9 | 3.04 |

### work = specialize

| variant [layout] | K | runs | CPU/op ns (median) | min-max | x K=1 | x private | busy % | cycles/op | instr/op | IPC | x-CCX fills/op | GHz(u) |
|---|---:|---:|---:|---|---:|---:|---:|---:|---:|---:|---:|---:|
| shared [c0/m32] {pristine} | 1 | 3 | 8070 | 7907-8151 | 1.00 | 1.02 | 67 | 2.49e+04 | 5.55e+04 | 2.23 | 0.0 | 3.10 |
| shared [c0/m32] {pristine} | 24 | 3 | 10491 | 10419-10834 | 1.30 | - | 35 | 3.28e+04 | 5.54e+04 | 1.69 | 6.2 | 3.10 |
| shared [c0/m32] {pristine} | 96 | 3 | 30292 | 24681-31781 | 3.75 | 3.80 | 47 | 8.74e+04 | 5.54e+04 | 0.63 | 6.2 | 3.02 |
| shared [c48/m32] {pristine} | 1 | 3 | 7980 | 7910-8041 | 1.00 | - | 52 | 2.47e+04 | 5.55e+04 | 2.25 | 0.0 | 3.10 |
| shared [c48/m32] {pristine} | 96 | 3 | 19539 | 17603-20508 | 2.45 | - | 35 | 5.95e+04 | 5.54e+04 | 0.93 | 4.4 | 3.10 |
| rehome [c0/m32] {pristine} | 1 | 2 | 8512 | 8393-8632 | 1.00 | 1.08 | 57 | 2.64e+04 | 6.08e+04 | 2.31 | 0.0 | 3.10 |
| rehome [c0/m32] {pristine} | 96 | 2 | 8348 | 8310-8385 | 0.98 | 1.05 | 26 | 2.54e+04 | 6.06e+04 | 2.39 | 0.0 | 3.04 |
| private [c0/m32] {pristine} | 1 | 2 | 7875 | 7830-7920 | 1.00 | 1.00 | 59 | 2.46e+04 | 5.58e+04 | 2.27 | 0.0 | 3.12 |
| private [c0/m32] {pristine} | 96 | 2 | 7975 | 7910-8041 | 1.01 | 1.00 | 27 | 2.47e+04 | 5.56e+04 | 2.26 | 0.0 | 3.09 |

### work = split

| variant [layout] | K | runs | CPU/op ns (median) | min-max | x K=1 | x private | busy % | cycles/op | instr/op | IPC | x-CCX fills/op | GHz(u) |
|---|---:|---:|---:|---|---:|---:|---:|---:|---:|---:|---:|---:|
| shared [c0/m32] {pristine} | 1 | 3 | 6804 | 6644-6942 | 1.00 | 1.00 | 43 | 2.1e+04 | 6.93e+04 | 3.29 | 0.0 | 3.10 |
| shared [c0/m32] {pristine} | 24 | 3 | 50740 | 49839-51484 | 7.46 | - | 37 | 1.57e+05 | 6.94e+04 | 0.44 | 17.8 | 3.10 |
| shared [c0/m32] {pristine} | 96 | 3 | 169560 | 155892-177110 | 24.92 | 23.40 | 44 | 5.1e+05 | 6.93e+04 | 0.14 | 17.2 | 3.04 |
| shared [c48/m32] {pristine} | 1 | 3 | 6713 | 6635-6807 | 1.00 | - | 89 | 2.08e+04 | 6.96e+04 | 3.35 | 0.0 | 3.10 |
| shared [c48/m32] {pristine} | 96 | 3 | 68402 | 60628-71018 | 10.19 | - | 38 | 2.06e+05 | 6.93e+04 | 0.34 | 8.5 | 3.09 |
| shared [c0/m32,ahash-tl] {pristine} | 1 | 2 | 6785 | 6622-6948 | 1.00 | 1.00 | 98 | 2.1e+04 | 7.03e+04 | 3.35 | 0.0 | 3.10 |
| shared [c0/m32,ahash-tl] {pristine} | 96 | 2 | 189396 | 181133-197660 | 27.91 | 26.42 | 29 | 5.86e+05 | 6.93e+04 | 0.12 | 17.0 | 3.10 |
| rehome [c0/m32] {pristine} | 1 | 2 | 7256 | 7158-7354 | 1.00 | 1.06 | 76 | 2.25e+04 | 7.48e+04 | 3.33 | 0.0 | 3.10 |
| rehome [c0/m32] {pristine} | 96 | 2 | 7421 | 7398-7444 | 1.02 | 1.02 | 27 | 2.26e+04 | 7.4e+04 | 3.27 | 0.8 | 3.05 |
| private [c0/m32] {pristine} | 1 | 2 | 6828 | 6624-7032 | 1.00 | 1.00 | 100 | 2.14e+04 | 6.98e+04 | 3.27 | 0.0 | 3.13 |
| private [c0/m32] {pristine} | 96 | 2 | 7245 | 7200-7291 | 1.06 | 1.00 | 26 | 2.21e+04 | 6.96e+04 | 3.15 | 0.7 | 3.05 |
| private [c0/m32,ahash-tl] {pristine} | 1 | 2 | 6753 | 6748-6758 | 1.00 | 1.00 | 6 | 2.11e+04 | 7e+04 | 3.31 | 0.0 | 3.13 |
| private [c0/m32,ahash-tl] {pristine} | 96 | 2 | 7169 | 6981-7358 | 1.06 | 1.00 | 25 | 2.16e+04 | 6.96e+04 | 3.22 | 0.0 | 3.01 |

checksum identity across variants, layouts and repeats: all equal per (work, K)
r3-k1-full-private k=1   full       private     cpu/op=14834.7 ns  busy pre/post 0.0/0.0%
r3-k1-full-rehome k=1   full       rehome      cpu/op=15078.9 ns  busy pre/post 1.9/2.0%
r3-k1-specialize-private k=1   specialize private     cpu/op=7882.4 ns  busy pre/post 2.0/2.0%
r3-k1-specialize-rehome k=1   specialize rehome      cpu/op=8411.6 ns  busy pre/post 25.0/0.0%
r3-k1-split-private k=1   split      private     cpu/op=6854.3 ns  busy pre/post 68.6/3.9%
r3-k1-split-rehome k=1   split      rehome      cpu/op=7062.1 ns  busy pre/post 9.6/26.0%
r3-k96-full-private k=96  full       private     cpu/op=15512.2 ns  busy pre/post 35.6/32.8%
r3-k96-full-rehome k=96  full       rehome      cpu/op=15790.9 ns  busy pre/post 36.1/34.7%
r3-k96-specialize-private k=96  specialize private     cpu/op=8190.5 ns  busy pre/post 35.1/33.8%
r3-k96-specialize-rehome k=96  specialize rehome      cpu/op=8546.6 ns  busy pre/post 36.0/34.2%
r3-k96-split-private k=96  split      private     cpu/op=7346.3 ns  busy pre/post 34.8/33.1%
r3-k96-split-rehome k=96  split      rehome      cpu/op=7580.5 ns  busy pre/post 33.0/31.4%

### work = full

| variant [layout] | K | runs | CPU/op ns (median) | min-max | x K=1 | x private | busy % | cycles/op | instr/op | IPC | x-CCX fills/op | GHz(u) |
|---|---:|---:|---:|---|---:|---:|---:|---:|---:|---:|---:|---:|
| shared [c0/m32] {pristine} | 1 | 3 | 14572 | 14539-14663 | 1.00 | 0.99 | 100 | 4.52e+04 | 1.25e+05 | 2.76 | 0.0 | 3.10 |
| shared [c0/m32] {pristine} | 24 | 3 | 60351 | 59551-62078 | 4.14 | - | 35 | 1.88e+05 | 1.24e+05 | 0.66 | 24.4 | 3.10 |
| shared [c0/m32] {pristine} | 96 | 3 | 206253 | 202583-213727 | 14.15 | 13.50 | 43 | 6.23e+05 | 1.24e+05 | 0.20 | 25.6 | 3.00 |
| shared [c48/m32] {pristine} | 1 | 3 | 14693 | 14607-14844 | 1.00 | - | 52 | 4.56e+04 | 1.24e+05 | 2.72 | 0.0 | 3.10 |
| shared [c48/m32] {pristine} | 96 | 3 | 77027 | 68679-79856 | 5.24 | - | 39 | 2.33e+05 | 1.24e+05 | 0.53 | 15.6 | 3.09 |
| rehome [c0/m32] {pristine} | 1 | 3 | 15104 | 15079-15269 | 1.00 | 1.03 | 100 | 4.69e+04 | 1.3e+05 | 2.76 | 0.0 | 3.10 |
| rehome [c0/m32] {pristine} | 96 | 3 | 15560 | 15441-15791 | 1.03 | 1.02 | 36 | 4.69e+04 | 1.29e+05 | 2.75 | 0.9 | 3.01 |
| private [c0/m32] {pristine} | 1 | 3 | 14651 | 14511-14835 | 1.00 | 1.00 | 12 | 4.56e+04 | 1.24e+05 | 2.73 | 0.0 | 3.11 |
| private [c0/m32] {pristine} | 96 | 3 | 15275 | 15260-15512 | 1.04 | 1.00 | 36 | 4.64e+04 | 1.24e+05 | 2.67 | 0.9 | 3.02 |

### work = specialize

| variant [layout] | K | runs | CPU/op ns (median) | min-max | x K=1 | x private | busy % | cycles/op | instr/op | IPC | x-CCX fills/op | GHz(u) |
|---|---:|---:|---:|---|---:|---:|---:|---:|---:|---:|---:|---:|
| shared [c0/m32] {pristine} | 1 | 3 | 8070 | 7907-8151 | 1.00 | 1.02 | 67 | 2.49e+04 | 5.55e+04 | 2.23 | 0.0 | 3.10 |
| shared [c0/m32] {pristine} | 24 | 3 | 10491 | 10419-10834 | 1.30 | - | 35 | 3.28e+04 | 5.54e+04 | 1.69 | 6.2 | 3.10 |
| shared [c0/m32] {pristine} | 96 | 3 | 30292 | 24681-31781 | 3.75 | 3.77 | 47 | 8.74e+04 | 5.54e+04 | 0.63 | 6.2 | 3.02 |
| shared [c48/m32] {pristine} | 1 | 3 | 7980 | 7910-8041 | 1.00 | - | 52 | 2.47e+04 | 5.55e+04 | 2.25 | 0.0 | 3.10 |
| shared [c48/m32] {pristine} | 96 | 3 | 19539 | 17603-20508 | 2.45 | - | 35 | 5.95e+04 | 5.54e+04 | 0.93 | 4.4 | 3.10 |
| rehome [c0/m32] {pristine} | 1 | 3 | 8412 | 8393-8632 | 1.00 | 1.07 | 57 | 2.63e+04 | 6.08e+04 | 2.31 | 0.0 | 3.10 |
| rehome [c0/m32] {pristine} | 96 | 3 | 8385 | 8310-8547 | 1.00 | 1.04 | 36 | 2.55e+04 | 6.06e+04 | 2.38 | 0.0 | 3.03 |
| private [c0/m32] {pristine} | 1 | 3 | 7882 | 7830-7920 | 1.00 | 1.00 | 59 | 2.46e+04 | 5.58e+04 | 2.27 | 0.0 | 3.13 |
| private [c0/m32] {pristine} | 96 | 3 | 8041 | 7910-8190 | 1.02 | 1.00 | 35 | 2.47e+04 | 5.56e+04 | 2.25 | 0.0 | 3.08 |

### work = split

| variant [layout] | K | runs | CPU/op ns (median) | min-max | x K=1 | x private | busy % | cycles/op | instr/op | IPC | x-CCX fills/op | GHz(u) |
|---|---:|---:|---:|---|---:|---:|---:|---:|---:|---:|---:|---:|
| shared [c0/m32] {pristine} | 1 | 3 | 6804 | 6644-6942 | 1.00 | 0.99 | 43 | 2.1e+04 | 6.93e+04 | 3.29 | 0.0 | 3.10 |
| shared [c0/m32] {pristine} | 24 | 3 | 50740 | 49839-51484 | 7.46 | - | 37 | 1.57e+05 | 6.94e+04 | 0.44 | 17.8 | 3.10 |
| shared [c0/m32] {pristine} | 96 | 3 | 169560 | 155892-177110 | 24.92 | 23.26 | 44 | 5.1e+05 | 6.93e+04 | 0.14 | 17.2 | 3.04 |
| shared [c48/m32] {pristine} | 1 | 3 | 6713 | 6635-6807 | 1.00 | - | 89 | 2.08e+04 | 6.96e+04 | 3.35 | 0.0 | 3.10 |
| shared [c48/m32] {pristine} | 96 | 3 | 68402 | 60628-71018 | 10.19 | - | 38 | 2.06e+05 | 6.93e+04 | 0.34 | 8.5 | 3.09 |
| shared [c0/m32,ahash-tl] {pristine} | 1 | 2 | 6785 | 6622-6948 | 1.00 | 1.00 | 98 | 2.1e+04 | 7.03e+04 | 3.35 | 0.0 | 3.10 |
| shared [c0/m32,ahash-tl] {pristine} | 96 | 2 | 189396 | 181133-197660 | 27.91 | 26.42 | 29 | 5.86e+05 | 6.93e+04 | 0.12 | 17.0 | 3.10 |
| rehome [c0/m32] {pristine} | 1 | 3 | 7158 | 7062-7354 | 1.00 | 1.04 | 76 | 2.23e+04 | 7.46e+04 | 3.35 | 0.0 | 3.10 |
| rehome [c0/m32] {pristine} | 96 | 3 | 7444 | 7398-7580 | 1.04 | 1.02 | 33 | 2.26e+04 | 7.4e+04 | 3.27 | 0.8 | 3.03 |
| private [c0/m32] {pristine} | 1 | 3 | 6854 | 6624-7032 | 1.00 | 1.00 | 100 | 2.14e+04 | 6.98e+04 | 3.26 | 0.0 | 3.13 |
| private [c0/m32] {pristine} | 96 | 3 | 7291 | 7200-7346 | 1.06 | 1.00 | 35 | 2.22e+04 | 6.96e+04 | 3.14 | 0.8 | 3.04 |
| private [c0/m32,ahash-tl] {pristine} | 1 | 2 | 6753 | 6748-6758 | 1.00 | 1.00 | 6 | 2.11e+04 | 7e+04 | 3.31 | 0.0 | 3.13 |
| private [c0/m32,ahash-tl] {pristine} | 96 | 2 | 7169 | 6981-7358 | 1.06 | 1.00 | 25 | 2.16e+04 | 6.96e+04 | 3.22 | 0.0 | 3.01 |

checksum identity across variants, layouts and repeats: all equal per (work, K)
r3-k1-split-shared k=1   split      shared      cpu/op=6819.8 ns  busy pre/post 2.0/0.0%
r3-k1-split-private k=1   split      private     cpu/op=6646.2 ns  busy pre/post 5.9/21.6%
r3-k96-split-shared k=96  split      shared      cpu/op=158138.8 ns  busy pre/post 34.3/29.7%
r3-k96-split-private k=96  split      private     cpu/op=6926.5 ns  busy pre/post 31.3/32.5%

### work = full

| variant [layout] | K | runs | CPU/op ns (median) | min-max | x K=1 | x private | busy % | cycles/op | instr/op | IPC | x-CCX fills/op | GHz(u) |
|---|---:|---:|---:|---|---:|---:|---:|---:|---:|---:|---:|---:|
| shared [c0/m32] {pristine} | 1 | 3 | 14572 | 14539-14663 | 1.00 | 0.99 | 100 | 4.52e+04 | 1.25e+05 | 2.76 | 0.0 | 3.10 |
| shared [c0/m32] {pristine} | 24 | 3 | 60351 | 59551-62078 | 4.14 | - | 35 | 1.88e+05 | 1.24e+05 | 0.66 | 24.4 | 3.10 |
| shared [c0/m32] {pristine} | 96 | 3 | 206253 | 202583-213727 | 14.15 | 13.50 | 43 | 6.23e+05 | 1.24e+05 | 0.20 | 25.6 | 3.00 |
| shared [c48/m32] {pristine} | 1 | 3 | 14693 | 14607-14844 | 1.00 | - | 52 | 4.56e+04 | 1.24e+05 | 2.72 | 0.0 | 3.10 |
| shared [c48/m32] {pristine} | 96 | 3 | 77027 | 68679-79856 | 5.24 | - | 39 | 2.33e+05 | 1.24e+05 | 0.53 | 15.6 | 3.09 |
| rehome [c0/m32] {pristine} | 1 | 3 | 15104 | 15079-15269 | 1.00 | 1.03 | 100 | 4.69e+04 | 1.3e+05 | 2.76 | 0.0 | 3.10 |
| rehome [c0/m32] {pristine} | 96 | 3 | 15560 | 15441-15791 | 1.03 | 1.02 | 36 | 4.69e+04 | 1.29e+05 | 2.75 | 0.9 | 3.01 |
| private [c0/m32] {pristine} | 1 | 3 | 14651 | 14511-14835 | 1.00 | 1.00 | 12 | 4.56e+04 | 1.24e+05 | 2.73 | 0.0 | 3.11 |
| private [c0/m32] {pristine} | 96 | 3 | 15275 | 15260-15512 | 1.04 | 1.00 | 36 | 4.64e+04 | 1.24e+05 | 2.67 | 0.9 | 3.02 |

### work = specialize

| variant [layout] | K | runs | CPU/op ns (median) | min-max | x K=1 | x private | busy % | cycles/op | instr/op | IPC | x-CCX fills/op | GHz(u) |
|---|---:|---:|---:|---|---:|---:|---:|---:|---:|---:|---:|---:|
| shared [c0/m32] {pristine} | 1 | 3 | 8070 | 7907-8151 | 1.00 | 1.02 | 67 | 2.49e+04 | 5.55e+04 | 2.23 | 0.0 | 3.10 |
| shared [c0/m32] {pristine} | 24 | 3 | 10491 | 10419-10834 | 1.30 | - | 35 | 3.28e+04 | 5.54e+04 | 1.69 | 6.2 | 3.10 |
| shared [c0/m32] {pristine} | 96 | 3 | 30292 | 24681-31781 | 3.75 | 3.77 | 47 | 8.74e+04 | 5.54e+04 | 0.63 | 6.2 | 3.02 |
| shared [c48/m32] {pristine} | 1 | 3 | 7980 | 7910-8041 | 1.00 | - | 52 | 2.47e+04 | 5.55e+04 | 2.25 | 0.0 | 3.10 |
| shared [c48/m32] {pristine} | 96 | 3 | 19539 | 17603-20508 | 2.45 | - | 35 | 5.95e+04 | 5.54e+04 | 0.93 | 4.4 | 3.10 |
| rehome [c0/m32] {pristine} | 1 | 3 | 8412 | 8393-8632 | 1.00 | 1.07 | 57 | 2.63e+04 | 6.08e+04 | 2.31 | 0.0 | 3.10 |
| rehome [c0/m32] {pristine} | 96 | 3 | 8385 | 8310-8547 | 1.00 | 1.04 | 36 | 2.55e+04 | 6.06e+04 | 2.38 | 0.0 | 3.03 |
| private [c0/m32] {pristine} | 1 | 3 | 7882 | 7830-7920 | 1.00 | 1.00 | 59 | 2.46e+04 | 5.58e+04 | 2.27 | 0.0 | 3.13 |
| private [c0/m32] {pristine} | 96 | 3 | 8041 | 7910-8190 | 1.02 | 1.00 | 35 | 2.47e+04 | 5.56e+04 | 2.25 | 0.0 | 3.08 |

### work = split

| variant [layout] | K | runs | CPU/op ns (median) | min-max | x K=1 | x private | busy % | cycles/op | instr/op | IPC | x-CCX fills/op | GHz(u) |
|---|---:|---:|---:|---|---:|---:|---:|---:|---:|---:|---:|---:|
| shared [c0/m32] {pristine} | 1 | 3 | 6804 | 6644-6942 | 1.00 | 0.99 | 43 | 2.1e+04 | 6.93e+04 | 3.29 | 0.0 | 3.10 |
| shared [c0/m32] {pristine} | 24 | 3 | 50740 | 49839-51484 | 7.46 | - | 37 | 1.57e+05 | 6.94e+04 | 0.44 | 17.8 | 3.10 |
| shared [c0/m32] {pristine} | 96 | 3 | 169560 | 155892-177110 | 24.92 | 23.26 | 44 | 5.1e+05 | 6.93e+04 | 0.14 | 17.2 | 3.04 |
| shared [c48/m32] {pristine} | 1 | 3 | 6713 | 6635-6807 | 1.00 | - | 89 | 2.08e+04 | 6.96e+04 | 3.35 | 0.0 | 3.10 |
| shared [c48/m32] {pristine} | 96 | 3 | 68402 | 60628-71018 | 10.19 | - | 38 | 2.06e+05 | 6.93e+04 | 0.34 | 8.5 | 3.09 |
| shared [c0/m32,ahash-tl] {pristine} | 1 | 3 | 6820 | 6622-6948 | 1.00 | 1.01 | 98 | 2.1e+04 | 7.02e+04 | 3.33 | 0.0 | 3.10 |
| shared [c0/m32,ahash-tl] {pristine} | 96 | 3 | 181133 | 158139-197660 | 26.56 | 25.95 | 34 | 5.54e+05 | 6.93e+04 | 0.13 | 16.7 | 3.10 |
| rehome [c0/m32] {pristine} | 1 | 3 | 7158 | 7062-7354 | 1.00 | 1.04 | 76 | 2.23e+04 | 7.46e+04 | 3.35 | 0.0 | 3.10 |
| rehome [c0/m32] {pristine} | 96 | 3 | 7444 | 7398-7580 | 1.04 | 1.02 | 33 | 2.26e+04 | 7.4e+04 | 3.27 | 0.8 | 3.03 |
| private [c0/m32] {pristine} | 1 | 3 | 6854 | 6624-7032 | 1.00 | 1.00 | 100 | 2.14e+04 | 6.98e+04 | 3.26 | 0.0 | 3.13 |
| private [c0/m32] {pristine} | 96 | 3 | 7291 | 7200-7346 | 1.06 | 1.00 | 35 | 2.22e+04 | 6.96e+04 | 3.14 | 0.8 | 3.04 |
| private [c0/m32,ahash-tl] {pristine} | 1 | 3 | 6748 | 6646-6758 | 1.00 | 1.00 | 22 | 2.1e+04 | 6.98e+04 | 3.32 | 0.0 | 3.13 |
| private [c0/m32,ahash-tl] {pristine} | 96 | 3 | 6981 | 6926-7358 | 1.03 | 1.00 | 32 | 2.14e+04 | 6.96e+04 | 3.24 | 0.0 | 3.03 |

checksum identity across variants, layouts and repeats: all equal per (work, K)
r3-k1-full-shared k=1   full       shared      cpu/op=14407.1 ns  busy pre/post 100.0/2.0%
r3-k1-split-shared k=1   split      shared      cpu/op=6879.0 ns  busy pre/post 0.0/76.5%
r3-k24-full-shared k=24  full       shared      cpu/op=16452.4 ns  busy pre/post 38.4/28.5%
r3-k24-split-shared k=24  split      shared      cpu/op=6772.4 ns  busy pre/post 31.5/30.6%
r3-k96-full-shared k=96  full       shared      cpu/op=32086.9 ns  busy pre/post 34.5/32.6%
r3-k96-split-shared k=96  split      shared      cpu/op=10072.4 ns  busy pre/post 34.5/33.7%

### work = full

| variant [layout] | K | runs | CPU/op ns (median) | min-max | x K=1 | x private | busy % | cycles/op | instr/op | IPC | x-CCX fills/op | GHz(u) |
|---|---:|---:|---:|---|---:|---:|---:|---:|---:|---:|---:|---:|
| shared [c0/m32] {p1a} | 1 | 3 | 14407 | 14380-14448 | 1.00 | - | 100 | 4.46e+04 | 1.25e+05 | 2.79 | 0.0 | 3.10 |
| shared [c0/m32] {p1a} | 24 | 3 | 16452 | 16449-16856 | 1.14 | - | 38 | 5.13e+04 | 1.24e+05 | 2.42 | 8.4 | 3.10 |
| shared [c0/m32] {p1a} | 96 | 3 | 34367 | 32087-38616 | 2.39 | - | 34 | 1.05e+05 | 1.24e+05 | 1.18 | 10.9 | 3.01 |

### work = split

| variant [layout] | K | runs | CPU/op ns (median) | min-max | x K=1 | x private | busy % | cycles/op | instr/op | IPC | x-CCX fills/op | GHz(u) |
|---|---:|---:|---:|---|---:|---:|---:|---:|---:|---:|---:|---:|
| shared [c0/m32] {p1a} | 1 | 3 | 6578 | 6466-6879 | 1.00 | 0.97 | 83 | 2.06e+04 | 7.01e+04 | 3.41 | 0.0 | 3.10 |
| shared [c0/m32] {p1a} | 24 | 3 | 6727 | 6695-6772 | 1.02 | - | 32 | 2.08e+04 | 7e+04 | 3.36 | 1.9 | 3.10 |
| shared [c0/m32] {p1a} | 96 | 3 | 10600 | 10072-10852 | 1.61 | 1.46 | 34 | 3.24e+04 | 6.99e+04 | 2.16 | 2.4 | 3.09 |
| shared [c0/m32,ahash-tl] {p1a} | 1 | 2 | 6782 | 6778-6785 | 1.00 | 1.02 | 34 | 2.1e+04 | 7.08e+04 | 3.37 | 0.0 | 3.10 |
| shared [c0/m32,ahash-tl] {p1a} | 96 | 2 | 10449 | 10161-10738 | 1.54 | 1.50 | 32 | 3.23e+04 | 7e+04 | 2.16 | 1.2 | 3.09 |
| private [c0/m32] {p1a} | 1 | 2 | 6774 | 6743-6806 | 1.00 | 1.00 | 38 | 2.12e+04 | 7.08e+04 | 3.34 | 0.0 | 3.13 |
| private [c0/m32] {p1a} | 96 | 2 | 7260 | 7220-7301 | 1.07 | 1.00 | 29 | 2.21e+04 | 7.02e+04 | 3.18 | 0.7 | 3.04 |
| private [c0/m32,ahash-tl] {p1a} | 1 | 2 | 6662 | 6529-6795 | 1.00 | 1.00 | 37 | 2.08e+04 | 7.05e+04 | 3.39 | 0.0 | 3.13 |
| private [c0/m32,ahash-tl] {p1a} | 96 | 2 | 6947 | 6903-6990 | 1.04 | 1.00 | 30 | 2.11e+04 | 7.02e+04 | 3.33 | 0.0 | 3.03 |

checksum identity across variants, layouts and repeats: all equal per (work, K)
r3-k1-split-private k=1   split      private     cpu/op=6637.5 ns  busy pre/post 2.0/3.9%
r3-k96-split-private k=96  split      private     cpu/op=7353.6 ns  busy pre/post 34.0/34.7%

### work = full

| variant [layout] | K | runs | CPU/op ns (median) | min-max | x K=1 | x private | busy % | cycles/op | instr/op | IPC | x-CCX fills/op | GHz(u) |
|---|---:|---:|---:|---|---:|---:|---:|---:|---:|---:|---:|---:|
| shared [c0/m32] {p1a} | 1 | 3 | 14407 | 14380-14448 | 1.00 | - | 100 | 4.46e+04 | 1.25e+05 | 2.79 | 0.0 | 3.10 |
| shared [c0/m32] {p1a} | 24 | 3 | 16452 | 16449-16856 | 1.14 | - | 38 | 5.13e+04 | 1.24e+05 | 2.42 | 8.4 | 3.10 |
| shared [c0/m32] {p1a} | 96 | 3 | 34367 | 32087-38616 | 2.39 | - | 34 | 1.05e+05 | 1.24e+05 | 1.18 | 10.9 | 3.01 |

### work = split

| variant [layout] | K | runs | CPU/op ns (median) | min-max | x K=1 | x private | busy % | cycles/op | instr/op | IPC | x-CCX fills/op | GHz(u) |
|---|---:|---:|---:|---|---:|---:|---:|---:|---:|---:|---:|---:|
| shared [c0/m32] {p1a} | 1 | 3 | 6578 | 6466-6879 | 1.00 | 0.98 | 83 | 2.06e+04 | 7.01e+04 | 3.41 | 0.0 | 3.10 |
| shared [c0/m32] {p1a} | 24 | 3 | 6727 | 6695-6772 | 1.02 | - | 32 | 2.08e+04 | 7e+04 | 3.36 | 1.9 | 3.10 |
| shared [c0/m32] {p1a} | 96 | 3 | 10600 | 10072-10852 | 1.61 | 1.45 | 34 | 3.24e+04 | 6.99e+04 | 2.16 | 2.4 | 3.09 |
| shared [c0/m32,ahash-tl] {p1a} | 1 | 2 | 6782 | 6778-6785 | 1.00 | 1.02 | 34 | 2.1e+04 | 7.08e+04 | 3.37 | 0.0 | 3.10 |
| shared [c0/m32,ahash-tl] {p1a} | 96 | 2 | 10449 | 10161-10738 | 1.54 | 1.50 | 32 | 3.23e+04 | 7e+04 | 2.16 | 1.2 | 3.09 |
| private [c0/m32] {p1a} | 1 | 3 | 6743 | 6638-6806 | 1.00 | 1.00 | 38 | 2.11e+04 | 7.07e+04 | 3.36 | 0.0 | 3.13 |
| private [c0/m32] {p1a} | 96 | 3 | 7301 | 7220-7354 | 1.08 | 1.00 | 35 | 2.22e+04 | 7.02e+04 | 3.17 | 0.8 | 3.04 |
| private [c0/m32,ahash-tl] {p1a} | 1 | 2 | 6662 | 6529-6795 | 1.00 | 1.00 | 37 | 2.08e+04 | 7.05e+04 | 3.39 | 0.0 | 3.13 |
| private [c0/m32,ahash-tl] {p1a} | 96 | 2 | 6947 | 6903-6990 | 1.04 | 1.00 | 30 | 2.11e+04 | 7.02e+04 | 3.33 | 0.0 | 3.03 |

checksum identity across variants, layouts and repeats: all equal per (work, K)
r3-k1-split-shared k=1   split      shared      cpu/op=6836.9 ns  busy pre/post 7.7/0.0%
r3-k1-split-private k=1   split      private     cpu/op=6771.1 ns  busy pre/post 24.0/0.0%
r3-k96-split-shared k=96  split      shared      cpu/op=10056.9 ns  busy pre/post 38.8/35.1%
r3-k96-split-private k=96  split      private     cpu/op=7112.5 ns  busy pre/post 35.4/33.9%

### work = full

| variant [layout] | K | runs | CPU/op ns (median) | min-max | x K=1 | x private | busy % | cycles/op | instr/op | IPC | x-CCX fills/op | GHz(u) |
|---|---:|---:|---:|---|---:|---:|---:|---:|---:|---:|---:|---:|
| shared [c0/m32] {p1a} | 1 | 3 | 14407 | 14380-14448 | 1.00 | - | 100 | 4.46e+04 | 1.25e+05 | 2.79 | 0.0 | 3.10 |
| shared [c0/m32] {p1a} | 24 | 3 | 16452 | 16449-16856 | 1.14 | - | 38 | 5.13e+04 | 1.24e+05 | 2.42 | 8.4 | 3.10 |
| shared [c0/m32] {p1a} | 96 | 3 | 34367 | 32087-38616 | 2.39 | - | 34 | 1.05e+05 | 1.24e+05 | 1.18 | 10.9 | 3.01 |

### work = split

| variant [layout] | K | runs | CPU/op ns (median) | min-max | x K=1 | x private | busy % | cycles/op | instr/op | IPC | x-CCX fills/op | GHz(u) |
|---|---:|---:|---:|---|---:|---:|---:|---:|---:|---:|---:|---:|
| shared [c0/m32] {p1a} | 1 | 3 | 6578 | 6466-6879 | 1.00 | 0.98 | 83 | 2.06e+04 | 7.01e+04 | 3.41 | 0.0 | 3.10 |
| shared [c0/m32] {p1a} | 24 | 3 | 6727 | 6695-6772 | 1.02 | - | 32 | 2.08e+04 | 7e+04 | 3.36 | 1.9 | 3.10 |
| shared [c0/m32] {p1a} | 96 | 3 | 10600 | 10072-10852 | 1.61 | 1.45 | 34 | 3.24e+04 | 6.99e+04 | 2.16 | 2.4 | 3.09 |
| shared [c0/m32,ahash-tl] {p1a} | 1 | 3 | 6785 | 6778-6837 | 1.00 | 1.00 | 34 | 2.11e+04 | 7.06e+04 | 3.35 | 0.0 | 3.10 |
| shared [c0/m32,ahash-tl] {p1a} | 96 | 3 | 10161 | 10057-10738 | 1.50 | 1.45 | 39 | 3.19e+04 | 7e+04 | 2.19 | 1.2 | 3.09 |
| private [c0/m32] {p1a} | 1 | 3 | 6743 | 6638-6806 | 1.00 | 1.00 | 38 | 2.11e+04 | 7.07e+04 | 3.36 | 0.0 | 3.13 |
| private [c0/m32] {p1a} | 96 | 3 | 7301 | 7220-7354 | 1.08 | 1.00 | 35 | 2.22e+04 | 7.02e+04 | 3.17 | 0.8 | 3.04 |
| private [c0/m32,ahash-tl] {p1a} | 1 | 3 | 6771 | 6529-6795 | 1.00 | 1.00 | 37 | 2.09e+04 | 7.06e+04 | 3.37 | 0.0 | 3.13 |
| private [c0/m32,ahash-tl] {p1a} | 96 | 3 | 6990 | 6903-7112 | 1.03 | 1.00 | 35 | 2.12e+04 | 7.02e+04 | 3.32 | 0.0 | 3.02 |

checksum identity across variants, layouts and repeats: all equal per (work, K)
r3-k1-full-shared k=1   full       shared      cpu/op=14636.2 ns  busy pre/post 59.2/9.8%
r3-k1-specialize-shared k=1   specialize shared      cpu/op=7838.6 ns  busy pre/post 36.5/2.0%
r3-k1-split-shared k=1   split      shared      cpu/op=6875.8 ns  busy pre/post 3.8/3.9%
r3-k24-full-shared k=24  full       shared      cpu/op=16674.5 ns  busy pre/post 34.4/28.6%
r3-k24-specialize-shared k=24  specialize shared      cpu/op=10306.1 ns  busy pre/post 34.5/29.8%
r3-k24-split-shared k=24  split      shared      cpu/op=6691.6 ns  busy pre/post 30.8/30.0%
r3-k96-full-shared k=96  full       shared      cpu/op=32815.8 ns  busy pre/post 38.0/31.7%
r3-k96-specialize-shared k=96  specialize shared      cpu/op=27632.3 ns  busy pre/post 33.5/32.9%
r3-k96-split-shared k=96  split      shared      cpu/op=10173.5 ns  busy pre/post 35.4/33.7%

### work = full

| variant [layout] | K | runs | CPU/op ns (median) | min-max | x K=1 | x private | busy % | cycles/op | instr/op | IPC | x-CCX fills/op | GHz(u) |
|---|---:|---:|---:|---|---:|---:|---:|---:|---:|---:|---:|---:|
| shared [c0/m32] {proposed} | 1 | 3 | 14563 | 14548-14636 | 1.00 | 1.00 | 100 | 4.51e+04 | 1.25e+05 | 2.76 | 0.0 | 3.10 |
| shared [c0/m32] {proposed} | 24 | 3 | 16472 | 16122-16674 | 1.13 | - | 34 | 5.09e+04 | 1.24e+05 | 2.44 | 7.5 | 3.10 |
| shared [c0/m32] {proposed} | 96 | 3 | 33605 | 32816-33690 | 2.31 | 2.28 | 38 | 1.03e+05 | 1.24e+05 | 1.20 | 7.4 | 3.10 |
| shared [c48/m32] {proposed} | 1 | 2 | 14894 | 14844-14944 | 1.00 | - | 100 | 4.61e+04 | 1.25e+05 | 2.71 | 0.0 | 3.10 |
| shared [c48/m32] {proposed} | 96 | 2 | 26265 | 24688-27843 | 1.76 | - | 35 | 8.13e+04 | 1.24e+05 | 1.52 | 5.4 | 3.09 |
| rehome-api [c0/m32] {proposed} | 1 | 2 | 14845 | 14759-14932 | 1.00 | 1.02 | 18 | 4.6e+04 | 1.27e+05 | 2.75 | 0.0 | 3.10 |
| rehome-api [c0/m32] {proposed} | 96 | 2 | 14994 | 14940-15049 | 1.01 | 1.02 | 35 | 4.53e+04 | 1.26e+05 | 2.79 | 0.0 | 3.02 |
| private [c0/m32] {proposed} | 1 | 2 | 14614 | 14518-14711 | 1.00 | 1.00 | 100 | 4.55e+04 | 1.24e+05 | 2.73 | 0.0 | 3.11 |
| private [c0/m32] {proposed} | 96 | 2 | 14739 | 14685-14793 | 1.01 | 1.00 | 37 | 4.52e+04 | 1.24e+05 | 2.74 | 0.0 | 3.07 |

### work = specialize

| variant [layout] | K | runs | CPU/op ns (median) | min-max | x K=1 | x private | busy % | cycles/op | instr/op | IPC | x-CCX fills/op | GHz(u) |
|---|---:|---:|---:|---|---:|---:|---:|---:|---:|---:|---:|---:|
| shared [c0/m32] {proposed} | 1 | 3 | 7839 | 7780-7854 | 1.00 | 1.00 | 98 | 2.42e+04 | 5.55e+04 | 2.29 | 0.0 | 3.10 |
| shared [c0/m32] {proposed} | 24 | 3 | 10441 | 10306-10517 | 1.33 | - | 34 | 3.23e+04 | 5.54e+04 | 1.72 | 6.2 | 3.10 |
| shared [c0/m32] {proposed} | 96 | 3 | 28500 | 27632-28984 | 3.64 | 3.55 | 34 | 8.78e+04 | 5.54e+04 | 0.63 | 6.1 | 3.10 |
| shared [c48/m32] {proposed} | 1 | 2 | 7802 | 7794-7809 | 1.00 | - | 28 | 2.42e+04 | 5.55e+04 | 2.30 | 0.0 | 3.10 |
| shared [c48/m32] {proposed} | 96 | 2 | 19143 | 17272-21014 | 2.45 | - | 46 | 5.92e+04 | 5.54e+04 | 0.93 | 4.5 | 3.09 |
| rehome-api [c0/m32] {proposed} | 1 | 2 | 8066 | 8045-8086 | 1.00 | 1.03 | 54 | 2.5e+04 | 5.78e+04 | 2.31 | 0.0 | 3.10 |
| rehome-api [c0/m32] {proposed} | 96 | 2 | 8076 | 8050-8103 | 1.00 | 1.01 | 33 | 2.44e+04 | 5.77e+04 | 2.36 | 0.0 | 3.02 |
| private [c0/m32] {proposed} | 1 | 2 | 7824 | 7819-7829 | 1.00 | 1.00 | 16 | 2.45e+04 | 5.58e+04 | 2.28 | 0.0 | 3.13 |
| private [c0/m32] {proposed} | 96 | 2 | 8022 | 7972-8072 | 1.03 | 1.00 | 33 | 2.46e+04 | 5.56e+04 | 2.26 | 0.0 | 3.06 |

### work = split

| variant [layout] | K | runs | CPU/op ns (median) | min-max | x K=1 | x private | busy % | cycles/op | instr/op | IPC | x-CCX fills/op | GHz(u) |
|---|---:|---:|---:|---|---:|---:|---:|---:|---:|---:|---:|---:|
| shared [c0/m32] {proposed} | 1 | 3 | 6876 | 6736-6894 | 1.00 | 0.98 | 28 | 2.12e+04 | 7.05e+04 | 3.33 | 0.0 | 3.10 |
| shared [c0/m32] {proposed} | 24 | 3 | 6692 | 6692-6758 | 0.97 | - | 31 | 2.08e+04 | 6.98e+04 | 3.36 | 1.2 | 3.10 |
| shared [c0/m32] {proposed} | 96 | 3 | 10174 | 10103-10392 | 1.48 | 1.41 | 35 | 3.15e+04 | 6.98e+04 | 2.21 | 1.2 | 3.09 |
| shared [c48/m32] {proposed} | 1 | 2 | 6758 | 6691-6825 | 1.00 | - | 85 | 2.09e+04 | 7.04e+04 | 3.36 | 0.0 | 3.10 |
| shared [c48/m32] {proposed} | 96 | 2 | 10415 | 10098-10732 | 1.54 | - | 40 | 3.21e+04 | 6.98e+04 | 2.17 | 1.2 | 3.09 |
| rehome-api [c0/m32] {proposed} | 1 | 2 | 7215 | 7134-7295 | 1.00 | 1.03 | 100 | 2.24e+04 | 7.18e+04 | 3.21 | 0.0 | 3.10 |
| rehome-api [c0/m32] {proposed} | 96 | 2 | 6972 | 6905-7040 | 0.97 | 0.96 | 33 | 2.1e+04 | 7.13e+04 | 3.40 | 0.0 | 3.01 |
| private [c0/m32] {proposed} | 1 | 2 | 6982 | 6771-7193 | 1.00 | 1.00 | 91 | 2.18e+04 | 7.03e+04 | 3.22 | 0.0 | 3.13 |
| private [c0/m32] {proposed} | 96 | 2 | 7235 | 7160-7309 | 1.04 | 1.00 | 35 | 2.19e+04 | 7e+04 | 3.19 | 0.0 | 3.03 |

checksum identity across variants, layouts and repeats: all equal per (work, K)
r3-k1-full-shared k=1   full       shared      cpu/op=14917.9 ns  busy pre/post 7.8/2.0%
r3-k1-specialize-shared k=1   specialize shared      cpu/op=7826.2 ns  busy pre/post 13.5/18.0%
r3-k1-split-shared k=1   split      shared      cpu/op=6974.1 ns  busy pre/post 7.8/12.0%
r3-k96-full-shared k=96  full       shared      cpu/op=26589.9 ns  busy pre/post 31.4/32.1%
r3-k96-specialize-shared k=96  specialize shared      cpu/op=18612.9 ns  busy pre/post 32.8/34.3%
r3-k96-split-shared k=96  split      shared      cpu/op=9790.0 ns  busy pre/post 37.2/32.7%

### work = full

| variant [layout] | K | runs | CPU/op ns (median) | min-max | x K=1 | x private | busy % | cycles/op | instr/op | IPC | x-CCX fills/op | GHz(u) |
|---|---:|---:|---:|---|---:|---:|---:|---:|---:|---:|---:|---:|
| shared [c0/m32] {proposed} | 1 | 3 | 14563 | 14548-14636 | 1.00 | 1.00 | 100 | 4.51e+04 | 1.25e+05 | 2.76 | 0.0 | 3.10 |
| shared [c0/m32] {proposed} | 24 | 3 | 16472 | 16122-16674 | 1.13 | - | 34 | 5.09e+04 | 1.24e+05 | 2.44 | 7.5 | 3.10 |
| shared [c0/m32] {proposed} | 96 | 3 | 33605 | 32816-33690 | 2.31 | 2.28 | 38 | 1.03e+05 | 1.24e+05 | 1.20 | 7.4 | 3.10 |
| shared [c48/m32] {proposed} | 1 | 3 | 14918 | 14844-14944 | 1.00 | - | 100 | 4.61e+04 | 1.25e+05 | 2.71 | 0.0 | 3.10 |
| shared [c48/m32] {proposed} | 96 | 3 | 26590 | 24688-27843 | 1.78 | - | 35 | 8.16e+04 | 1.24e+05 | 1.52 | 5.4 | 3.10 |
| rehome-api [c0/m32] {proposed} | 1 | 2 | 14845 | 14759-14932 | 1.00 | 1.02 | 18 | 4.6e+04 | 1.27e+05 | 2.75 | 0.0 | 3.10 |
| rehome-api [c0/m32] {proposed} | 96 | 2 | 14994 | 14940-15049 | 1.01 | 1.02 | 35 | 4.53e+04 | 1.26e+05 | 2.79 | 0.0 | 3.02 |
| private [c0/m32] {proposed} | 1 | 2 | 14614 | 14518-14711 | 1.00 | 1.00 | 100 | 4.55e+04 | 1.24e+05 | 2.73 | 0.0 | 3.11 |
| private [c0/m32] {proposed} | 96 | 2 | 14739 | 14685-14793 | 1.01 | 1.00 | 37 | 4.52e+04 | 1.24e+05 | 2.74 | 0.0 | 3.07 |

### work = specialize

| variant [layout] | K | runs | CPU/op ns (median) | min-max | x K=1 | x private | busy % | cycles/op | instr/op | IPC | x-CCX fills/op | GHz(u) |
|---|---:|---:|---:|---|---:|---:|---:|---:|---:|---:|---:|---:|
| shared [c0/m32] {proposed} | 1 | 3 | 7839 | 7780-7854 | 1.00 | 1.00 | 98 | 2.42e+04 | 5.55e+04 | 2.29 | 0.0 | 3.10 |
| shared [c0/m32] {proposed} | 24 | 3 | 10441 | 10306-10517 | 1.33 | - | 34 | 3.23e+04 | 5.54e+04 | 1.72 | 6.2 | 3.10 |
| shared [c0/m32] {proposed} | 96 | 3 | 28500 | 27632-28984 | 3.64 | 3.55 | 34 | 8.78e+04 | 5.54e+04 | 0.63 | 6.1 | 3.10 |
| shared [c48/m32] {proposed} | 1 | 3 | 7809 | 7794-7826 | 1.00 | - | 28 | 2.42e+04 | 5.55e+04 | 2.30 | 0.0 | 3.10 |
| shared [c48/m32] {proposed} | 96 | 3 | 18613 | 17272-21014 | 2.38 | - | 46 | 5.87e+04 | 5.54e+04 | 0.94 | 4.5 | 3.09 |
| rehome-api [c0/m32] {proposed} | 1 | 2 | 8066 | 8045-8086 | 1.00 | 1.03 | 54 | 2.5e+04 | 5.78e+04 | 2.31 | 0.0 | 3.10 |
| rehome-api [c0/m32] {proposed} | 96 | 2 | 8076 | 8050-8103 | 1.00 | 1.01 | 33 | 2.44e+04 | 5.77e+04 | 2.36 | 0.0 | 3.02 |
| private [c0/m32] {proposed} | 1 | 2 | 7824 | 7819-7829 | 1.00 | 1.00 | 16 | 2.45e+04 | 5.58e+04 | 2.28 | 0.0 | 3.13 |
| private [c0/m32] {proposed} | 96 | 2 | 8022 | 7972-8072 | 1.03 | 1.00 | 33 | 2.46e+04 | 5.56e+04 | 2.26 | 0.0 | 3.06 |

### work = split

| variant [layout] | K | runs | CPU/op ns (median) | min-max | x K=1 | x private | busy % | cycles/op | instr/op | IPC | x-CCX fills/op | GHz(u) |
|---|---:|---:|---:|---|---:|---:|---:|---:|---:|---:|---:|---:|
| shared [c0/m32] {proposed} | 1 | 3 | 6876 | 6736-6894 | 1.00 | 0.98 | 28 | 2.12e+04 | 7.05e+04 | 3.33 | 0.0 | 3.10 |
| shared [c0/m32] {proposed} | 24 | 3 | 6692 | 6692-6758 | 0.97 | - | 31 | 2.08e+04 | 6.98e+04 | 3.36 | 1.2 | 3.10 |
| shared [c0/m32] {proposed} | 96 | 3 | 10174 | 10103-10392 | 1.48 | 1.41 | 35 | 3.15e+04 | 6.98e+04 | 2.21 | 1.2 | 3.09 |
| shared [c48/m32] {proposed} | 1 | 3 | 6825 | 6691-6974 | 1.00 | - | 85 | 2.11e+04 | 7.04e+04 | 3.33 | 0.0 | 3.10 |
| shared [c48/m32] {proposed} | 96 | 3 | 10098 | 9790-10732 | 1.48 | - | 40 | 3.14e+04 | 6.98e+04 | 2.22 | 1.2 | 3.08 |
| rehome-api [c0/m32] {proposed} | 1 | 2 | 7215 | 7134-7295 | 1.00 | 1.03 | 100 | 2.24e+04 | 7.18e+04 | 3.21 | 0.0 | 3.10 |
| rehome-api [c0/m32] {proposed} | 96 | 2 | 6972 | 6905-7040 | 0.97 | 0.96 | 33 | 2.1e+04 | 7.13e+04 | 3.40 | 0.0 | 3.01 |
| private [c0/m32] {proposed} | 1 | 2 | 6982 | 6771-7193 | 1.00 | 1.00 | 91 | 2.18e+04 | 7.03e+04 | 3.22 | 0.0 | 3.13 |
| private [c0/m32] {proposed} | 96 | 2 | 7235 | 7160-7309 | 1.04 | 1.00 | 35 | 2.19e+04 | 7e+04 | 3.19 | 0.0 | 3.03 |

checksum identity across variants, layouts and repeats: all equal per (work, K)
r3-k1-full-private k=1   full       private     cpu/op=14859.8 ns  busy pre/post 1.9/7.8%
r3-k1-full-rehome-api k=1   full       rehome-api  cpu/op=14851.4 ns  busy pre/post 100.0/7.8%
r3-k1-specialize-private k=1   specialize private     cpu/op=7824.9 ns  busy pre/post 3.9/6.0%
r3-k1-specialize-rehome-api k=1   specialize rehome-api  cpu/op=8208.8 ns  busy pre/post 64.7/3.9%
r3-k1-split-private k=1   split      private     cpu/op=6841.5 ns  busy pre/post 30.8/71.7%
r3-k1-split-rehome-api k=1   split      rehome-api  cpu/op=6895.0 ns  busy pre/post 74.5/34.0%
r3-k96-full-private k=96  full       private     cpu/op=15239.2 ns  busy pre/post 37.6/32.1%
r3-k96-full-rehome-api k=96  full       rehome-api  cpu/op=15366.0 ns  busy pre/post 29.0/31.8%
r3-k96-specialize-private k=96  specialize private     cpu/op=7938.8 ns  busy pre/post 33.0/29.0%
r3-k96-specialize-rehome-api k=96  specialize rehome-api  cpu/op=7884.2 ns  busy pre/post 31.2/33.0%
r3-k96-split-private k=96  split      private     cpu/op=6777.2 ns  busy pre/post 33.0/32.1%
r3-k96-split-rehome-api k=96  split      rehome-api  cpu/op=6882.2 ns  busy pre/post 34.4/32.3%

### work = full

| variant [layout] | K | runs | CPU/op ns (median) | min-max | x K=1 | x private | busy % | cycles/op | instr/op | IPC | x-CCX fills/op | GHz(u) |
|---|---:|---:|---:|---|---:|---:|---:|---:|---:|---:|---:|---:|
| shared [c0/m32] {proposed} | 1 | 3 | 14563 | 14548-14636 | 1.00 | 0.99 | 100 | 4.51e+04 | 1.25e+05 | 2.76 | 0.0 | 3.10 |
| shared [c0/m32] {proposed} | 24 | 3 | 16472 | 16122-16674 | 1.13 | - | 34 | 5.09e+04 | 1.24e+05 | 2.44 | 7.5 | 3.10 |
| shared [c0/m32] {proposed} | 96 | 3 | 33605 | 32816-33690 | 2.31 | 2.27 | 38 | 1.03e+05 | 1.24e+05 | 1.20 | 7.4 | 3.10 |
| shared [c48/m32] {proposed} | 1 | 3 | 14918 | 14844-14944 | 1.00 | - | 100 | 4.61e+04 | 1.25e+05 | 2.71 | 0.0 | 3.10 |
| shared [c48/m32] {proposed} | 96 | 3 | 26590 | 24688-27843 | 1.78 | - | 35 | 8.16e+04 | 1.24e+05 | 1.52 | 5.4 | 3.10 |
| rehome-api [c0/m32] {proposed} | 1 | 3 | 14851 | 14759-14932 | 1.00 | 1.01 | 100 | 4.6e+04 | 1.27e+05 | 2.76 | 0.0 | 3.10 |
| rehome-api [c0/m32] {proposed} | 96 | 3 | 15049 | 14940-15366 | 1.01 | 1.02 | 35 | 4.54e+04 | 1.26e+05 | 2.78 | 0.0 | 3.00 |
| private [c0/m32] {proposed} | 1 | 3 | 14711 | 14518-14860 | 1.00 | 1.00 | 100 | 4.57e+04 | 1.24e+05 | 2.72 | 0.0 | 3.11 |
| private [c0/m32] {proposed} | 96 | 3 | 14793 | 14685-15239 | 1.01 | 1.00 | 38 | 4.54e+04 | 1.24e+05 | 2.73 | 0.0 | 3.05 |

### work = specialize

| variant [layout] | K | runs | CPU/op ns (median) | min-max | x K=1 | x private | busy % | cycles/op | instr/op | IPC | x-CCX fills/op | GHz(u) |
|---|---:|---:|---:|---|---:|---:|---:|---:|---:|---:|---:|---:|
| shared [c0/m32] {proposed} | 1 | 3 | 7839 | 7780-7854 | 1.00 | 1.00 | 98 | 2.42e+04 | 5.55e+04 | 2.29 | 0.0 | 3.10 |
| shared [c0/m32] {proposed} | 24 | 3 | 10441 | 10306-10517 | 1.33 | - | 34 | 3.23e+04 | 5.54e+04 | 1.72 | 6.2 | 3.10 |
| shared [c0/m32] {proposed} | 96 | 3 | 28500 | 27632-28984 | 3.64 | 3.58 | 34 | 8.78e+04 | 5.54e+04 | 0.63 | 6.1 | 3.10 |
| shared [c48/m32] {proposed} | 1 | 3 | 7809 | 7794-7826 | 1.00 | - | 28 | 2.42e+04 | 5.55e+04 | 2.30 | 0.0 | 3.10 |
| shared [c48/m32] {proposed} | 96 | 3 | 18613 | 17272-21014 | 2.38 | - | 46 | 5.87e+04 | 5.54e+04 | 0.94 | 4.5 | 3.09 |
| rehome-api [c0/m32] {proposed} | 1 | 3 | 8086 | 8045-8209 | 1.00 | 1.03 | 65 | 2.51e+04 | 5.78e+04 | 2.30 | 0.0 | 3.10 |
| rehome-api [c0/m32] {proposed} | 96 | 3 | 8050 | 7884-8103 | 1.00 | 1.01 | 33 | 2.44e+04 | 5.77e+04 | 2.36 | 0.0 | 3.05 |
| private [c0/m32] {proposed} | 1 | 3 | 7825 | 7819-7829 | 1.00 | 1.00 | 16 | 2.45e+04 | 5.58e+04 | 2.28 | 0.0 | 3.13 |
| private [c0/m32] {proposed} | 96 | 3 | 7972 | 7939-8072 | 1.02 | 1.00 | 33 | 2.45e+04 | 5.56e+04 | 2.27 | 0.0 | 3.07 |

### work = split

| variant [layout] | K | runs | CPU/op ns (median) | min-max | x K=1 | x private | busy % | cycles/op | instr/op | IPC | x-CCX fills/op | GHz(u) |
|---|---:|---:|---:|---|---:|---:|---:|---:|---:|---:|---:|---:|
| shared [c0/m32] {proposed} | 1 | 3 | 6876 | 6736-6894 | 1.00 | 1.01 | 28 | 2.12e+04 | 7.05e+04 | 3.33 | 0.0 | 3.10 |
| shared [c0/m32] {proposed} | 24 | 3 | 6692 | 6692-6758 | 0.97 | - | 31 | 2.08e+04 | 6.98e+04 | 3.36 | 1.2 | 3.10 |
| shared [c0/m32] {proposed} | 96 | 3 | 10174 | 10103-10392 | 1.48 | 1.42 | 35 | 3.15e+04 | 6.98e+04 | 2.21 | 1.2 | 3.09 |
| shared [c48/m32] {proposed} | 1 | 3 | 6825 | 6691-6974 | 1.00 | - | 85 | 2.11e+04 | 7.04e+04 | 3.33 | 0.0 | 3.10 |
| shared [c48/m32] {proposed} | 96 | 3 | 10098 | 9790-10732 | 1.48 | - | 40 | 3.14e+04 | 6.98e+04 | 2.22 | 1.2 | 3.08 |
| rehome-api [c0/m32] {proposed} | 1 | 3 | 7134 | 6895-7295 | 1.00 | 1.04 | 100 | 2.2e+04 | 7.17e+04 | 3.26 | 0.0 | 3.10 |
| rehome-api [c0/m32] {proposed} | 96 | 3 | 6905 | 6882-7040 | 0.97 | 0.96 | 34 | 2.1e+04 | 7.13e+04 | 3.39 | 0.0 | 3.03 |
| private [c0/m32] {proposed} | 1 | 3 | 6842 | 6771-7193 | 1.00 | 1.00 | 91 | 2.17e+04 | 7.03e+04 | 3.24 | 0.0 | 3.13 |
| private [c0/m32] {proposed} | 96 | 3 | 7160 | 6777-7309 | 1.05 | 1.00 | 35 | 2.16e+04 | 7e+04 | 3.23 | 0.0 | 3.06 |

checksum identity across variants, layouts and repeats: all equal per (work, K)
r3-k1-full-shared k=1   full       shared      cpu/op=14853.3 ns  busy pre/post 5.8/0.0%
r3-k1-specialize-shared k=1   specialize shared      cpu/op=7783.7 ns  busy pre/post 7.8/2.0%
r3-k1-split-shared k=1   split      shared      cpu/op=6713.9 ns  busy pre/post 1.9/70.6%
r3-k24-full-shared k=24  full       shared      cpu/op=23828.3 ns  busy pre/post 29.9/25.6%
r3-k24-specialize-shared k=24  specialize shared      cpu/op=8604.5 ns  busy pre/post 30.0/28.7%
r3-k24-split-shared k=24  split      shared      cpu/op=19226.9 ns  busy pre/post 30.2/27.0%
r3-k96-full-shared k=96  full       shared      cpu/op=69811.8 ns  busy pre/post 38.7/27.1%
r3-k96-specialize-shared k=96  specialize shared      cpu/op=20359.4 ns  busy pre/post 27.2/22.6%
r3-k96-split-shared k=96  split      shared      cpu/op=67122.8 ns  busy pre/post 25.1/20.7%

### work = full

| variant [layout] | K | runs | CPU/op ns (median) | min-max | x K=1 | x private | busy % | cycles/op | instr/op | IPC | x-CCX fills/op | GHz(u) |
|---|---:|---:|---:|---|---:|---:|---:|---:|---:|---:|---:|---:|
| shared [c0/m32] {padded} | 1 | 3 | 14669 | 14600-14853 | 1.00 | - | 88 | 4.55e+04 | 1.24e+05 | 2.73 | 0.0 | 3.10 |
| shared [c0/m32] {padded} | 24 | 3 | 23828 | 21321-24022 | 1.62 | - | 39 | 7.14e+04 | 1.23e+05 | 1.73 | 13.6 | 3.10 |
| shared [c0/m32] {padded} | 96 | 3 | 71625 | 69812-76332 | 4.88 | - | 39 | 2.25e+05 | 1.23e+05 | 0.55 | 16.0 | 3.09 |
| shared [c48/m32] {padded} | 1 | 2 | 14703 | 14601-14806 | 1.00 | - | 15 | 4.55e+04 | 1.24e+05 | 2.73 | 0.0 | 3.10 |
| shared [c48/m32] {padded} | 96 | 2 | 73285 | 72797-73773 | 4.98 | - | 39 | 2.27e+05 | 1.23e+05 | 0.54 | 15.7 | 3.09 |

### work = specialize

| variant [layout] | K | runs | CPU/op ns (median) | min-max | x K=1 | x private | busy % | cycles/op | instr/op | IPC | x-CCX fills/op | GHz(u) |
|---|---:|---:|---:|---|---:|---:|---:|---:|---:|---:|---:|---:|
| shared [c0/m32] {padded} | 1 | 3 | 7860 | 7784-7876 | 1.00 | - | 23 | 2.43e+04 | 5.54e+04 | 2.28 | 0.0 | 3.10 |
| shared [c0/m32] {padded} | 24 | 3 | 8604 | 8583-8715 | 1.09 | - | 30 | 2.67e+04 | 5.53e+04 | 2.07 | 4.6 | 3.10 |
| shared [c0/m32] {padded} | 96 | 3 | 19860 | 18212-20359 | 2.53 | - | 32 | 6.03e+04 | 5.52e+04 | 0.92 | 4.4 | 3.10 |
| shared [c48/m32] {padded} | 1 | 2 | 7882 | 7847-7917 | 1.00 | - | 37 | 2.44e+04 | 5.54e+04 | 2.27 | 0.0 | 3.10 |
| shared [c48/m32] {padded} | 96 | 2 | 20942 | 18849-23034 | 2.66 | - | 36 | 5.85e+04 | 5.52e+04 | 0.94 | 4.5 | 2.79 |

### work = split

| variant [layout] | K | runs | CPU/op ns (median) | min-max | x K=1 | x private | busy % | cycles/op | instr/op | IPC | x-CCX fills/op | GHz(u) |
|---|---:|---:|---:|---|---:|---:|---:|---:|---:|---:|---:|---:|
| shared [c0/m32] {padded} | 1 | 3 | 6700 | 6595-6714 | 1.00 | - | 73 | 2.07e+04 | 6.99e+04 | 3.38 | 0.0 | 3.10 |
| shared [c0/m32] {padded} | 24 | 3 | 18626 | 18242-19227 | 2.78 | - | 33 | 5.79e+04 | 6.93e+04 | 1.20 | 8.2 | 3.10 |
| shared [c0/m32] {padded} | 96 | 3 | 65551 | 63937-67123 | 9.78 | - | 32 | 2.03e+05 | 6.93e+04 | 0.34 | 8.5 | 3.09 |
| shared [c48/m32] {padded} | 1 | 2 | 6833 | 6715-6950 | 1.00 | - | 47 | 2.12e+04 | 6.98e+04 | 3.30 | 0.0 | 3.10 |
| shared [c48/m32] {padded} | 96 | 2 | 65672 | 65374-65970 | 9.61 | - | 36 | 2.03e+05 | 6.93e+04 | 0.34 | 8.5 | 3.09 |

checksum identity across variants, layouts and repeats: all equal per (work, K)
r3-k1-full-shared k=1   full       shared      cpu/op=14583.8 ns  busy pre/post 100.0/3.9%
r3-k1-specialize-shared k=1   specialize shared      cpu/op=7809.4 ns  busy pre/post 3.8/42.6%
r3-k1-split-shared k=1   split      shared      cpu/op=6618.9 ns  busy pre/post 4.1/8.0%
r3-k96-full-shared k=96  full       shared      cpu/op=87888.9 ns  busy pre/post 21.0/6.5%
r3-k96-specialize-shared k=96  specialize shared      cpu/op=22163.6 ns  busy pre/post 10.9/17.4%
r3-k96-split-shared k=96  split      shared      cpu/op=76619.5 ns  busy pre/post 11.7/6.9%

### work = full

| variant [layout] | K | runs | CPU/op ns (median) | min-max | x K=1 | x private | busy % | cycles/op | instr/op | IPC | x-CCX fills/op | GHz(u) |
|---|---:|---:|---:|---|---:|---:|---:|---:|---:|---:|---:|---:|
| shared [c0/m32] {padded} | 1 | 3 | 14669 | 14600-14853 | 1.00 | - | 88 | 4.55e+04 | 1.24e+05 | 2.73 | 0.0 | 3.10 |
| shared [c0/m32] {padded} | 24 | 3 | 23828 | 21321-24022 | 1.62 | - | 39 | 7.14e+04 | 1.23e+05 | 1.73 | 13.6 | 3.10 |
| shared [c0/m32] {padded} | 96 | 3 | 71625 | 69812-76332 | 4.88 | - | 39 | 2.25e+05 | 1.23e+05 | 0.55 | 16.0 | 3.09 |
| shared [c48/m32] {padded} | 1 | 3 | 14601 | 14584-14806 | 1.00 | - | 100 | 4.54e+04 | 1.24e+05 | 2.73 | 0.0 | 3.10 |
| shared [c48/m32] {padded} | 96 | 3 | 73773 | 72797-87889 | 5.05 | - | 39 | 2.42e+05 | 1.23e+05 | 0.51 | 15.6 | 3.10 |

### work = specialize

| variant [layout] | K | runs | CPU/op ns (median) | min-max | x K=1 | x private | busy % | cycles/op | instr/op | IPC | x-CCX fills/op | GHz(u) |
|---|---:|---:|---:|---|---:|---:|---:|---:|---:|---:|---:|---:|
| shared [c0/m32] {padded} | 1 | 3 | 7860 | 7784-7876 | 1.00 | - | 23 | 2.43e+04 | 5.54e+04 | 2.28 | 0.0 | 3.10 |
| shared [c0/m32] {padded} | 24 | 3 | 8604 | 8583-8715 | 1.09 | - | 30 | 2.67e+04 | 5.53e+04 | 2.07 | 4.6 | 3.10 |
| shared [c0/m32] {padded} | 96 | 3 | 19860 | 18212-20359 | 2.53 | - | 32 | 6.03e+04 | 5.52e+04 | 0.92 | 4.4 | 3.10 |
| shared [c48/m32] {padded} | 1 | 3 | 7847 | 7809-7917 | 1.00 | - | 43 | 2.43e+04 | 5.54e+04 | 2.28 | 0.0 | 3.10 |
| shared [c48/m32] {padded} | 96 | 3 | 22164 | 18849-23034 | 2.82 | - | 36 | 6.19e+04 | 5.52e+04 | 0.89 | 4.4 | 2.90 |

### work = split

| variant [layout] | K | runs | CPU/op ns (median) | min-max | x K=1 | x private | busy % | cycles/op | instr/op | IPC | x-CCX fills/op | GHz(u) |
|---|---:|---:|---:|---|---:|---:|---:|---:|---:|---:|---:|---:|
| shared [c0/m32] {padded} | 1 | 3 | 6700 | 6595-6714 | 1.00 | - | 73 | 2.07e+04 | 6.99e+04 | 3.38 | 0.0 | 3.10 |
| shared [c0/m32] {padded} | 24 | 3 | 18626 | 18242-19227 | 2.78 | - | 33 | 5.79e+04 | 6.93e+04 | 1.20 | 8.2 | 3.10 |
| shared [c0/m32] {padded} | 96 | 3 | 65551 | 63937-67123 | 9.78 | - | 32 | 2.03e+05 | 6.93e+04 | 0.34 | 8.5 | 3.09 |
| shared [c48/m32] {padded} | 1 | 3 | 6715 | 6619-6950 | 1.00 | - | 47 | 2.09e+04 | 6.98e+04 | 3.33 | 0.0 | 3.10 |
| shared [c48/m32] {padded} | 96 | 3 | 65970 | 65374-76620 | 9.82 | - | 36 | 2.15e+05 | 6.93e+04 | 0.32 | 8.4 | 3.09 |

checksum identity across variants, layouts and repeats: all equal per (work, K)
2026-09-28T14:08:12Z patch-ab repeat 3 done
2026-09-28T14:08:13Z part C done
2026-09-28T14:08:33Z session done
2026-09-28T14:09:14Z part D waiting for socket1.lock
2026-09-28T14:16:09Z part D lock acquired
r1-k1-full-shared k=1   full       shared      cpu/op=14335.2 ns  busy pre/post 11.5/21.6%
r1-k1-specialize-shared k=1   specialize shared      cpu/op=7686.7 ns  busy pre/post 10.0/17.3%
r1-k96-full-shared k=96  full       shared      cpu/op=302027.4 ns  busy pre/post 15.5/2.9%
r1-k96-specialize-shared k=96  specialize shared      cpu/op=96049.1 ns  busy pre/post 4.0/2.0%

### work = full

| variant [layout] | K | runs | CPU/op ns (median) | min-max | x K=1 | x private | busy % | cycles/op | instr/op | IPC | x-CCX fills/op | GHz(u) |
|---|---:|---:|---:|---|---:|---:|---:|---:|---:|---:|---:|---:|
| shared [c0/m0] {pristine} | 1 | 1 | 14335 | 14335-14335 | 1.00 | - | 22 | 4.44e+04 | 1.24e+05 | 2.79 | 0.0 | 3.10 |
| shared [c0/m0] {pristine} | 96 | 1 | 302027 | 302027-302027 | 21.07 | - | 16 | 9.35e+05 | 1.24e+05 | 0.13 | 36.7 | 3.10 |

### work = specialize

| variant [layout] | K | runs | CPU/op ns (median) | min-max | x K=1 | x private | busy % | cycles/op | instr/op | IPC | x-CCX fills/op | GHz(u) |
|---|---:|---:|---:|---|---:|---:|---:|---:|---:|---:|---:|---:|
| shared [c0/m0] {pristine} | 1 | 1 | 7687 | 7687-7687 | 1.00 | - | 17 | 2.38e+04 | 5.55e+04 | 2.33 | 0.0 | 3.10 |
| shared [c0/m0] {pristine} | 96 | 1 | 96049 | 96049-96049 | 12.50 | - | 4 | 2.97e+05 | 5.54e+04 | 0.19 | 11.7 | 3.10 |

checksum identity across variants, layouts and repeats: all equal per (work, K)
r1-k1-full-shared k=1   full       shared      cpu/op=14388.6 ns  busy pre/post 3.8/0.0%
r1-k1-specialize-shared k=1   specialize shared      cpu/op=7668.3 ns  busy pre/post 5.8/27.5%
r1-k96-full-shared k=96  full       shared      cpu/op=94770.0 ns  busy pre/post 9.1/3.0%
r1-k96-specialize-shared k=96  specialize shared      cpu/op=36838.4 ns  busy pre/post 7.0/4.0%

### work = full

| variant [layout] | K | runs | CPU/op ns (median) | min-max | x K=1 | x private | busy % | cycles/op | instr/op | IPC | x-CCX fills/op | GHz(u) |
|---|---:|---:|---:|---|---:|---:|---:|---:|---:|---:|---:|---:|
| shared [c0/m0] {padded} | 1 | 1 | 14389 | 14389-14389 | 1.00 | - | 4 | 4.45e+04 | 1.24e+05 | 2.78 | 0.0 | 3.10 |
| shared [c0/m0] {padded} | 96 | 1 | 94770 | 94770-94770 | 6.59 | - | 9 | 2.93e+05 | 1.23e+05 | 0.42 | 16.4 | 3.10 |

### work = specialize

| variant [layout] | K | runs | CPU/op ns (median) | min-max | x K=1 | x private | busy % | cycles/op | instr/op | IPC | x-CCX fills/op | GHz(u) |
|---|---:|---:|---:|---|---:|---:|---:|---:|---:|---:|---:|---:|
| shared [c0/m0] {padded} | 1 | 1 | 7668 | 7668-7668 | 1.00 | - | 28 | 2.38e+04 | 5.54e+04 | 2.33 | 0.0 | 3.10 |
| shared [c0/m0] {padded} | 96 | 1 | 36838 | 36838-36838 | 4.80 | - | 7 | 1.14e+05 | 5.52e+04 | 0.48 | 4.9 | 3.10 |

checksum identity across variants, layouts and repeats: all equal per (work, K)
r1-k1-full-shared k=1   full       shared      cpu/op=14426.9 ns  busy pre/post 6.0/26.0%
r1-k1-specialize-shared k=1   specialize shared      cpu/op=7698.4 ns  busy pre/post 2.0/34.0%
r1-k96-full-shared k=96  full       shared      cpu/op=124985.7 ns  busy pre/post 10.1/1.0%
r1-k96-specialize-shared k=96  specialize shared      cpu/op=84604.1 ns  busy pre/post 3.1/1.9%

### work = full

| variant [layout] | K | runs | CPU/op ns (median) | min-max | x K=1 | x private | busy % | cycles/op | instr/op | IPC | x-CCX fills/op | GHz(u) |
|---|---:|---:|---:|---|---:|---:|---:|---:|---:|---:|---:|---:|
| shared [c0/m0] {pristine} | 1 | 1 | 14335 | 14335-14335 | 1.00 | - | 22 | 4.44e+04 | 1.24e+05 | 2.79 | 0.0 | 3.10 |
| shared [c0/m0] {pristine} | 96 | 1 | 302027 | 302027-302027 | 21.07 | - | 16 | 9.35e+05 | 1.24e+05 | 0.13 | 36.7 | 3.10 |
| shared [c48/m0] {pristine} | 1 | 1 | 14427 | 14427-14427 | 1.00 | - | 26 | 4.47e+04 | 1.24e+05 | 2.78 | 0.0 | 3.10 |
| shared [c48/m0] {pristine} | 96 | 1 | 124986 | 124986-124986 | 8.66 | - | 10 | 3.87e+05 | 1.24e+05 | 0.32 | 19.4 | 3.10 |

### work = specialize

| variant [layout] | K | runs | CPU/op ns (median) | min-max | x K=1 | x private | busy % | cycles/op | instr/op | IPC | x-CCX fills/op | GHz(u) |
|---|---:|---:|---:|---|---:|---:|---:|---:|---:|---:|---:|---:|
| shared [c0/m0] {pristine} | 1 | 1 | 7687 | 7687-7687 | 1.00 | - | 17 | 2.38e+04 | 5.55e+04 | 2.33 | 0.0 | 3.10 |
| shared [c0/m0] {pristine} | 96 | 1 | 96049 | 96049-96049 | 12.50 | - | 4 | 2.97e+05 | 5.54e+04 | 0.19 | 11.7 | 3.10 |
| shared [c48/m0] {pristine} | 1 | 1 | 7698 | 7698-7698 | 1.00 | - | 34 | 2.38e+04 | 5.55e+04 | 2.33 | 0.0 | 3.10 |
| shared [c48/m0] {pristine} | 96 | 1 | 84604 | 84604-84604 | 10.99 | - | 3 | 2.62e+05 | 5.54e+04 | 0.21 | 8.0 | 3.10 |

checksum identity across variants, layouts and repeats: all equal per (work, K)
r1-k1-full-shared k=1   full       shared      cpu/op=14397.5 ns  busy pre/post 23.1/7.8%
r1-k1-specialize-shared k=1   specialize shared      cpu/op=7701.5 ns  busy pre/post 100.0/2.0%
r1-k96-full-shared k=96  full       shared      cpu/op=94758.3 ns  busy pre/post 9.3/4.3%
r1-k96-specialize-shared k=96  specialize shared      cpu/op=36646.0 ns  busy pre/post 6.3/2.4%

### work = full

| variant [layout] | K | runs | CPU/op ns (median) | min-max | x K=1 | x private | busy % | cycles/op | instr/op | IPC | x-CCX fills/op | GHz(u) |
|---|---:|---:|---:|---|---:|---:|---:|---:|---:|---:|---:|---:|
| shared [c0/m0] {padded} | 1 | 1 | 14389 | 14389-14389 | 1.00 | - | 4 | 4.45e+04 | 1.24e+05 | 2.78 | 0.0 | 3.10 |
| shared [c0/m0] {padded} | 96 | 1 | 94770 | 94770-94770 | 6.59 | - | 9 | 2.93e+05 | 1.23e+05 | 0.42 | 16.4 | 3.10 |
| shared [c48/m0] {padded} | 1 | 1 | 14398 | 14398-14398 | 1.00 | - | 23 | 4.46e+04 | 1.24e+05 | 2.78 | 0.0 | 3.10 |
| shared [c48/m0] {padded} | 96 | 1 | 94758 | 94758-94758 | 6.58 | - | 9 | 2.93e+05 | 1.23e+05 | 0.42 | 16.1 | 3.10 |

### work = specialize

| variant [layout] | K | runs | CPU/op ns (median) | min-max | x K=1 | x private | busy % | cycles/op | instr/op | IPC | x-CCX fills/op | GHz(u) |
|---|---:|---:|---:|---|---:|---:|---:|---:|---:|---:|---:|---:|
| shared [c0/m0] {padded} | 1 | 1 | 7668 | 7668-7668 | 1.00 | - | 28 | 2.38e+04 | 5.54e+04 | 2.33 | 0.0 | 3.10 |
| shared [c0/m0] {padded} | 96 | 1 | 36838 | 36838-36838 | 4.80 | - | 7 | 1.14e+05 | 5.52e+04 | 0.48 | 4.9 | 3.10 |
| shared [c48/m0] {padded} | 1 | 1 | 7702 | 7702-7702 | 1.00 | - | 100 | 2.39e+04 | 5.54e+04 | 2.32 | 0.0 | 3.10 |
| shared [c48/m0] {padded} | 96 | 1 | 36646 | 36646-36646 | 4.76 | - | 6 | 1.14e+05 | 5.52e+04 | 0.49 | 4.9 | 3.10 |

checksum identity across variants, layouts and repeats: all equal per (work, K)
r1-k1-specialize-private-ctx k=1   specialize private-ctx cpu/op=7788.2 ns  busy pre/post 76.9/4.0%
r1-k96-specialize-private-ctx k=96  specialize private-ctx cpu/op=78414.9 ns  busy pre/post 9.4/5.3%

### work = full

| variant [layout] | K | runs | CPU/op ns (median) | min-max | x K=1 | x private | busy % | cycles/op | instr/op | IPC | x-CCX fills/op | GHz(u) |
|---|---:|---:|---:|---|---:|---:|---:|---:|---:|---:|---:|---:|
| shared [c0/m0] {pristine} | 1 | 1 | 14335 | 14335-14335 | 1.00 | - | 22 | 4.44e+04 | 1.24e+05 | 2.79 | 0.0 | 3.10 |
| shared [c0/m0] {pristine} | 96 | 1 | 302027 | 302027-302027 | 21.07 | - | 16 | 9.35e+05 | 1.24e+05 | 0.13 | 36.7 | 3.10 |
| shared [c48/m0] {pristine} | 1 | 1 | 14427 | 14427-14427 | 1.00 | - | 26 | 4.47e+04 | 1.24e+05 | 2.78 | 0.0 | 3.10 |
| shared [c48/m0] {pristine} | 96 | 1 | 124986 | 124986-124986 | 8.66 | - | 10 | 3.87e+05 | 1.24e+05 | 0.32 | 19.4 | 3.10 |

### work = specialize

| variant [layout] | K | runs | CPU/op ns (median) | min-max | x K=1 | x private | busy % | cycles/op | instr/op | IPC | x-CCX fills/op | GHz(u) |
|---|---:|---:|---:|---|---:|---:|---:|---:|---:|---:|---:|---:|
| shared [c0/m0] {pristine} | 1 | 1 | 7687 | 7687-7687 | 1.00 | - | 17 | 2.38e+04 | 5.55e+04 | 2.33 | 0.0 | 3.10 |
| shared [c0/m0] {pristine} | 96 | 1 | 96049 | 96049-96049 | 12.50 | - | 4 | 2.97e+05 | 5.54e+04 | 0.19 | 11.7 | 3.10 |
| shared [c48/m0] {pristine} | 1 | 1 | 7698 | 7698-7698 | 1.00 | - | 34 | 2.38e+04 | 5.55e+04 | 2.33 | 0.0 | 3.10 |
| shared [c48/m0] {pristine} | 96 | 1 | 84604 | 84604-84604 | 10.99 | - | 3 | 2.62e+05 | 5.54e+04 | 0.21 | 8.0 | 3.10 |
| private-ctx [c48/m0] {pristine} | 1 | 1 | 7788 | 7788-7788 | 1.00 | - | 77 | 2.43e+04 | 5.58e+04 | 2.30 | 0.0 | 3.12 |
| private-ctx [c48/m0] {pristine} | 96 | 1 | 78415 | 78415-78415 | 10.07 | - | 9 | 2.43e+05 | 5.56e+04 | 0.23 | 5.5 | 3.10 |

checksum identity across variants, layouts and repeats: all equal per (work, K)
r1-k1-specialize-private-ctx k=1   specialize private-ctx cpu/op=7646.2 ns  busy pre/post 71.2/2.0%
r1-k96-specialize-private-ctx k=96  specialize private-ctx cpu/op=36946.6 ns  busy pre/post 8.6/3.7%

### work = full

| variant [layout] | K | runs | CPU/op ns (median) | min-max | x K=1 | x private | busy % | cycles/op | instr/op | IPC | x-CCX fills/op | GHz(u) |
|---|---:|---:|---:|---|---:|---:|---:|---:|---:|---:|---:|---:|
| shared [c0/m0] {padded} | 1 | 1 | 14389 | 14389-14389 | 1.00 | - | 4 | 4.45e+04 | 1.24e+05 | 2.78 | 0.0 | 3.10 |
| shared [c0/m0] {padded} | 96 | 1 | 94770 | 94770-94770 | 6.59 | - | 9 | 2.93e+05 | 1.23e+05 | 0.42 | 16.4 | 3.10 |
| shared [c48/m0] {padded} | 1 | 1 | 14398 | 14398-14398 | 1.00 | - | 23 | 4.46e+04 | 1.24e+05 | 2.78 | 0.0 | 3.10 |
| shared [c48/m0] {padded} | 96 | 1 | 94758 | 94758-94758 | 6.58 | - | 9 | 2.93e+05 | 1.23e+05 | 0.42 | 16.1 | 3.10 |

### work = specialize

| variant [layout] | K | runs | CPU/op ns (median) | min-max | x K=1 | x private | busy % | cycles/op | instr/op | IPC | x-CCX fills/op | GHz(u) |
|---|---:|---:|---:|---|---:|---:|---:|---:|---:|---:|---:|---:|
| shared [c0/m0] {padded} | 1 | 1 | 7668 | 7668-7668 | 1.00 | - | 28 | 2.38e+04 | 5.54e+04 | 2.33 | 0.0 | 3.10 |
| shared [c0/m0] {padded} | 96 | 1 | 36838 | 36838-36838 | 4.80 | - | 7 | 1.14e+05 | 5.52e+04 | 0.48 | 4.9 | 3.10 |
| shared [c48/m0] {padded} | 1 | 1 | 7702 | 7702-7702 | 1.00 | - | 100 | 2.39e+04 | 5.54e+04 | 2.32 | 0.0 | 3.10 |
| shared [c48/m0] {padded} | 96 | 1 | 36646 | 36646-36646 | 4.76 | - | 6 | 1.14e+05 | 5.52e+04 | 0.49 | 4.9 | 3.10 |
| private-ctx [c48/m0] {padded} | 1 | 1 | 7646 | 7646-7646 | 1.00 | - | 71 | 2.38e+04 | 5.56e+04 | 2.34 | 0.0 | 3.11 |
| private-ctx [c48/m0] {padded} | 96 | 1 | 36947 | 36947-36947 | 4.83 | - | 9 | 1.15e+05 | 5.55e+04 | 0.48 | 3.0 | 3.10 |

checksum identity across variants, layouts and repeats: all equal per (work, K)
2026-09-28T14:17:02Z map-offset repeat 1 done
r2-k1-full-shared k=1   full       shared      cpu/op=14320.9 ns  busy pre/post 0.0/0.0%
r2-k1-specialize-shared k=1   specialize shared      cpu/op=7741.8 ns  busy pre/post 2.0/5.8%
r2-k96-full-shared k=96  full       shared      cpu/op=296277.5 ns  busy pre/post 8.0/3.2%
r2-k96-specialize-shared k=96  specialize shared      cpu/op=95603.3 ns  busy pre/post 7.7/1.7%

### work = full

| variant [layout] | K | runs | CPU/op ns (median) | min-max | x K=1 | x private | busy % | cycles/op | instr/op | IPC | x-CCX fills/op | GHz(u) |
|---|---:|---:|---:|---|---:|---:|---:|---:|---:|---:|---:|---:|
| shared [c0/m0] {pristine} | 1 | 2 | 14328 | 14321-14335 | 1.00 | - | 22 | 4.44e+04 | 1.24e+05 | 2.80 | 0.0 | 3.10 |
| shared [c0/m0] {pristine} | 96 | 2 | 299152 | 296278-302027 | 20.88 | - | 16 | 9.27e+05 | 1.24e+05 | 0.13 | 36.2 | 3.10 |
| shared [c48/m0] {pristine} | 1 | 1 | 14427 | 14427-14427 | 1.00 | - | 26 | 4.47e+04 | 1.24e+05 | 2.78 | 0.0 | 3.10 |
| shared [c48/m0] {pristine} | 96 | 1 | 124986 | 124986-124986 | 8.66 | - | 10 | 3.87e+05 | 1.24e+05 | 0.32 | 19.4 | 3.10 |

### work = specialize

| variant [layout] | K | runs | CPU/op ns (median) | min-max | x K=1 | x private | busy % | cycles/op | instr/op | IPC | x-CCX fills/op | GHz(u) |
|---|---:|---:|---:|---|---:|---:|---:|---:|---:|---:|---:|---:|
| shared [c0/m0] {pristine} | 1 | 2 | 7714 | 7687-7742 | 1.00 | - | 17 | 2.39e+04 | 5.55e+04 | 2.32 | 0.0 | 3.10 |
| shared [c0/m0] {pristine} | 96 | 2 | 95826 | 95603-96049 | 12.42 | - | 8 | 2.97e+05 | 5.54e+04 | 0.19 | 11.6 | 3.10 |
| shared [c48/m0] {pristine} | 1 | 1 | 7698 | 7698-7698 | 1.00 | - | 34 | 2.38e+04 | 5.55e+04 | 2.33 | 0.0 | 3.10 |
| shared [c48/m0] {pristine} | 96 | 1 | 84604 | 84604-84604 | 10.99 | - | 3 | 2.62e+05 | 5.54e+04 | 0.21 | 8.0 | 3.10 |
| private-ctx [c48/m0] {pristine} | 1 | 1 | 7788 | 7788-7788 | 1.00 | - | 77 | 2.43e+04 | 5.58e+04 | 2.30 | 0.0 | 3.12 |
| private-ctx [c48/m0] {pristine} | 96 | 1 | 78415 | 78415-78415 | 10.07 | - | 9 | 2.43e+05 | 5.56e+04 | 0.23 | 5.5 | 3.10 |

checksum identity across variants, layouts and repeats: all equal per (work, K)
r2-k1-full-shared k=1   full       shared      cpu/op=14295.9 ns  busy pre/post 17.6/3.8%
r2-k1-specialize-shared k=1   specialize shared      cpu/op=7610.8 ns  busy pre/post 2.0/39.2%
r2-k96-full-shared k=96  full       shared      cpu/op=93454.3 ns  busy pre/post 10.0/0.6%
r2-k96-specialize-shared k=96  specialize shared      cpu/op=37735.0 ns  busy pre/post 1.4/1.3%

### work = full

| variant [layout] | K | runs | CPU/op ns (median) | min-max | x K=1 | x private | busy % | cycles/op | instr/op | IPC | x-CCX fills/op | GHz(u) |
|---|---:|---:|---:|---|---:|---:|---:|---:|---:|---:|---:|---:|
| shared [c0/m0] {padded} | 1 | 2 | 14342 | 14296-14389 | 1.00 | - | 18 | 4.44e+04 | 1.24e+05 | 2.79 | 0.0 | 3.10 |
| shared [c0/m0] {padded} | 96 | 2 | 94112 | 93454-94770 | 6.56 | - | 10 | 2.91e+05 | 1.23e+05 | 0.42 | 16.4 | 3.10 |
| shared [c48/m0] {padded} | 1 | 1 | 14398 | 14398-14398 | 1.00 | - | 23 | 4.46e+04 | 1.24e+05 | 2.78 | 0.0 | 3.10 |
| shared [c48/m0] {padded} | 96 | 1 | 94758 | 94758-94758 | 6.58 | - | 9 | 2.93e+05 | 1.23e+05 | 0.42 | 16.1 | 3.10 |

### work = specialize

| variant [layout] | K | runs | CPU/op ns (median) | min-max | x K=1 | x private | busy % | cycles/op | instr/op | IPC | x-CCX fills/op | GHz(u) |
|---|---:|---:|---:|---|---:|---:|---:|---:|---:|---:|---:|---:|
| shared [c0/m0] {padded} | 1 | 2 | 7640 | 7611-7668 | 1.00 | - | 39 | 2.37e+04 | 5.54e+04 | 2.34 | 0.0 | 3.10 |
| shared [c0/m0] {padded} | 96 | 2 | 37287 | 36838-37735 | 4.88 | - | 7 | 1.16e+05 | 5.52e+04 | 0.48 | 4.9 | 3.10 |
| shared [c48/m0] {padded} | 1 | 1 | 7702 | 7702-7702 | 1.00 | - | 100 | 2.39e+04 | 5.54e+04 | 2.32 | 0.0 | 3.10 |
| shared [c48/m0] {padded} | 96 | 1 | 36646 | 36646-36646 | 4.76 | - | 6 | 1.14e+05 | 5.52e+04 | 0.49 | 4.9 | 3.10 |
| private-ctx [c48/m0] {padded} | 1 | 1 | 7646 | 7646-7646 | 1.00 | - | 71 | 2.38e+04 | 5.56e+04 | 2.34 | 0.0 | 3.11 |
| private-ctx [c48/m0] {padded} | 96 | 1 | 36947 | 36947-36947 | 4.83 | - | 9 | 1.15e+05 | 5.55e+04 | 0.48 | 3.0 | 3.10 |

checksum identity across variants, layouts and repeats: all equal per (work, K)
r2-k1-full-shared k=1   full       shared      cpu/op=14746.8 ns  busy pre/post 3.9/2.0%
r2-k1-specialize-shared k=1   specialize shared      cpu/op=7695.0 ns  busy pre/post 2.0/0.0%
r2-k96-full-shared k=96  full       shared      cpu/op=124411.7 ns  busy pre/post 3.7/0.1%
r2-k96-specialize-shared k=96  specialize shared      cpu/op=83129.3 ns  busy pre/post 0.7/0.1%

### work = full

| variant [layout] | K | runs | CPU/op ns (median) | min-max | x K=1 | x private | busy % | cycles/op | instr/op | IPC | x-CCX fills/op | GHz(u) |
|---|---:|---:|---:|---|---:|---:|---:|---:|---:|---:|---:|---:|
| shared [c0/m0] {pristine} | 1 | 2 | 14328 | 14321-14335 | 1.00 | - | 22 | 4.44e+04 | 1.24e+05 | 2.80 | 0.0 | 3.10 |
| shared [c0/m0] {pristine} | 96 | 2 | 299152 | 296278-302027 | 20.88 | - | 16 | 9.27e+05 | 1.24e+05 | 0.13 | 36.2 | 3.10 |
| shared [c48/m0] {pristine} | 1 | 2 | 14587 | 14427-14747 | 1.00 | - | 26 | 4.52e+04 | 1.24e+05 | 2.74 | 0.0 | 3.10 |
| shared [c48/m0] {pristine} | 96 | 2 | 124699 | 124412-124986 | 8.55 | - | 10 | 3.86e+05 | 1.24e+05 | 0.32 | 19.3 | 3.10 |

### work = specialize

| variant [layout] | K | runs | CPU/op ns (median) | min-max | x K=1 | x private | busy % | cycles/op | instr/op | IPC | x-CCX fills/op | GHz(u) |
|---|---:|---:|---:|---|---:|---:|---:|---:|---:|---:|---:|---:|
| shared [c0/m0] {pristine} | 1 | 2 | 7714 | 7687-7742 | 1.00 | - | 17 | 2.39e+04 | 5.55e+04 | 2.32 | 0.0 | 3.10 |
| shared [c0/m0] {pristine} | 96 | 2 | 95826 | 95603-96049 | 12.42 | - | 8 | 2.97e+05 | 5.54e+04 | 0.19 | 11.6 | 3.10 |
| shared [c48/m0] {pristine} | 1 | 2 | 7697 | 7695-7698 | 1.00 | - | 34 | 2.38e+04 | 5.55e+04 | 2.33 | 0.0 | 3.10 |
| shared [c48/m0] {pristine} | 96 | 2 | 83867 | 83129-84604 | 10.90 | - | 3 | 2.6e+05 | 5.54e+04 | 0.21 | 8.0 | 3.10 |
| private-ctx [c48/m0] {pristine} | 1 | 1 | 7788 | 7788-7788 | 1.00 | - | 77 | 2.43e+04 | 5.58e+04 | 2.30 | 0.0 | 3.12 |
| private-ctx [c48/m0] {pristine} | 96 | 1 | 78415 | 78415-78415 | 10.07 | - | 9 | 2.43e+05 | 5.56e+04 | 0.23 | 5.5 | 3.10 |

checksum identity across variants, layouts and repeats: all equal per (work, K)
r2-k1-full-shared k=1   full       shared      cpu/op=14280.1 ns  busy pre/post 3.9/78.4%
r2-k1-specialize-shared k=1   specialize shared      cpu/op=7739.5 ns  busy pre/post 76.5/2.0%
r2-k96-full-shared k=96  full       shared      cpu/op=96169.9 ns  busy pre/post 7.4/2.0%
r2-k96-specialize-shared k=96  specialize shared      cpu/op=37152.8 ns  busy pre/post 2.1/3.2%

### work = full

| variant [layout] | K | runs | CPU/op ns (median) | min-max | x K=1 | x private | busy % | cycles/op | instr/op | IPC | x-CCX fills/op | GHz(u) |
|---|---:|---:|---:|---|---:|---:|---:|---:|---:|---:|---:|---:|
| shared [c0/m0] {padded} | 1 | 2 | 14342 | 14296-14389 | 1.00 | - | 18 | 4.44e+04 | 1.24e+05 | 2.79 | 0.0 | 3.10 |
| shared [c0/m0] {padded} | 96 | 2 | 94112 | 93454-94770 | 6.56 | - | 10 | 2.91e+05 | 1.23e+05 | 0.42 | 16.4 | 3.10 |
| shared [c48/m0] {padded} | 1 | 2 | 14339 | 14280-14398 | 1.00 | - | 78 | 4.44e+04 | 1.24e+05 | 2.79 | 0.0 | 3.10 |
| shared [c48/m0] {padded} | 96 | 2 | 95464 | 94758-96170 | 6.66 | - | 9 | 2.96e+05 | 1.23e+05 | 0.42 | 16.1 | 3.10 |

### work = specialize

| variant [layout] | K | runs | CPU/op ns (median) | min-max | x K=1 | x private | busy % | cycles/op | instr/op | IPC | x-CCX fills/op | GHz(u) |
|---|---:|---:|---:|---|---:|---:|---:|---:|---:|---:|---:|---:|
| shared [c0/m0] {padded} | 1 | 2 | 7640 | 7611-7668 | 1.00 | - | 39 | 2.37e+04 | 5.54e+04 | 2.34 | 0.0 | 3.10 |
| shared [c0/m0] {padded} | 96 | 2 | 37287 | 36838-37735 | 4.88 | - | 7 | 1.16e+05 | 5.52e+04 | 0.48 | 4.9 | 3.10 |
| shared [c48/m0] {padded} | 1 | 2 | 7720 | 7702-7740 | 1.00 | - | 100 | 2.39e+04 | 5.54e+04 | 2.32 | 0.0 | 3.10 |
| shared [c48/m0] {padded} | 96 | 2 | 36899 | 36646-37153 | 4.78 | - | 6 | 1.14e+05 | 5.52e+04 | 0.48 | 4.9 | 3.10 |
| private-ctx [c48/m0] {padded} | 1 | 1 | 7646 | 7646-7646 | 1.00 | - | 71 | 2.38e+04 | 5.56e+04 | 2.34 | 0.0 | 3.11 |
| private-ctx [c48/m0] {padded} | 96 | 1 | 36947 | 36947-36947 | 4.83 | - | 9 | 1.15e+05 | 5.55e+04 | 0.48 | 3.0 | 3.10 |

checksum identity across variants, layouts and repeats: all equal per (work, K)
r2-k1-specialize-private-ctx k=1   specialize private-ctx cpu/op=7725.3 ns  busy pre/post 60.8/76.5%
r2-k96-specialize-private-ctx k=96  specialize private-ctx cpu/op=80109.0 ns  busy pre/post 6.3/1.5%

### work = full

| variant [layout] | K | runs | CPU/op ns (median) | min-max | x K=1 | x private | busy % | cycles/op | instr/op | IPC | x-CCX fills/op | GHz(u) |
|---|---:|---:|---:|---|---:|---:|---:|---:|---:|---:|---:|---:|
| shared [c0/m0] {pristine} | 1 | 2 | 14328 | 14321-14335 | 1.00 | - | 22 | 4.44e+04 | 1.24e+05 | 2.80 | 0.0 | 3.10 |
| shared [c0/m0] {pristine} | 96 | 2 | 299152 | 296278-302027 | 20.88 | - | 16 | 9.27e+05 | 1.24e+05 | 0.13 | 36.2 | 3.10 |
| shared [c48/m0] {pristine} | 1 | 2 | 14587 | 14427-14747 | 1.00 | - | 26 | 4.52e+04 | 1.24e+05 | 2.74 | 0.0 | 3.10 |
| shared [c48/m0] {pristine} | 96 | 2 | 124699 | 124412-124986 | 8.55 | - | 10 | 3.86e+05 | 1.24e+05 | 0.32 | 19.3 | 3.10 |

### work = specialize

| variant [layout] | K | runs | CPU/op ns (median) | min-max | x K=1 | x private | busy % | cycles/op | instr/op | IPC | x-CCX fills/op | GHz(u) |
|---|---:|---:|---:|---|---:|---:|---:|---:|---:|---:|---:|---:|
| shared [c0/m0] {pristine} | 1 | 2 | 7714 | 7687-7742 | 1.00 | - | 17 | 2.39e+04 | 5.55e+04 | 2.32 | 0.0 | 3.10 |
| shared [c0/m0] {pristine} | 96 | 2 | 95826 | 95603-96049 | 12.42 | - | 8 | 2.97e+05 | 5.54e+04 | 0.19 | 11.6 | 3.10 |
| shared [c48/m0] {pristine} | 1 | 2 | 7697 | 7695-7698 | 1.00 | - | 34 | 2.38e+04 | 5.55e+04 | 2.33 | 0.0 | 3.10 |
| shared [c48/m0] {pristine} | 96 | 2 | 83867 | 83129-84604 | 10.90 | - | 3 | 2.6e+05 | 5.54e+04 | 0.21 | 8.0 | 3.10 |
| private-ctx [c48/m0] {pristine} | 1 | 2 | 7757 | 7725-7788 | 1.00 | - | 77 | 2.42e+04 | 5.58e+04 | 2.31 | 0.0 | 3.12 |
| private-ctx [c48/m0] {pristine} | 96 | 2 | 79262 | 78415-80109 | 10.22 | - | 9 | 2.46e+05 | 5.56e+04 | 0.23 | 5.4 | 3.10 |

checksum identity across variants, layouts and repeats: all equal per (work, K)
r2-k1-specialize-private-ctx k=1   specialize private-ctx cpu/op=7691.3 ns  busy pre/post 19.6/3.9%
r2-k96-specialize-private-ctx k=96  specialize private-ctx cpu/op=37556.1 ns  busy pre/post 4.4/1.5%

### work = full

| variant [layout] | K | runs | CPU/op ns (median) | min-max | x K=1 | x private | busy % | cycles/op | instr/op | IPC | x-CCX fills/op | GHz(u) |
|---|---:|---:|---:|---|---:|---:|---:|---:|---:|---:|---:|---:|
| shared [c0/m0] {padded} | 1 | 2 | 14342 | 14296-14389 | 1.00 | - | 18 | 4.44e+04 | 1.24e+05 | 2.79 | 0.0 | 3.10 |
| shared [c0/m0] {padded} | 96 | 2 | 94112 | 93454-94770 | 6.56 | - | 10 | 2.91e+05 | 1.23e+05 | 0.42 | 16.4 | 3.10 |
| shared [c48/m0] {padded} | 1 | 2 | 14339 | 14280-14398 | 1.00 | - | 78 | 4.44e+04 | 1.24e+05 | 2.79 | 0.0 | 3.10 |
| shared [c48/m0] {padded} | 96 | 2 | 95464 | 94758-96170 | 6.66 | - | 9 | 2.96e+05 | 1.23e+05 | 0.42 | 16.1 | 3.10 |

### work = specialize

| variant [layout] | K | runs | CPU/op ns (median) | min-max | x K=1 | x private | busy % | cycles/op | instr/op | IPC | x-CCX fills/op | GHz(u) |
|---|---:|---:|---:|---|---:|---:|---:|---:|---:|---:|---:|---:|
| shared [c0/m0] {padded} | 1 | 2 | 7640 | 7611-7668 | 1.00 | - | 39 | 2.37e+04 | 5.54e+04 | 2.34 | 0.0 | 3.10 |
| shared [c0/m0] {padded} | 96 | 2 | 37287 | 36838-37735 | 4.88 | - | 7 | 1.16e+05 | 5.52e+04 | 0.48 | 4.9 | 3.10 |
| shared [c48/m0] {padded} | 1 | 2 | 7720 | 7702-7740 | 1.00 | - | 100 | 2.39e+04 | 5.54e+04 | 2.32 | 0.0 | 3.10 |
| shared [c48/m0] {padded} | 96 | 2 | 36899 | 36646-37153 | 4.78 | - | 6 | 1.14e+05 | 5.52e+04 | 0.48 | 4.9 | 3.10 |
| private-ctx [c48/m0] {padded} | 1 | 2 | 7669 | 7646-7691 | 1.00 | - | 71 | 2.39e+04 | 5.56e+04 | 2.33 | 0.0 | 3.11 |
| private-ctx [c48/m0] {padded} | 96 | 2 | 37251 | 36947-37556 | 4.86 | - | 9 | 1.15e+05 | 5.55e+04 | 0.48 | 2.9 | 3.10 |

checksum identity across variants, layouts and repeats: all equal per (work, K)
2026-09-28T14:17:53Z map-offset repeat 2 done
r3-k1-full-shared k=1   full       shared      cpu/op=14534.0 ns  busy pre/post 100.0/3.9%
r3-k1-specialize-shared k=1   specialize shared      cpu/op=7669.2 ns  busy pre/post 0.0/2.0%
r3-k96-full-shared k=96  full       shared      cpu/op=301672.6 ns  busy pre/post 4.1/1.9%
r3-k96-specialize-shared k=96  specialize shared      cpu/op=96846.3 ns  busy pre/post 3.3/0.5%

### work = full

| variant [layout] | K | runs | CPU/op ns (median) | min-max | x K=1 | x private | busy % | cycles/op | instr/op | IPC | x-CCX fills/op | GHz(u) |
|---|---:|---:|---:|---|---:|---:|---:|---:|---:|---:|---:|---:|
| shared [c0/m0] {pristine} | 1 | 3 | 14335 | 14321-14534 | 1.00 | - | 100 | 4.46e+04 | 1.24e+05 | 2.78 | 0.0 | 3.10 |
| shared [c0/m0] {pristine} | 96 | 3 | 301673 | 296278-302027 | 21.04 | - | 16 | 9.29e+05 | 1.24e+05 | 0.13 | 36.2 | 3.10 |
| shared [c48/m0] {pristine} | 1 | 2 | 14587 | 14427-14747 | 1.00 | - | 26 | 4.52e+04 | 1.24e+05 | 2.74 | 0.0 | 3.10 |
| shared [c48/m0] {pristine} | 96 | 2 | 124699 | 124412-124986 | 8.55 | - | 10 | 3.86e+05 | 1.24e+05 | 0.32 | 19.3 | 3.10 |

### work = specialize

| variant [layout] | K | runs | CPU/op ns (median) | min-max | x K=1 | x private | busy % | cycles/op | instr/op | IPC | x-CCX fills/op | GHz(u) |
|---|---:|---:|---:|---|---:|---:|---:|---:|---:|---:|---:|---:|
| shared [c0/m0] {pristine} | 1 | 3 | 7687 | 7669-7742 | 1.00 | - | 17 | 2.38e+04 | 5.55e+04 | 2.33 | 0.0 | 3.10 |
| shared [c0/m0] {pristine} | 96 | 3 | 96049 | 95603-96846 | 12.50 | - | 8 | 2.98e+05 | 5.54e+04 | 0.19 | 11.7 | 3.10 |
| shared [c48/m0] {pristine} | 1 | 2 | 7697 | 7695-7698 | 1.00 | - | 34 | 2.38e+04 | 5.55e+04 | 2.33 | 0.0 | 3.10 |
| shared [c48/m0] {pristine} | 96 | 2 | 83867 | 83129-84604 | 10.90 | - | 3 | 2.6e+05 | 5.54e+04 | 0.21 | 8.0 | 3.10 |
| private-ctx [c48/m0] {pristine} | 1 | 2 | 7757 | 7725-7788 | 1.00 | - | 77 | 2.42e+04 | 5.58e+04 | 2.31 | 0.0 | 3.12 |
| private-ctx [c48/m0] {pristine} | 96 | 2 | 79262 | 78415-80109 | 10.22 | - | 9 | 2.46e+05 | 5.56e+04 | 0.23 | 5.4 | 3.10 |

checksum identity across variants, layouts and repeats: all equal per (work, K)
r3-k1-full-shared k=1   full       shared      cpu/op=14298.6 ns  busy pre/post 21.6/60.8%
r3-k1-specialize-shared k=1   specialize shared      cpu/op=7711.5 ns  busy pre/post 46.0/37.3%
r3-k96-full-shared k=96  full       shared      cpu/op=93475.2 ns  busy pre/post 8.2/1.8%
r3-k96-specialize-shared k=96  specialize shared      cpu/op=37238.5 ns  busy pre/post 3.6/3.0%

### work = full

| variant [layout] | K | runs | CPU/op ns (median) | min-max | x K=1 | x private | busy % | cycles/op | instr/op | IPC | x-CCX fills/op | GHz(u) |
|---|---:|---:|---:|---|---:|---:|---:|---:|---:|---:|---:|---:|
| shared [c0/m0] {padded} | 1 | 3 | 14299 | 14296-14389 | 1.00 | - | 61 | 4.44e+04 | 1.24e+05 | 2.80 | 0.0 | 3.10 |
| shared [c0/m0] {padded} | 96 | 3 | 93475 | 93454-94770 | 6.54 | - | 10 | 2.91e+05 | 1.23e+05 | 0.42 | 16.4 | 3.10 |
| shared [c48/m0] {padded} | 1 | 2 | 14339 | 14280-14398 | 1.00 | - | 78 | 4.44e+04 | 1.24e+05 | 2.79 | 0.0 | 3.10 |
| shared [c48/m0] {padded} | 96 | 2 | 95464 | 94758-96170 | 6.66 | - | 9 | 2.96e+05 | 1.23e+05 | 0.42 | 16.1 | 3.10 |

### work = specialize

| variant [layout] | K | runs | CPU/op ns (median) | min-max | x K=1 | x private | busy % | cycles/op | instr/op | IPC | x-CCX fills/op | GHz(u) |
|---|---:|---:|---:|---|---:|---:|---:|---:|---:|---:|---:|---:|
| shared [c0/m0] {padded} | 1 | 3 | 7668 | 7611-7712 | 1.00 | - | 46 | 2.37e+04 | 5.54e+04 | 2.33 | 0.0 | 3.10 |
| shared [c0/m0] {padded} | 96 | 3 | 37238 | 36838-37735 | 4.86 | - | 7 | 1.15e+05 | 5.52e+04 | 0.48 | 4.9 | 3.10 |
| shared [c48/m0] {padded} | 1 | 2 | 7720 | 7702-7740 | 1.00 | - | 100 | 2.39e+04 | 5.54e+04 | 2.32 | 0.0 | 3.10 |
| shared [c48/m0] {padded} | 96 | 2 | 36899 | 36646-37153 | 4.78 | - | 6 | 1.14e+05 | 5.52e+04 | 0.48 | 4.9 | 3.10 |
| private-ctx [c48/m0] {padded} | 1 | 2 | 7669 | 7646-7691 | 1.00 | - | 71 | 2.39e+04 | 5.56e+04 | 2.33 | 0.0 | 3.11 |
| private-ctx [c48/m0] {padded} | 96 | 2 | 37251 | 36947-37556 | 4.86 | - | 9 | 1.15e+05 | 5.55e+04 | 0.48 | 2.9 | 3.10 |

checksum identity across variants, layouts and repeats: all equal per (work, K)
r3-k1-full-shared k=1   full       shared      cpu/op=14579.6 ns  busy pre/post 0.0/0.0%
r3-k1-specialize-shared k=1   specialize shared      cpu/op=7655.6 ns  busy pre/post 0.0/0.0%
r3-k96-full-shared k=96  full       shared      cpu/op=123527.2 ns  busy pre/post 4.1/1.1%
r3-k96-specialize-shared k=96  specialize shared      cpu/op=84327.1 ns  busy pre/post 1.3/1.1%

### work = full

| variant [layout] | K | runs | CPU/op ns (median) | min-max | x K=1 | x private | busy % | cycles/op | instr/op | IPC | x-CCX fills/op | GHz(u) |
|---|---:|---:|---:|---|---:|---:|---:|---:|---:|---:|---:|---:|
| shared [c0/m0] {pristine} | 1 | 3 | 14335 | 14321-14534 | 1.00 | - | 100 | 4.46e+04 | 1.24e+05 | 2.78 | 0.0 | 3.10 |
| shared [c0/m0] {pristine} | 96 | 3 | 301673 | 296278-302027 | 21.04 | - | 16 | 9.29e+05 | 1.24e+05 | 0.13 | 36.2 | 3.10 |
| shared [c48/m0] {pristine} | 1 | 3 | 14580 | 14427-14747 | 1.00 | - | 26 | 4.52e+04 | 1.24e+05 | 2.75 | 0.0 | 3.10 |
| shared [c48/m0] {pristine} | 96 | 3 | 124412 | 123527-124986 | 8.53 | - | 10 | 3.85e+05 | 1.24e+05 | 0.32 | 19.4 | 3.10 |

### work = specialize

| variant [layout] | K | runs | CPU/op ns (median) | min-max | x K=1 | x private | busy % | cycles/op | instr/op | IPC | x-CCX fills/op | GHz(u) |
|---|---:|---:|---:|---|---:|---:|---:|---:|---:|---:|---:|---:|
| shared [c0/m0] {pristine} | 1 | 3 | 7687 | 7669-7742 | 1.00 | - | 17 | 2.38e+04 | 5.55e+04 | 2.33 | 0.0 | 3.10 |
| shared [c0/m0] {pristine} | 96 | 3 | 96049 | 95603-96846 | 12.50 | - | 8 | 2.98e+05 | 5.54e+04 | 0.19 | 11.7 | 3.10 |
| shared [c48/m0] {pristine} | 1 | 3 | 7695 | 7656-7698 | 1.00 | - | 34 | 2.38e+04 | 5.55e+04 | 2.33 | 0.0 | 3.10 |
| shared [c48/m0] {pristine} | 96 | 3 | 84327 | 83129-84604 | 10.96 | - | 3 | 2.6e+05 | 5.54e+04 | 0.21 | 8.0 | 3.10 |
| private-ctx [c48/m0] {pristine} | 1 | 2 | 7757 | 7725-7788 | 1.00 | - | 77 | 2.42e+04 | 5.58e+04 | 2.31 | 0.0 | 3.12 |
| private-ctx [c48/m0] {pristine} | 96 | 2 | 79262 | 78415-80109 | 10.22 | - | 9 | 2.46e+05 | 5.56e+04 | 0.23 | 5.4 | 3.10 |

checksum identity across variants, layouts and repeats: all equal per (work, K)
r3-k1-full-shared k=1   full       shared      cpu/op=14244.7 ns  busy pre/post 55.8/1.9%
r3-k1-specialize-shared k=1   specialize shared      cpu/op=7695.3 ns  busy pre/post 0.0/2.0%
r3-k96-full-shared k=96  full       shared      cpu/op=94719.3 ns  busy pre/post 3.6/1.3%
r3-k96-specialize-shared k=96  specialize shared      cpu/op=37324.5 ns  busy pre/post 1.8/3.3%

### work = full

| variant [layout] | K | runs | CPU/op ns (median) | min-max | x K=1 | x private | busy % | cycles/op | instr/op | IPC | x-CCX fills/op | GHz(u) |
|---|---:|---:|---:|---|---:|---:|---:|---:|---:|---:|---:|---:|
| shared [c0/m0] {padded} | 1 | 3 | 14299 | 14296-14389 | 1.00 | - | 61 | 4.44e+04 | 1.24e+05 | 2.80 | 0.0 | 3.10 |
| shared [c0/m0] {padded} | 96 | 3 | 93475 | 93454-94770 | 6.54 | - | 10 | 2.91e+05 | 1.23e+05 | 0.42 | 16.4 | 3.10 |
| shared [c48/m0] {padded} | 1 | 3 | 14280 | 14245-14398 | 1.00 | - | 78 | 4.43e+04 | 1.24e+05 | 2.79 | 0.0 | 3.10 |
| shared [c48/m0] {padded} | 96 | 3 | 94758 | 94719-96170 | 6.64 | - | 9 | 2.95e+05 | 1.23e+05 | 0.42 | 16.1 | 3.10 |

### work = specialize

| variant [layout] | K | runs | CPU/op ns (median) | min-max | x K=1 | x private | busy % | cycles/op | instr/op | IPC | x-CCX fills/op | GHz(u) |
|---|---:|---:|---:|---|---:|---:|---:|---:|---:|---:|---:|---:|
| shared [c0/m0] {padded} | 1 | 3 | 7668 | 7611-7712 | 1.00 | - | 46 | 2.37e+04 | 5.54e+04 | 2.33 | 0.0 | 3.10 |
| shared [c0/m0] {padded} | 96 | 3 | 37238 | 36838-37735 | 4.86 | - | 7 | 1.15e+05 | 5.52e+04 | 0.48 | 4.9 | 3.10 |
| shared [c48/m0] {padded} | 1 | 3 | 7702 | 7695-7740 | 1.00 | - | 100 | 2.39e+04 | 5.54e+04 | 2.32 | 0.0 | 3.10 |
| shared [c48/m0] {padded} | 96 | 3 | 37153 | 36646-37324 | 4.82 | - | 6 | 1.15e+05 | 5.52e+04 | 0.48 | 4.9 | 3.10 |
| private-ctx [c48/m0] {padded} | 1 | 2 | 7669 | 7646-7691 | 1.00 | - | 71 | 2.39e+04 | 5.56e+04 | 2.33 | 0.0 | 3.11 |
| private-ctx [c48/m0] {padded} | 96 | 2 | 37251 | 36947-37556 | 4.86 | - | 9 | 1.15e+05 | 5.55e+04 | 0.48 | 2.9 | 3.10 |

checksum identity across variants, layouts and repeats: all equal per (work, K)
r3-k1-specialize-private-ctx k=1   specialize private-ctx cpu/op=7695.9 ns  busy pre/post 100.0/2.0%
r3-k96-specialize-private-ctx k=96  specialize private-ctx cpu/op=81058.3 ns  busy pre/post 2.6/0.3%

### work = full

| variant [layout] | K | runs | CPU/op ns (median) | min-max | x K=1 | x private | busy % | cycles/op | instr/op | IPC | x-CCX fills/op | GHz(u) |
|---|---:|---:|---:|---|---:|---:|---:|---:|---:|---:|---:|---:|
| shared [c0/m0] {pristine} | 1 | 3 | 14335 | 14321-14534 | 1.00 | - | 100 | 4.46e+04 | 1.24e+05 | 2.78 | 0.0 | 3.10 |
| shared [c0/m0] {pristine} | 96 | 3 | 301673 | 296278-302027 | 21.04 | - | 16 | 9.29e+05 | 1.24e+05 | 0.13 | 36.2 | 3.10 |
| shared [c48/m0] {pristine} | 1 | 3 | 14580 | 14427-14747 | 1.00 | - | 26 | 4.52e+04 | 1.24e+05 | 2.75 | 0.0 | 3.10 |
| shared [c48/m0] {pristine} | 96 | 3 | 124412 | 123527-124986 | 8.53 | - | 10 | 3.85e+05 | 1.24e+05 | 0.32 | 19.4 | 3.10 |

### work = specialize

| variant [layout] | K | runs | CPU/op ns (median) | min-max | x K=1 | x private | busy % | cycles/op | instr/op | IPC | x-CCX fills/op | GHz(u) |
|---|---:|---:|---:|---|---:|---:|---:|---:|---:|---:|---:|---:|
| shared [c0/m0] {pristine} | 1 | 3 | 7687 | 7669-7742 | 1.00 | - | 17 | 2.38e+04 | 5.55e+04 | 2.33 | 0.0 | 3.10 |
| shared [c0/m0] {pristine} | 96 | 3 | 96049 | 95603-96846 | 12.50 | - | 8 | 2.98e+05 | 5.54e+04 | 0.19 | 11.7 | 3.10 |
| shared [c48/m0] {pristine} | 1 | 3 | 7695 | 7656-7698 | 1.00 | - | 34 | 2.38e+04 | 5.55e+04 | 2.33 | 0.0 | 3.10 |
| shared [c48/m0] {pristine} | 96 | 3 | 84327 | 83129-84604 | 10.96 | - | 3 | 2.6e+05 | 5.54e+04 | 0.21 | 8.0 | 3.10 |
| private-ctx [c48/m0] {pristine} | 1 | 3 | 7725 | 7696-7788 | 1.00 | - | 100 | 2.41e+04 | 5.58e+04 | 2.31 | 0.0 | 3.12 |
| private-ctx [c48/m0] {pristine} | 96 | 3 | 80109 | 78415-81058 | 10.37 | - | 9 | 2.47e+05 | 5.56e+04 | 0.22 | 5.4 | 3.10 |

checksum identity across variants, layouts and repeats: all equal per (work, K)
r3-k1-specialize-private-ctx k=1   specialize private-ctx cpu/op=7699.7 ns  busy pre/post 23.5/2.0%
r3-k96-specialize-private-ctx k=96  specialize private-ctx cpu/op=36372.2 ns  busy pre/post 3.3/2.0%

### work = full

| variant [layout] | K | runs | CPU/op ns (median) | min-max | x K=1 | x private | busy % | cycles/op | instr/op | IPC | x-CCX fills/op | GHz(u) |
|---|---:|---:|---:|---|---:|---:|---:|---:|---:|---:|---:|---:|
| shared [c0/m0] {padded} | 1 | 3 | 14299 | 14296-14389 | 1.00 | - | 61 | 4.44e+04 | 1.24e+05 | 2.80 | 0.0 | 3.10 |
| shared [c0/m0] {padded} | 96 | 3 | 93475 | 93454-94770 | 6.54 | - | 10 | 2.91e+05 | 1.23e+05 | 0.42 | 16.4 | 3.10 |
| shared [c48/m0] {padded} | 1 | 3 | 14280 | 14245-14398 | 1.00 | - | 78 | 4.43e+04 | 1.24e+05 | 2.79 | 0.0 | 3.10 |
| shared [c48/m0] {padded} | 96 | 3 | 94758 | 94719-96170 | 6.64 | - | 9 | 2.95e+05 | 1.23e+05 | 0.42 | 16.1 | 3.10 |

### work = specialize

| variant [layout] | K | runs | CPU/op ns (median) | min-max | x K=1 | x private | busy % | cycles/op | instr/op | IPC | x-CCX fills/op | GHz(u) |
|---|---:|---:|---:|---|---:|---:|---:|---:|---:|---:|---:|---:|
| shared [c0/m0] {padded} | 1 | 3 | 7668 | 7611-7712 | 1.00 | - | 46 | 2.37e+04 | 5.54e+04 | 2.33 | 0.0 | 3.10 |
| shared [c0/m0] {padded} | 96 | 3 | 37238 | 36838-37735 | 4.86 | - | 7 | 1.15e+05 | 5.52e+04 | 0.48 | 4.9 | 3.10 |
| shared [c48/m0] {padded} | 1 | 3 | 7702 | 7695-7740 | 1.00 | - | 100 | 2.39e+04 | 5.54e+04 | 2.32 | 0.0 | 3.10 |
| shared [c48/m0] {padded} | 96 | 3 | 37153 | 36646-37324 | 4.82 | - | 6 | 1.15e+05 | 5.52e+04 | 0.48 | 4.9 | 3.10 |
| private-ctx [c48/m0] {padded} | 1 | 3 | 7691 | 7646-7700 | 1.00 | - | 71 | 2.39e+04 | 5.56e+04 | 2.33 | 0.0 | 3.12 |
| private-ctx [c48/m0] {padded} | 96 | 3 | 36947 | 36372-37556 | 4.80 | - | 9 | 1.15e+05 | 5.55e+04 | 0.48 | 2.9 | 3.10 |

checksum identity across variants, layouts and repeats: all equal per (work, K)
2026-09-28T14:18:44Z map-offset repeat 3 done
2026-09-28T14:18:45Z part D done
2026-09-28T14:19:05Z session done
