000000010101011	000000010101011
000000011001011	000000011001011
000000011101010	000000011101010
000000011101011	000000011101011
000000100010111	000000010100111
000000100011011	000000010101011
000000100011110	000000010101110
000000100011111	000000010101111
000000100100111	000000100100111
000000100101011	000000100101011
000000100101110	000000100101011
000000100101111	000000100101111
000000100110011	000000100110011
000000100110111	000000100110111
000000100111010	000000100111010
000000100111011	000000100111011
000000100111110	000000100111110
000000100111111	000000100111111
000000101001011	000000010101110
000000101101010	000000100111010
000000101101011	000000100111110
000000110100011	000000100110011
000000110101010	000000100111010
000000110101011	000000100111011
000000111000011	000000011100110
000000111001010	000000011101010
000000111001011	000000011101110
000000111100010	000000111100010
000000111100011	000000111100011
000000111101010	000000111101010
000000111101011	000000111101011
000001000010111	000000011000111
000001000011011	000000011001011
000001000011110	000000011001011
000001000011111	000000011001111
000001000100111	000000010100111
000001000101011	000000010101110
000001000101110	000000010101011
000001000101111	000000010101111
000001000110011	000000011100110
000001000110111	000000011100111
000001000111010	000000011101010
000001000111011	000000011101110
000001000111110	000000011101011
000001000111111	000000011101111
000001001001011	000000010011110
000001001101010	000000010111010
000001001101011	000000010111110
000001010100011	000000101010011
000001010101011	000000101011011
000001011000011	000000011010110
000001011001011	000000011011110
000001011100010	000000111010010
000001011100011	000000111010110
000001011101010	000000111011010
000001011101011	000000111011110
000001100010110	000000011100110
000001100010111	000000011100111
000001100011010	000000011101010
000001100011011	000000011101011
000001100011110	000000011101110
000001100011111	000000011101111
000001100100110	000000100110011
000001100100111	000000100110111
000001100101010	000000100111010
000001100101011	000000100111110
000001100101110	000000100111011
000001100101111	000000100111111
000001100110010	000000111100010
000001100110011	000000111100011
000001100110110	000000111100011
000001100110111	000000111100111
000001100111010	000000111101010
000001100111011	000000111101011
000001100111110	000000111101011
000001100111111	000000111101111
000001101001010	000000010111010
000001101001011	000000010111110
000001101101010	000000110111010
000001101101011	000000110111110
000001110100010	000000101110010
000001110100011	000000101110011
000001110101010	000000101111010
000001110101011	000000101111011
000001111000010	000000011110010
000001111000011	000000011110110
000001111001010	000000011111010
000001111001011	000000011111110
000001111100010	000000111110010
000001111100011	000000111110110
000001111101010	000000111111010
000001111101011	000000111111110
000010000010111	000010000010111
000010000011011	000010000011011
000010000011110	000010000011110
000010000011111	000010000011111
000010000100111	000010000100111
000010000101011	000010000101011
000010000101110	000010000101110
000010000101111	000010000101111
000010000110011	000010000110011
000010000110111	000010000110111
000010000111010	000010000111010
000010000111011	000010000111011
000010000111110	000010000111110
000010000111111	000010000111111
000010001001011	000010000011011
000010001101010	000010001101010
000010001101011	000010001101011
000010010001011	000010000011011
000010010101001	000010010101001
000010010101011	000010010101011
000010011001001	000010011001001
000010011001010	000000011001011
000010011001011	000010011001011
000010011101000	000010011101000
000010011101001	000010011101001
000010011101010	000010011101010
000010011101011	000010011101011
000010100000111	000010000100111
000010100001011	000010000101011
000010100001110	000010000101110
000010100001111	000010000101111
000010100010101	000010010100101
000010100010111	000010010100111
000010100011001	000010010101001
000010100011011	000010010101011
000010100011100	000010010101100
000010100011101	000010010101101
000010100011110	000010010101110
000010100011111	000010010101111
000010100100011	000010100100011
000010100100101	000010100100101
000010100100111	000010100100111
000010100101001	000010100101001
000010100101010	000010100101010
000010100101011	000010100101011
000010100101100	000010100101100
000010100101101	000010100101101
000010100101110	000010100101110
000010100101111	000010100101111
000010100110001	000010100110001
000010100110011	000010100110011
000010100110101	000010100110101
000010100110111	000010100110111
000010100111000	000010100111000
000010100111001	000010100111001
000010100111010	000010100111010
000010100111011	000010100111011
000010100111100	000010100111100
000010100111101	000010100111101
000010100111110	000010100111110
000010100111111	000010100111111
000010101000011	000010101000011
000010101001001	000010101001001
000010101001011	000010101001011
000010101100010	000010101100010
000010101100011	000010101100011
000010101101000	000010101101000
000010101101001	000010101101001
000010101101010	000010101101010
000010101101011	000010101101011
000010110000011	000010000110011
000010110001010	000010000111010
000010110001011	000010000111011
000010110100001	000010100110001
000010110100011	000010100110011
000010110101000	000010100111000
000010110101001	000010100111001
000010110101010	000010100111010
000010110101011	000010100111011
000010111000001	000010111000001
000010111000010	000010111000010
000010111000011	000010111000011
000010111001000	000010111001000
000010111001001	000010111001001
000010111001010	000010111001010
000010111001011	000010111001011
000010111100000	000010111100000
000010111100001	000010111100001
000010111100010	000010111100010
000010111100011	000010111100011
000010111101000	000010111101000
000010111101001	000010111101001
000010111101010	000010111101010
000010111101011	000010111101011
000011000000111	000010001000111
000011000001011	000010000011011
000011000001110	000010001001110
000011000001111	000010001001111
000011000010101	000010011000101
000011000010110	000010011000110
000011000010111	000010011000111
000011000011001	000010011001001
000011000011010	000000011001011
000011000011011	000010011001011
000011000011100	000010011001100
000011000011101	000010011001101
000011000011110	000010011001110
000011000011111	000010011001111
000011000100011	000010101000011
000011000100101	000010101000101
000011000100110	000010101000110
000011000100111	000010101000111
000011000101001	000010101001001
000011000101011	000010101001011
000011000101100	000010101001100
000011000101101	000010101001101
000011000101110	000010101001110
000011000101111	000010101001111
000011000110001	000010111000001
000011000110010	000010111000010
000011000110011	000010111000011
000011000110101	000010111000101
000011000110110	000010111000110
000011000110111	000010111000111
000011000111000	000010111001000
000011000111001	000010111001001
000011000111010	000010111001010
000011000111011	000010111001011
000011000111100	000010111001100
000011000111101	000010111001101
000011000111110	000010111001110
000011000111111	000010111001111
000011001000011	000010010010011
000011001001001	000010010011001
000011001001010	000000010011011
000011001001011	000010010011011
000011001100010	000011001100010
000011001100011	000011001100011
000011001101000	000011001101000
000011001101001	000011001101001
000011001101010	000011001101010
000011001101011	000011001101011
000011010000011	000010001010011
000011010001011	000010001011011
000011010100001	000010101010001
000011010100011	000010101010011
000011010101001	000010101011001
000011010101011	000010101011011
000011011000001	000010011010001
000011011000010	000000011010011
000011011000011	000010011010011
000011011001001	000010011011001
000011011001010	000000011011011
000011011001011	000010011011011
000011011100000	000011011100000
000011011100001	000011011100001
000011011100010	000011011100010
000011011100011	000011011100011
000011011101000	000011011101000
000011011101001	000011011101001
000011011101010	000011011101010
000011011101011	000011011101011
000011100000110	000010001100110
000011100000111	000010001100111
000011100001010	000010001101010
000011100001011	000010001101011
000011100001110	000010001101110
000011100001111	000010001101111
000011100010100	000010011100100
000011100010101	000010011100101
000011100010110	000010011100110
000011100010111	000010011100111
000011100011000	000010011101000
000011100011001	000010011101001
000011100011010	000010011101010
000011100011011	000010011101011
000011100011100	000010011101100
000011100011101	000010011101101
000011100011110	000010011101110
000011100011111	000010011101111
000011100100010	000010101100010
000011100100011	000010101100011
000011100100100	000010101100100
000011100100101	000010101100101
000011100100110	000010101100110
000011100100111	000010101100111
000011100101000	000010101101000
000011100101001	000010101101001
000011100101010	000010101101010
000011100101011	000010101101011
000011100101100	000010101101100
000011100101101	000010101101101
000011100101110	000010101101110
000011100101111	000010101101111
000011100110000	000010111100000
000011100110001	000010111100001
000011100110010	000010111100010
000011100110011	000010111100011
000011100110100	000010111100100
000011100110101	000010111100101
000011100110110	000010111100110
000011100110111	000010111100111
000011100111000	000010111101000
000011100111001	000010111101001
000011100111010	000010111101010
000011100111011	000010111101011
000011100111100	000010111101100
000011100111101	000010111101101
000011100111110	000010111101110
000011100111111	000010111101111
000011101000010	000011001100010
000011101000011	000011001100011
000011101001000	000011001101000
000011101001001	000011001101001
000011101001010	000011001101010
000011101001011	000011001101011
000011101100010	000011101100010
000011101100011	000011101100011
000011101101000	000011101101000
000011101101001	000011101101001
000011101101010	000011101101010
000011101101011	000011101101011
000011110000010	000010001110010
000011110000011	000010001110011
000011110001010	000010001111010
000011110001011	000010001111011
000011110100000	000010101110000
000011110100001	000010101110001
000011110100010	000010101110010
000011110100011	000010101110011
000011110101000	000010101111000
000011110101001	000010101111001
000011110101010	000010101111010
000011110101011	000010101111011
000011111000000	000011001110000
000011111000001	000011001110001
000011111000010	000011001110010
000011111000011	000011001110011
000011111001000	000011001111000
000011111001001	000011001111001
000011111001010	000011001111010
000011111001011	000011001111011
000011111100000	000011101110000
000011111100001	000011101110001
000011111100010	000011101110010
000011111100011	000011101110011
000011111101000	000011101111000
000011111101001	000011101111001
000011111101010	000011101111010
000011111101011	000011101111011
000100010011100	000100010011100
000100010101001	000100010101001
000100010101100	000100010101100
000100010111000	000100010111000
000100010111100	000100010111100
000100011001001	000100011001001
000100011001100	000100011001001
000100011010100	000100011010100
000100011011100	000100011011100
000100011100100	000100011100100
000100011101000	000100011101000
000100011101001	000100011101001
000100011101100	000100011101100
000100011110000	000100011110000
000100011110100	000100011110100
000100011111000	000100011111000
000100011111100	000100011111100
000100100011100	000100010101100
000100100101001	000100100101001
000100100101100	000100100101001
000100100111000	000100100111000
000100100111100	000100100111100
000100101001001	000100010101100
000100101001100	000100010101001
000100101010100	000100101010001
000100101011100	000100101011001
000100101100100	000100100110001
000100101101000	000100100111000
000100101101001	000100100111100
000100101101100	000100100111001
000100101110000	000100101110000
000100101110100	000100101110001
000100101111000	000100101111000
000100101111100	000100101111001
000100110011000	000100010111000
000100110011100	000100010111100
000100110100001	000100100110001
000100110101000	000100100111000
000100110101001	000100100111001
000100110101100	000100100111100
000100110111000	000100110111000
000100110111100	000100110111100
000100111000001	000100011100100
000100111001000	000100011101000
000100111001001	000100011101100
000100111001100	000100011101001
000100111010000	000100111010000
000100111010100	000100111010100
000100111011000	000100111011000
000100111011100	000100111011100
000100111100000	000100111100000
000100111100001	000100111100001
000100111100100	000100111100001
000100111101000	000100111101000
000100111101001	000100111101001
000100111101100	000100111101001
000100111110000	000100111110000
000100111110100	000100111110100
000100111111000	000100111111000
000100111111100	000100111111100
000101000011100	000100011001001
000101000101001	000100010101100
000101000101100	000100010101001
000101000111000	000100011101000
000101000111100	000100011101001
000101001001001	000100010011100
000101001001100	000100010011001
000101001010100	000100011010001
000101001011100	000100011011001
000101001100100	000100010110001
000101001101000	000100010111000
000101001101001	000100010111100
000101001101100	000100010111001
000101001110000	000100011110000
000101001110100	000100011110001
000101001111000	000100011111000
000101001111100	000100011111001
000101010010100	000100011010100
000101010011100	000100011011100
000101010100001	000100101010001
000101010100100	000100101010001
000101010101001	000100101011001
000101010101100	000100101011001
000101010110000	000100111010000
000101010110100	000100111010100
000101010111000	000100111011000
000101010111100	000100111011100
000101011000001	000100011010100
000101011000100	000100011010001
000101011001001	000100011011100
000101011001100	000100011011001
000101011010100	000101011010001
000101011011100	000101011011001
000101011100000	000100111010000
000101011100001	000100111010100
000101011100100	000100111010001
000101011101000	000100111011000
000101011101001	000100111011100
000101011101100	000100111011001
000101011110000	000101011110000
000101011110100	000101011110001
000101011111000	000101011111000
000101011111100	000101011111001
000101100010100	000100011100100
000101100011000	000100011101000
000101100011100	000100011101100
000101100100100	000100100110001
000101100101000	000100100111000
000101100101001	000100100111100
000101100101100	000100100111001
000101100110000	000100111100000
000101100110100	000100111100001
000101100111000	000100111101000
000101100111100	000100111101001
000101101000100	000100010110001
000101101001000	000100010111000
000101101001001	000100010111100
000101101001100	000100010111001
000101101010000	000100111010000
000101101010100	000100111010001
000101101011000	000100111011000
000101101011100	000100111011001
000101101100100	000100110110001
000101101101000	000100110111000
000101101101001	000100110111100
000101101101100	000100110111001
000101101110000	000100111110000
000101101110100	000100111110001
000101101111000	000100111111000
000101101111100	000100111111001
000101110010000	000100011110000
000101110010100	000100011110100
000101110011000	000100011111000
000101110011100	000100011111100
000101110100000	000100101110000
000101110100001	000100101110001
000101110100100	000100101110001
000101110101000	000100101111000
000101110101001	000100101111001
000101110101100	000100101111001
000101110110000	000100111110000
000101110110100	000100111110100
000101110111000	000100111111000
000101110111100	000100111111100
000101111000000	000100011110000
000101111000001	000100011110100
000101111000100	000100011110001
000101111001000	000100011111000
000101111001001	000100011111100
000101111001100	000100011111001
000101111010000	000101011110000
000101111010100	000101011110001
000101111011000	000101011111000
000101111011100	000101011111001
000101111100000	000100111110000
000101111100001	000100111110100
000101111100100	000100111110001
000101111101000	000100111111000
000101111101001	000100111111100
000101111101100	000100111111001
000101111110000	000101111110000
000101111110100	000101111110001
000101111111000	000101111111000
000101111111100	000101111111001
000110010100001	000110010100001
000110010101000	000110010101000
000110010101001	000110010101001
000110011000001	000110011000001
000110011001000	000100011001001
000110011001001	000110011001001
000110011100000	000110011100000
000110011100001	000110011100001
000110011101000	000110011101000
000110011101001	000110011101001
000110100100001	000110100100001
000110100101000	000110100101000
000110100101001	000110100101001
000110101000001	000110101000001
000110101001000	000110101001000
000110101001001	000110101001001
000110101100000	000110101100000
000110101100001	000110101100001
000110101101000	000110101101000
000110101101001	000110101101001
000110110100001	000110100110001
000110110101000	000110100111000
000110110101001	000110100111001
000110111000001	000110111000001
000110111001000	000110111001000
000110111001001	000110111001001
000110111100000	000110111100000
000110111100001	000110111100001
000110111101000	000110111101000
000110111101001	000110111101001
000111000100001	000110101000001
000111000101000	000110101001000
000111000101001	000110101001001
000111001000001	000110010010001
000111001001000	000100010011001
000111001001001	000110010011001
000111001100000	000111001100000
000111001100001	000111001100001
000111001101000	000111001101000
000111001101001	000111001101001
000111010100000	000110101010000
000111010100001	000110101010001
000111010101000	000110101011000
000111010101001	000110101011001
000111011000000	000100011010001
000111011000001	000110011010001
000111011001000	000100011011001
000111011001001	000110011011001
000111011100000	000111011100000
000111011100001	000111011100001
000111011101000	000111011101000
000111011101001	000111011101001
000111100100000	000110101100000
000111100100001	000110101100001
000111100101000	000110101101000
000111100101001	000110101101001
000111101000000	000111001100000
000111101000001	000111001100001
000111101001000	000111001101000
000111101001001	000111001101001
000111101100000	000111101100000
000111101100001	000111101100001
000111101101000	000111101101000
000111101101001	000111101101001
000111110100000	000110101110000
000111110100001	000110101110001
000111110101000	000110101111000
000111110101001	000110101111001
000111111000000	000111001110000
000111111000001	000111001110001
000111111001000	000111001111000
000111111001001	000111001111001
000111111100000	000111101110000
000111111100001	000111101110001
000111111101000	000111101111000
000111111101001	000111101111001
001000000010111	000010001000111
001000000011011	000010001001110
001000000011110	000010000011011
001000000011111	000010001001111
001000000100111	000010000100111
001000000101011	000010000101110
001000000101110	000010000101011
001000000101111	000010000101111
001000000110011	000010001100110
001000000110111	000010001100111
001000000111010	000010001101010
001000000111011	000010001101110
001000000111110	000010001101011
001000000111111	000010001101111
001000001001011	000010000011110
001000001101010	000010000111010
001000001101011	000010000111110
001000010001011	000010001001110
001000010011100	000010010011001
001000010100011	000010101000110
001000010101001	000010101001100
001000010101011	000010101001110
001000010101100	000010101001001
001000010111000	000011001101000
001000010111100	000011001101001
001000011000011	000010011000110
001000011001001	000010011001100
001000011001010	000000011001011
001000011001011	000010011001110
001000011001100	000010011001001
001000011010100	000010011010001
001000011011100	000010011011001
001000011100010	000010111000010
001000011100011	000010111000110
001000011100100	000010111000001
001000011101000	000010111001000
001000011101001	000010111001100
001000011101010	000010111001010
001000011101011	000010111001110
001000011101100	000010111001001
001000011110000	000011001110000
001000011110100	000011001110001
001000011111000	000011001111000
001000011111100	000011001111001
001000100000111	000010000100111
001000100001011	000010000101110
001000100001110	000010000101011
001000100001111	000010000101111
001000100010011	000010101000110
001000100010101	000010101000101
001000100010110	000010101000011
001000100010111	000010101000111
001000100011001	000010101001100
001000100011011	000010101001110
001000100011100	000010101001001
001000100011101	000010101001101
001000100011110	000010101001011
001000100011111	000010101001111
001000100100101	000010100100101
001000100100110	000010100100011
001000100100111	000010100100111
001000100101001	000010100101100
001000100101010	000010100101010
001000100101011	000010100101110
001000100101100	000010100101001
001000100101101	000010100101101
001000100101110	000010100101011
001000100101111	000010100101111
001000100110001	000010101100100
001000100110010	000010101100010
001000100110011	000010101100110
001000100110101	000010101100101
001000100110110	000010101100011
001000100110111	000010101100111
001000100111000	000010101101000
001000100111001	000010101101100
001000100111010	000010101101010
001000100111011	000010101101110
001000100111100	000010101101001
001000100111101	000010101101101
001000100111110	000010101101011
001000100111111	000010101101111
001000101001001	000010010101100
001000101001011	000010010101110
001000101001100	000010010101001
001000101010100	000010101010001
001000101011100	000010101011001
001000101100100	000010100110001
001000101101000	000010100111000
001000101101001	000010100111100
001000101101010	000010100111010
001000101101011	000010100111110
001000101101100	000010100111001
001000101110000	000010101110000
001000101110100	000010101110001
001000101111000	000010101111000
001000101111100	000010101111001
001000110000011	000010001100110
001000110001010	000010001101010
001000110001011	000010001101110
001000110011000	000011001101000
001000110011100	000011001101001
001000110100001	000010101100100
001000110100010	000010101100010
001000110100011	000010101100110
001000110101000	000010101101000
001000110101001	000010101101100
001000110101010	000010101101010
001000110101011	000010101101110
001000110101100	000010101101001
001000110111000	000011101101000
001000110111100	000011101101001
001000111000001	000010011100100
001000111000011	000010011100110
001000111001000	000010011101000
001000111001001	000010011101100
001000111001010	000010011101010
001000111001011	000010011101110
001000111001100	000010011101001
001000111010000	000011011100000
001000111010100	000011011100001
001000111011000	000011011101000
001000111011100	000011011101001
001000111100000	000010111100000
001000111100001	000010111100100
001000111100010	000010111100010
001000111100011	000010111100110
001000111100100	000010111100001
001000111101000	000010111101000
001000111101001	000010111101100
001000111101010	000010111101010
001000111101011	000010111101110
001000111101100	000010111101001
001000111110000	000011101110000
001000111110100	000011101110001
001000111111000	000011101111000
001000111111100	000011101111001
001001000000111	000010000010111
001001000001011	000010000011110
001001000001110	000010000011011
001001000001111	000010000011111
001001000010011	000010011000110
001001000010101	000010011000101
001001000010111	000010011000111
001001000011001	000010011001100
001001000011010	000000011001011
001001000011011	000010011001110
001001000011100	000010011001001
001001000011101	000010011001101
001001000011110	000010011001011
001001000011111	000010011001111
001001000100101	000010010100101
001001000100111	000010010100111
001001000101001	000010010101100
001001000101011	000010010101110
001001000101100	000010010101001
001001000101101	000010010101101
001001000101110	000010010101011
001001000101111	000010010101111
001001000110001	000010011100100
001001000110011	000010011100110
001001000110101	000010011100101
001001000110111	000010011100111
001001000111000	000010011101000
001001000111001	000010011101100
001001000111010	000010011101010
001001000111011	000010011101110
001001000111100	000010011101001
001001000111101	000010011101101
001001000111110	000010011101011
001001000111111	000010011101111
001001001001001	000010010011100
001001001001010	000000010011110
001001001001011	000010010011110
001001001001100	000010010011001
001001001010100	000010011010001
001001001011100	000010011011001
001001001100100	000010010110001
001001001101000	000010010111000
001001001101001	000010010111100
001001001101010	000010010111010
001001001101011	000010010111110
001001001101100	000010010111001
001001001110000	000010011110000
001001001110100	000010011110001
001001001111000	000010011111000
001001001111100	000010011111001
001001010000011	000010001010110
001001010001011	000010001011110
001001010010100	000010011010001
001001010011100	000010011011001
001001010100001	000010101010100
001001010100011	000010101010110
001001010100100	000010101010001
001001010101001	000010101011100
001001010101011	000010101011110
001001010101100	000010101011001
001001010110000	000011011100000
001001010110100	000011011100001
001001010111000	000011011101000
001001010111100	000011011101001
001001011000001	000010011010100
001001011000010	000000011010110
001001011000011	000010011010110
001001011000100	000010011010001
001001011001001	000010011011100
001001011001010	000000011011110
001001011001011	000010011011110
001001011001100	000010011011001
001001011010100	000011011010001
001001011011100	000011011011001
001001011100000	000010111010000
001001011100001	000010111010100
001001011100010	000010111010010
001001011100011	000010111010110
001001011100100	000010111010001
001001011101000	000010111011000
001001011101001	000010111011100
001001011101010	000010111011010
001001011101011	000010111011110
001001011101100	000010111011001
001001011110000	000011011110000
001001011110100	000011011110001
001001011111000	000011011111000
001001011111100	000011011111001
001001100000110	000010000110011
001001100000111	000010000110111
001001100001010	000010000111010
001001100001011	000010000111110
001001100001110	000010000111011
001001100001111	000010000111111
001001100010010	000010111000010
001001100010011	000010111000110
001001100010100	000010111000001
001001100010101	000010111000101
001001100010110	000010111000011
001001100010111	000010111000111
001001100011000	000010111001000
001001100011001	000010111001100
001001100011010	000010111001010
001001100011011	000010111001110
001001100011100	000010111001001
001001100011101	000010111001101
001001100011110	000010111001011
001001100011111	000010111001111
001001100100100	000010100110001
001001100100101	000010100110101
001001100100110	000010100110011
001001100100111	000010100110111
001001100101000	000010100111000
001001100101001	000010100111100
001001100101010	000010100111010
001001100101011	000010100111110
001001100101100	000010100111001
001001100101101	000010100111101
001001100101110	000010100111011
001001100101111	000010100111111
001001100110000	000010111100000
001001100110001	000010111100100
001001100110010	000010111100010
001001100110011	000010111100110
001001100110100	000010111100001
001001100110101	000010111100101
001001100110110	000010111100011
001001100110111	000010111100111
001001100111000	000010111101000
001001100111001	000010111101100
001001100111010	000010111101010
001001100111011	000010111101110
001001100111100	000010111101001
001001100111101	000010111101101
001001100111110	000010111101011
001001100111111	000010111101111
001001101000100	000010010110001
001001101001000	000010010111000
001001101001001	000010010111100
001001101001010	000010010111010
001001101001011	000010010111110
001001101001100	000010010111001
001001101010000	000010111010000
001001101010100	000010111010001
001001101011000	000010111011000
001001101011100	000010111011001
001001101100100	000010110110001
001001101101000	000010110111000
001001101101001	000010110111100
001001101101010	000010110111010
001001101101011	000010110111110
001001101101100	000010110111001
001001101110000	000010111110000
001001101110100	000010111110001
001001101111000	000010111111000
001001101111100	000010111111001
001001110000010	000010001110010
001001110000011	000010001110110
001001110001010	000010001111010
001001110001011	000010001111110
001001110010000	000011001110000
001001110010100	000011001110001
001001110011000	000011001111000
001001110011100	000011001111001
001001110100000	000010101110000
001001110100001	000010101110100
001001110100010	000010101110010
001001110100011	000010101110110
001001110100100	000010101110001
001001110101000	000010101111000
001001110101001	000010101111100
001001110101010	000010101111010
001001110101011	000010101111110
001001110101100	000010101111001
001001110110000	000011101110000
001001110110100	000011101110001
001001110111000	000011101111000
001001110111100	000011101111001
001001111000000	000010011110000
001001111000001	000010011110100
001001111000010	000010011110010
001001111000011	000010011110110
001001111000100	000010011110001
001001111001000	000010011111000
001001111001001	000010011111100
001001111001010	000010011111010
001001111001011	000010011111110
001001111001100	000010011111001
001001111010000	000011011110000
001001111010100	000011011110001
001001111011000	000011011111000
001001111011100	000011011111001
001001111100000	000010111110000
001001111100001	000010111110100
001001111100010	000010111110010
001001111100011	000010111110110
001001111100100	000010111110001
001001111101000	000010111111000
001001111101001	000010111111100
001001111101010	000010111111010
001001111101011	000010111111110
001001111101100	000010111111001
001001111110000	000011111110000
001001111110100	000011111110001
001001111111000	000011111111000
001001111111100	000011111111001
001010000010011	000010001000111
001010000010110	000010000010111
001010000010111	001010000010111
001010000011011	000010001001111
001010000011110	000010000011111
001010000011111	001010000011111
001010000100011	001010000100011
001010000100110	001010000100011
001010000100111	001010000100111
001010000101011	001010000101011
001010000101110	001010000101011
001010000101111	001010000101111
001010000110010	001010000110010
001010000110011	001010000110011
001010000110110	001010000110110
001010000110111	001010000110111
001010000111010	001010000111010
001010000111011	001010000111011
001010000111110	001010000111110
001010000111111	001010000111111
001010001000011	000010000010111
001010001001011	000010000011111
001010001100010	001010000110010
001010001100011	001010000110110
001010001101010	001010000111010
001010001101011	001010000111110
001010010000011	000010001000111
001010010001011	000010001001111
001010010100001	001010010100001
001010010100011	001010010100011
001010010101001	001010010101001
001010010101011	001010010101011
001010011000001	000010011000101
001010011000010	000000011000111
001010011000011	000010011000111
001010011001001	000010011001101
001010011001010	000000011001111
001010011001011	000010011001111
001010011100000	001010011100000
001010011100001	001010011100001
001010011100010	001010011100010
001010011100011	001010011100011
001010011101000	001010011101000
001010011101001	001010011101001
001010011101010	001010011101010
001010011101011	001010011101011
001010100000011	001010000100011
001010100000110	001010000100011
001010100000111	001010000100111
001010100001011	001010000101011
001010100001110	001010000101011
001010100001111	001010000101111
001010100010001	001010010100001
001010100010011	001010010100011
001010100010100	001010010100100
001010100010101	001010010100101
001010100010110	001010010100110
001010100010111	001010010100111
001010100011001	001010010101001
001010100011011	001010010101011
001010100011100	001010010101100
001010100011101	001010010101101
001010100011110	001010010101110
001010100011111	001010010101111
001010100100001	001010100100001
001010100100010	001010100100010
001010100100011	001010100100011
001010100100100	001010100100001
001010100100101	001010100100101
001010100100110	001010100100011
001010100100111	001010100100111
001010100101001	001010100101001
001010100101010	001010100101010
001010100101011	001010100101011
001010100101100	001010100101001
001010100101101	001010100101101
001010100101110	001010100101011
001010100101111	001010100101111
001010100110000	001010100110000
001010100110001	001010100110001
001010100110010	001010100110010
001010100110011	001010100110011
001010100110100	001010100110100
001010100110101	001010100110101
001010100110110	001010100110110
001010100110111	001010100110111
001010100111000	001010100111000
001010100111001	001010100111001
001010100111010	001010100111010
001010100111011	001010100111011
001010100111100	001010100111100
001010100111101	001010100111101
001010100111110	001010100111110
001010100111111	001010100111111
001010101000001	001010010100100
001010101000011	001010010100110
001010101001001	001010010101100
001010101001011	001010010101110
001010101100000	001010100110000
001010101100001	001010100110100
001010101100010	001010100110010
001010101100011	001010100110110
001010101101000	001010100111000
001010101101001	001010100111100
001010101101010	001010100111010
001010101101011	001010100111110
001010110000010	001010000110010
001010110000011	001010000110011
001010110001010	001010000111010
001010110001011	001010000111011
001010110100000	001010100110000
001010110100001	001010100110001
001010110100010	001010100110010
001010110100011	001010100110011
001010110101000	001010100111000
001010110101001	001010100111001
001010110101010	001010100111010
001010110101011	001010100111011
001010111000000	001010011100000
001010111000001	001010011100100
001010111000010	001010011100010
001010111000011	001010011100110
001010111001000	001010011101000
001010111001001	001010011101100
001010111001010	001010011101010
001010111001011	001010011101110
001010111100000	001010111100000
001010111100001	001010111100001
001010111100010	001010111100010
001010111100011	001010111100011
001010111101000	001010111101000
001010111101001	001010111101001
001010111101010	001010111101010
001010111101011	001010111101011
001011000000011	000010000010111
001011000000110	000010001000111
001011000000111	001010000010111
001011000001011	000010000011111
001011000001110	000010001001111
001011000001111	001010000011111
001011000010001	000010011000101
001011000010010	000000011000111
001011000010011	000010011000111
001011000010100	000010011000101
001011000010101	001010011000101
001011000010110	000010011000111
001011000010111	001010011000111
001011000011001	000010011001101
001011000011010	000000011001111
001011000011011	000010011001111
001011000011100	000010011001101
001011000011101	001010011001101
001011000011110	000010011001111
001011000011111	001010011001111
001011000100001	001010010100100
001011000100011	001010010100110
001011000100100	001010010100001
001011000100101	001010010100101
001011000100110	001010010100011
001011000100111	001010010100111
001011000101001	001010010101100
001011000101011	001010010101110
001011000101100	001010010101001
001011000101101	001010010101101
001011000101110	001010010101011
001011000101111	001010010101111
001011000110000	001010011100000
001011000110001	001010011100100
001011000110010	001010011100010
001011000110011	001010011100110
001011000110100	001010011100001
001011000110101	001010011100101
001011000110110	001010011100011
001011000110111	001010011100111
001011000111000	001010011101000
001011000111001	001010011101100
001011000111010	001010011101010
001011000111011	001010011101110
001011000111100	001010011101001
001011000111101	001010011101101
001011000111110	001010011101011
001011000111111	001010011101111
001011001000001	000010010010101
001011001000010	000000010010111
001011001000011	000010010010111
001011001001001	000010010011101
001011001001010	000000010011111
001011001001011	000010010011111
001011001100000	001010010110000
001011001100001	001010010110100
001011001100010	001010010110010
001011001100011	001010010110110
001011001101000	001010010111000
001011001101001	001010010111100
001011001101010	001010010111010
001011001101011	001010010111110
001011010000011	000010001010111
001011010001011	000010001011111
001011010100001	001010101010001
001011010100011	001010101010011
001011010101001	001010101011001
001011010101011	001010101011011
001011011000001	000010011010101
001011011000010	000000011010111
001011011000011	000010011010111
001011011001001	000010011011101
001011011001010	000000011011111
001011011001011	000010011011111
001011011100000	001010111010000
001011011100001	001010111010100
001011011100010	001010111010010
001011011100011	001010111010110
001011011101000	001010111011000
001011011101001	001010111011100
001011011101010	001010111011010
001011011101011	001010111011110
001011100000010	001010000110010
001011100000011	001010000110110
001011100000110	001010000110011
001011100000111	001010000110111
001011100001010	001010000111010
001011100001011	001010000111110
001011100001110	001010000111011
001011100001111	001010000111111
001011100010000	001010011100000
001011100010001	001010011100001
001011100010010	001010011100010
001011100010011	001010011100011
001011100010100	001010011100100
001011100010101	001010011100101
001011100010110	001010011100110
001011100010111	001010011100111
001011100011000	001010011101000
001011100011001	001010011101001
001011100011010	001010011101010
001011100011011	001010011101011
001011100011100	001010011101100
001011100011101	001010011101101
001011100011110	001010011101110
001011100011111	001010011101111
001011100100000	001010100110000
001011100100001	001010100110100
001011100100010	001010100110010
001011100100011	001010100110110
001011100100100	001010100110001
001011100100101	001010100110101
001011100100110	001010100110011
001011100100111	001010100110111
001011100101000	001010100111000
001011100101001	001010100111100
001011100101010	001010100111010
001011100101011	001010100111110
001011100101100	001010100111001
001011100101101	001010100111101
001011100101110	001010100111011
001011100101111	001010100111111
001011100110000	001010111100000
001011100110001	001010111100001
001011100110010	001010111100010
001011100110011	001010111100011
001011100110100	001010111100001
001011100110101	001010111100101
001011100110110	001010111100011
001011100110111	001010111100111
001011100111000	001010111101000
001011100111001	001010111101001
001011100111010	001010111101010
001011100111011	001010111101011
001011100111100	001010111101001
001011100111101	001010111101101
001011100111110	001010111101011
001011100111111	001010111101111
001011101000000	001010010110000
001011101000001	001010010110100
001011101000010	001010010110010
001011101000011	001010010110110
001011101001000	001010010111000
001011101001001	001010010111100
001011101001010	001010010111010
001011101001011	001010010111110
001011101100000	001010110110000
001011101100001	001010110110100
001011101100010	001010110110010
001011101100011	001010110110110
001011101101000	001010110111000
001011101101001	001010110111100
001011101101010	001010110111010
001011101101011	001010110111110
001011110000010	001010001110010
001011110000011	001010001110011
001011110001010	001010001111010
001011110001011	001010001111011
001011110100000	001010101110000
001011110100001	001010101110001
001011110100010	001010101110010
001011110100011	001010101110011
001011110101000	001010101111000
001011110101001	001010101111001
001011110101010	001010101111010
001011110101011	001010101111011
001011111000000	001010011110000
001011111000001	001010011110100
001011111000010	001010011110010
001011111000011	001010011110110
001011111001000	001010011111000
001011111001001	001010011111100
001011111001010	001010011111010
001011111001011	001010011111110
001011111100000	001010111110000
001011111100001	001010111110100
001011111100010	001010111110010
001011111100011	001010111110110
001011111101000	001010111111000
001011111101001	001010111111100
001011111101010	001010111111010
001011111101011	001010111111110
001100010010100	000110010010001
001100010011000	000100010011001
001100010011100	000110010011001
001100010100100	000110101000001
001100010101000	000110101001000
001100010101001	000110101001100
001100010101100	000110101001001
001100010110000	000111001100000
001100010110100	000111001100001
001100010111000	000111001101000
001100010111100	000111001101001
001100011000100	000110011000001
001100011001000	000100011001001
001100011001001	000110011001100
001100011001100	000110011001001
001100011010000	000100011010001
001100011010100	000110011010001
001100011011000	000100011011001
001100011011100	000110011011001
001100011100100	000110111000001
001100011101000	000110111001000
001100011101001	000110111001100
001100011101100	000110111001001
001100011110000	000111001110000
001100011110100	000111001110001
001100011111000	000111001111000
001100011111100	000111001111001
001100100010100	000110101000001
001100100011000	000110101001000
001100100011100	000110101001001
001100100100100	000110100100001
001100100101000	000110100101000
001100100101001	000110100101100
001100100101100	000110100101001
001100100110000	000110101100000
001100100110100	000110101100001
001100100111000	000110101101000
001100100111100	000110101101001
001100101000100	000110010100001
001100101001000	000110010101000
001100101001001	000110010101100
001100101001100	000110010101001
001100101010000	000110101010000
001100101010100	000110101010001
001100101011000	000110101011000
001100101011100	000110101011001
001100101100100	000110100110001
001100101101000	000110100111000
001100101101001	000110100111100
001100101101100	000110100111001
001100101110000	000110101110000
001100101110100	000110101110001
001100101111000	000110101111000
001100101111100	000110101111001
001100110010000	000111001100000
001100110010100	000111001100001
001100110011000	000111001101000
001100110011100	000111001101001
001100110100000	000110101100000
001100110100001	000110101100100
001100110100100	000110101100001
001100110101000	000110101101000
001100110101001	000110101101100
001100110101100	000110101101001
001100110110000	000111101100000
001100110110100	000111101100001
001100110111000	000111101101000
001100110111100	000111101101001
001100111000000	000110011100000
001100111000001	000110011100100
001100111000100	000110011100001
001100111001000	000110011101000
001100111001001	000110011101100
001100111001100	000110011101001
001100111010000	000111011100000
001100111010100	000111011100001
001100111011000	000111011101000
001100111011100	000111011101001
001100111100000	000110111100000
001100111100001	000110111100100
001100111100100	000110111100001
001100111101000	000110111101000
001100111101001	000110111101100
001100111101100	000110111101001
001100111110000	000111101110000
001100111110100	000111101110001
001100111111000	000111101111000
001100111111100	000111101111001
001101000010100	000110011000001
001101000011000	000100011001001
001101000011100	000110011001001
001101000100100	000110010100001
001101000101000	000110010101000
001101000101001	000110010101100
001101000101100	000110010101001
001101000110000	000110011100000
001101000110100	000110011100001
001101000111000	000110011101000
001101000111100	000110011101001
001101001000100	000110010010001
001101001001000	000100010011100
001101001001001	000110010011100
001101001001100	000110010011001
001101001010000	000100011010100
001101001010100	000110011010001
001101001011000	000100011011100
001101001011100	000110011011001
001101001100100	000110010110001
001101001101000	000110010111000
001101001101001	000110010111100
001101001101100	000110010111001
001101001110000	000110011110000
001101001110100	000110011110001
001101001111000	000110011111000
001101001111100	000110011111001
001101010010000	000100011010001
001101010010100	000110011010001
001101010011000	000100011011001
001101010011100	000110011011001
001101010100000	000110101010000
001101010100001	000110101010100
001101010100100	000110101010001
001101010101000	000110101011000
001101010101001	000110101011100
001101010101100	000110101011001
001101010110000	000111011100000
001101010110100	000111011100001
001101010111000	000111011101000
001101010111100	000111011101001
001101011000000	000100011010100
001101011000001	000110011010100
001101011000100	000110011010001
001101011001000	000100011011100
001101011001001	000110011011100
001101011001100	000110011011001
001101011010000	000101011010001
001101011010100	000111011010001
001101011011000	000101011011001
001101011011100	000111011011001
001101011100000	000110111010000
001101011100001	000110111010100
001101011100100	000110111010001
001101011101000	000110111011000
001101011101001	000110111011100
001101011101100	000110111011001
001101011110000	000111011110000
001101011110100	000111011110001
001101011111000	000111011111000
001101011111100	000111011111001
001101100010100	000110111000001
001101100011000	000110111001000
001101100011100	000110111001001
001101100100100	000110100110001
001101100101000	000110100111000
001101100101001	000110100111100
001101100101100	000110100111001
001101100110000	000110111100000
001101100110100	000110111100001
001101100111000	000110111101000
001101100111100	000110111101001
001101101000100	000110010110001
001101101001000	000110010111000
001101101001001	000110010111100
001101101001100	000110010111001
001101101010000	000110111010000
001101101010100	000110111010001
001101101011000	000110111011000
001101101011100	000110111011001
001101101100100	000110110110001
001101101101000	000110110111000
001101101101001	000110110111100
001101101101100	000110110111001
001101101110000	000110111110000
001101101110100	000110111110001
001101101111000	000110111111000
001101101111100	000110111111001
001101110010000	000111001110000
001101110010100	000111001110001
001101110011000	000111001111000
001101110011100	000111001111001
001101110100000	000110101110000
001101110100001	000110101110100
001101110100100	000110101110001
001101110101000	000110101111000
001101110101001	000110101111100
001101110101100	000110101111001
001101110110000	000111101110000
001101110110100	000111101110001
001101110111000	000111101111000
001101110111100	000111101111001
001101111000000	000110011110000
001101111000001	000110011110100
001101111000100	000110011110001
001101111001000	000110011111000
001101111001001	000110011111100
001101111001100	000110011111001
001101111010000	000111011110000
001101111010100	000111011110001
001101111011000	000111011111000
001101111011100	000111011111001
001101111100000	000110111110000
001101111100001	000110111110100
001101111100100	000110111110001
001101111101000	000110111111000
001101111101001	000110111111100
001101111101100	000110111111001
001101111110000	000111111110000
001101111110100	000111111110001
001101111111000	000111111111000
001101111111100	000111111111001
001110010100000	001110010100000
001110010100001	001110010100001
001110010101000	001110010101000
001110010101001	001110010101001
001110011000000	000100011000101
001110011000001	000110011000101
001110011001000	000100011001101
001110011001001	000110011001101
001110011100000	001110011100000
001110011100001	001110011100001
001110011101000	001110011101000
001110011101001	001110011101001
001110100100000	001110100100000
001110100100001	001110100100001
001110100101000	001110100101000
001110100101001	001110100101001
001110101000000	001110010100000
001110101000001	001110010100100
001110101001000	001110010101000
001110101001001	001110010101100
001110101100000	001110100110000
001110101100001	001110100110100
001110101101000	001110100111000
001110101101001	001110100111100
001110110100000	001110100110000
001110110100001	001110100110001
001110110101000	001110100111000
001110110101001	001110100111001
001110111000000	001110011100000
001110111000001	001110011100100
001110111001000	001110011101000
001110111001001	001110011101100
001110111100000	001110111100000
001110111100001	001110111100001
001110111101000	001110111101000
001110111101001	001110111101001
001111000100000	001110010100000
001111000100001	001110010100100
001111000101000	001110010101000
001111000101001	001110010101100
001111001000000	000100010010101
001111001000001	000110010010101
001111001001000	000100010011101
001111001001001	000110010011101
001111001100000	001110010110000
001111001100001	001110010110100
001111001101000	001110010111000
001111001101001	001110010111100
001111010100000	001110101010000
001111010100001	001110101010001
001111010101000	001110101011000
001111010101001	001110101011001
001111011000000	000100011010101
001111011000001	000110011010101
001111011001000	000100011011101
001111011001001	000110011011101
001111011100000	001110111010000
001111011100001	001110111010100
001111011101000	001110111011000
001111011101001	001110111011100
001111100100000	001110100110000
001111100100001	001110100110100
001111100101000	001110100111000
001111100101001	001110100111100
001111101000000	001110010110000
001111101000001	001110010110100
001111101001000	001110010111000
001111101001001	001110010111100
001111101100000	001110110110000
001111101100001	001110110110100
001111101101000	001110110111000
001111101101001	001110110111100
001111110100000	001110101110000
001111110100001	001110101110001
001111110101000	001110101111000
001111110101001	001110101111001
001111111000000	001110011110000
001111111000001	001110011110100
001111111001000	001110011111000
001111111001001	001110011111100
001111111100000	001110111110000
001111111100001	001110111110100
001111111101000	001110111111000
001111111101001	001110111111100
010000000010111	001010000110010
010000000011011	000010001101010
010000000011110	000010000111010
010000000011111	001010000111010
010000000100111	010000000100111
010000000101011	010000000101011
010000000101110	010000000101011
010000000101111	010000000101111
010000000110011	010000000110011
010000000110111	010000000110111
010000000111010	010000000111010
010000000111011	010000000111011
010000000111110	010000000111110
010000000111111	010000000111111
010000001001011	000010000111010
010000001101010	010000000111010
010000001101011	010000000111110
010000010011100	000010010111000
010000010100011	010000010100011
010000010101001	010000010101001
010000010101010	010000010101010
010000010101011	010000010101011
010000010101100	010000010101100
010000010111000	010000010111000
010000010111100	010000010111100
010000011000011	000010111000010
010000011001001	000010111001000
010000011001010	000000011101010
010000011001011	000010111001010
010000011001100	000010011101000
010000011010100	000010011110000
010000011011100	000010011111000
010000011100010	010000011100010
010000011100011	010000011100011
010000011100100	010000011100100
010000011101000	010000011101000
010000011101001	010000011101001
010000011101010	010000011101010
010000011101011	010000011101011
010000011101100	010000011101100
010000011110000	010000011110000
010000011110100	010000011110100
010000011111000	010000011111000
010000011111100	010000011111100
010000100010101	010000100010101
010000100010111	010000100010111
010000100011001	010000100011001
010000100011011	010000100011011
010000100011100	010000100011100
010000100011101	010000100011101
010000100011110	010000100011110
010000100011111	010000100011111
010000100100101	010000100100101
010000100100111	010000100100111
010000100101001	010000100101001
010000100101011	010000100101011
010000100101100	010000100101001
010000100101101	010000100101101
010000100101110	010000100101011
010000100101111	010000100101111
010000100110001	010000100110001
010000100110011	010000100110011
010000100110101	010000100110101
010000100110111	010000100110111
010000100111000	010000100111000
010000100111001	010000100111001
010000100111010	010000100111010
010000100111011	010000100111011
010000100111100	010000100111100
010000100111101	010000100111101
010000100111110	010000100111110
010000100111111	010000100111111
010000101001001	010000100011100
010000101001011	010000100011110
010000101001100	010000100011001
010000101010100	010000101010001
010000101011100	010000101011001
010000101100100	010000100110001
010000101101000	010000100111000
010000101101001	010000100111100
010000101101010	010000100111010
010000101101011	010000100111110
010000101101100	010000100111001
010000101110000	010000101110000
010000101110100	010000101110001
010000101111000	010000101111000
010000101111100	010000101111001
010000110011000	010000110011000
010000110011100	010000110011100
010000110100001	010000110100001
010000110100011	010000110100011
010000110101000	010000110101000
010000110101001	010000110101001
010000110101010	010000110101010
010000110101011	010000110101011
010000110101100	010000110101100
010000110111000	010000110111000
010000110111100	010000110111100
010000111000001	010000111000001
010000111000011	010000111000011
010000111001000	010000111001000
010000111001001	010000111001001
010000111001010	010000111001010
010000111001011	010000111001011
010000111001100	010000111001100
010000111010000	010000111010000
010000111010100	010000111010100
010000111011000	010000111011000
010000111011100	010000111011100
010000111100000	010000111100000
010000111100001	010000111100001
010000111100010	010000111100010
010000111100011	010000111100011
010000111100100	010000111100100
010000111101000	010000111101000
010000111101001	010000111101001
010000111101010	010000111101010
010000111101011	010000111101011
010000111101100	010000111101100
010000111110000	010000111110000
010000111110100	010000111110100
010000111111000	010000111111000
010000111111100	010000111111100
010001000010101	001010011100000
010001000010110	000010111000010
010001000010111	001010011100010
010001000011001	000010011101000
010001000011010	000000011101010
010001000011011	000010011101010
010001000011100	000010111001000
010001000011101	001010011101000
010001000011110	000010111001010
010001000011111	001010011101010
010001000100101	010000010100101
010001000100110	010000010100011
010001000100111	010000010100111
010001000101001	010000010101100
010001000101010	010000010101010
010001000101011	010000010101110
010001000101100	010000010101001
010001000101101	010000010101101
010001000101110	010000010101011
010001000101111	010000010101111
010001000110001	010000011100100
010001000110010	010000011100010
010001000110011	010000011100110
010001000110101	010000011100101
010001000110110	010000011100011
010001000110111	010000011100111
010001000111000	010000011101000
010001000111001	010000011101100
010001000111010	010000011101010
010001000111011	010000011101110
010001000111100	010000011101001
010001000111101	010000011101101
010001000111110	010000011101011
010001000111111	010000011101111
010001001001001	000010010111000
010001001001010	000000010111010
010001001001011	000010010111010
010001001001100	000011001101000
010001001010100	000011001110000
010001001011100	000011001111000
010001001100100	010000010110001
010001001101000	010000010111000
010001001101001	010000010111100
010001001101010	010000010111010
010001001101011	010000010111110
010001001101100	010000010111001
010001001110000	010000011110000
010001001110100	010000011110001
010001001111000	010000011111000
010001001111100	010000011111001
010001010010100	000010111010000
010001010011100	000010111011000
010001010100001	010001010100001
010001010100010	010001010100010
010001010100011	010001010100011
010001010100100	010001010100001
010001010101001	010001010101001
010001010101010	010001010101010
010001010101011	010001010101011
010001010101100	010001010101001
010001010110000	010001010110000
010001010110100	010001010110100
010001010111000	010001010111000
010001010111100	010001010111100
010001011000001	000010111010000
010001011000010	000000111010010
010001011000011	000010111010010
010001011000100	000011011100000
010001011001001	000010111011000
010001011001010	000000111011010
010001011001011	000010111011010
010001011001100	000011011101000
010001011010100	000011011110000
010001011011100	000011011111000
010001011100000	010001010110000
010001011100001	010001010110100
010001011100010	010001010110010
010001011100011	010001010110110
010001011100100	010001010110001
010001011101000	010001010111000
010001011101001	010001010111100
010001011101010	010001010111010
010001011101011	010001010111110
010001011101100	010001010111001
010001011110000	010001011110000
010001011110100	010001011110001
010001011111000	010001011111000
010001011111100	010001011111001
010001100010100	010000111000001
010001100010101	010000111000101
010001100010110	010000111000011
010001100010111	010000111000111
010001100011000	010000111001000
010001100011001	010000111001100
010001100011010	010000111001010
010001100011011	010000111001110
010001100011100	010000111001001
010001100011101	010000111001101
010001100011110	010000111001011
010001100011111	010000111001111
010001100100100	010000110100001
010001100100101	010000110100101
010001100100110	010000110100011
010001100100111	010000110100111
010001100101000	010000110101000
010001100101001	010000110101100
010001100101010	010000110101010
010001100101011	010000110101110
010001100101100	010000110101001
010001100101101	010000110101101
010001100101110	010000110101011
010001100101111	010000110101111
010001100110000	010000111100000
010001100110001	010000111100100
010001100110010	010000111100010
010001100110011	010000111100110
010001100110100	010000111100001
010001100110101	010000111100101
010001100110110	010000111100011
010001100110111	010000111100111
010001100111000	010000111101000
010001100111001	010000111101100
010001100111010	010000111101010
010001100111011	010000111101110
010001100111100	010000111101001
010001100111101	010000111101101
010001100111110	010000111101011
010001100111111	010000111101111
010001101000100	010000110010001
010001101001000	010000110011000
010001101001001	010000110011100
010001101001010	010000110011010
010001101001011	010000110011110
010001101001100	010000110011001
010001101010000	010000111010000
010001101010100	010000111010001
010001101011000	010000111011000
010001101011100	010000111011001
010001101100100	010000110110001
010001101101000	010000110111000
010001101101001	010000110111100
010001101101010	010000110111010
010001101101011	010000110111110
010001101101100	010000110111001
010001101110000	010000111110000
010001101110100	010000111110001
010001101111000	010000111111000
010001101111100	010000111111001
010001110010000	010000111010000
010001110010100	010001110010100
010001110011000	010000111011000
010001110011100	010001110011100
010001110100000	010001110100000
010001110100001	010001110100001
010001110100010	010001110100010
010001110100011	010001110100011
010001110100100	010001110100001
010001110101000	010001110101000
010001110101001	010001110101001
010001110101010	010001110101010
010001110101011	010001110101011
010001110101100	010001110101001
010001110110000	010001110110000
010001110110100	010001110110100
010001110111000	010001110111000
010001110111100	010001110111100
010001111000000	010000111010000
010001111000001	010001110010100
010001111000010	010000111010010
010001111000011	010001110010110
010001111000100	010001110010001
010001111001000	010000111011000
010001111001001	010001110011100
010001111001010	010000111011010
010001111001011	010001110011110
010001111001100	010001110011001
010001111010000	010001111010000
010001111010100	010001111010001
010001111011000	010001111011000
010001111011100	010001111011001
010001111100000	010001110110000
010001111100001	010001110110100
010001111100010	010001110110010
010001111100011	010001110110110
010001111100100	010001110110001
010001111101000	010001110111000
010001111101001	010001110111100
010001111101010	010001110111010
010001111101011	010001110111110
010001111101100	010001110111001
010001111110000	010001111110000
010001111110100	010001111110001
010001111111000	010001111111000
010001111111100	010001111111001
010010000000111	001010000100011
010010000001011	000010000101011
010010000001110	000010000101110
010010000001111	001010000101011
010010000010111	001010000110110
010010000011011	000010001101011
010010000011110	000010000111110
010010000011111	001010000111110
010010000100011	010010000100011
010010000100111	010010000100111
010010000101010	010000000101011
010010000101011	010010000101011
010010000101110	010010000101110
010010000101111	010010000101111
010010000110011	010010000110011
010010000110111	010010000110111
010010000111010	010000000111110
010010000111011	010010000111011
010010000111110	010010000111110
010010000111111	010010000111111
010010001000011	000010000110011
010010001001011	000010000111011
010010001100010	010000000110011
010010001100011	010010000110011
010010001101010	010000000111011
010010001101011	010010000111011
010010010000011	000010101000011
010010010001001	000010101001001
010010010001010	000000010101110
010010010001011	000010101001011
010010010100001	010010010100001
010010010100011	010010010100011
010010010101000	010000010101100
010010010101001	010010010101001
010010010101010	010000010101110
010010010101011	010010010101011
010010011000001	000010111000001
010010011000010	000000011100110
010010011000011	000010111000011
010010011001001	000010111001001
010010011001010	000000011101110
010010011001011	000010111001011
010010011100000	010000011100100
010010011100001	010010011100001
010010011100010	010000011100110
010010011100011	010010011100011
010010011101000	010000011101100
010010011101001	010010011101001
010010011101010	010000011101110
010010011101011	010010011101011
010010100000101	010010100000101
010010100000111	010010100000111
010010100001001	010010100001001
010010100001011	010010100001011
010010100001100	010010100001100
010010100001101	010010100001101
010010100001110	010010100001110
010010100001111	010010100001111
010010100010101	010010100010101
010010100010111	010010100010111
010010100011001	010010100011001
010010100011011	010010100011011
010010100011100	010010100011100
010010100011101	010010100011101
010010100011110	010010100011110
010010100011111	010010100011111
010010100100001	010010100100001
010010100100011	010010100100011
010010100100101	010010100100101
010010100100111	010010100100111
010010100101000	010010100101000
010010100101001	010010100101001
010010100101010	010010100101010
010010100101011	010010100101011
010010100101100	010010100101100
010010100101101	010010100101101
010010100101110	010010100101110
010010100101111	010010100101111
010010100110001	010010100110001
010010100110011	010010100110011
010010100110101	010010100110101
010010100110111	010010100110111
010010100111000	010010100111000
010010100111001	010010100111001
010010100111010	010010100111010
010010100111011	010010100111011
010010100111100	010010100111100
010010100111101	010010100111101
010010100111110	010010100111110
010010100111111	010010100111111
010010101000001	010010101000001
010010101000011	010010101000011
010010101001001	010010101001001
010010101001011	010010101001011
010010101100000	010010101100000
010010101100001	010010101100001
010010101100010	010010101100010
010010101100011	010010101100011
010010101101000	010010101101000
010010101101001	010010101101001
010010101101010	010010101101010
010010101101011	010010101101011
010010110000001	010010101000001
010010110000011	010010101000011
010010110001000	010000100011100
010010110001001	010010101001001
010010110001010	010000100011110
010010110001011	010010101001011
010010110100001	010010110100001
010010110100011	010010110100011
010010110101000	010010110101000
010010110101001	010010110101001
010010110101010	010010110101010
010010110101011	010010110101011
010010111000000	010000111000001
010010111000001	010010111000001
010010111000010	010000111000011
010010111000011	010010111000011
010010111001000	010000111001001
010010111001001	010010111001001
010010111001010	010000111001011
010010111001011	010010111001011
010010111100000	010010111100000
010010111100001	010010111100001
010010111100010	010010111100010
010010111100011	010010111100011
010010111101000	010010111101000
010010111101001	010010111101001
010010111101010	010010111101010
010010111101011	010010111101011
010011000000101	001010010100001
010011000000110	000010101000110
010011000000111	001010010100011
010011000001001	000010010101001
010011000001010	000000010101011
010011000001011	000010010101011
010011000001100	000010101001100
010011000001101	001010010101001
010011000001110	000010101001110
010011000001111	001010010101011
010011000010101	001010011100001
010011000010110	000010111000110
010011000010111	001010011100011
010011000011001	000010011101001
010011000011010	000000011101011
010011000011011	000010011101011
010011000011100	000010111001100
010011000011101	001010011101001
010011000011110	000010111001110
010011000011111	001010011101011
010011000100001	010010010100001
010011000100010	010000010100011
010011000100011	010010010100011
010011000100101	010011000100101
010011000100110	010011000100110
010011000100111	010011000100111
010011000101000	010000010101001
010011000101001	010010010101001
010011000101010	010000010101011
010011000101011	010010010101011
010011000101100	010011000101100
010011000101101	010011000101101
010011000101110	010011000101110
010011000101111	010011000101111
010011000110001	010010011100001
010011000110010	010000011100011
010011000110011	010010011100011
010011000110101	010011000110101
010011000110110	010011000110110
010011000110111	010011000110111
010011000111000	010000011101001
010011000111001	010010011101001
010011000111010	010000011101011
010011000111011	010010011101011
010011000111100	010011000111100
010011000111101	010011000111101
010011000111110	010011000111110
010011000111111	010011000111111
010011001000001	000010010110001
010011001000010	000000010110011
010011001000011	000010010110011
010011001001001	000010010111001
010011001001010	000000010111011
010011001001011	000010010111011
010011001100000	010000010110001
010011001100001	010010010110001
010011001100010	010000010110011
010011001100011	010010010110011
010011001101000	010000010111001
010011001101001	010010010111001
010011001101010	010000010111011
010011001101011	010010010111011
010011010000001	000010101010001
010011010000010	000000101010011
010011010000011	000010101010011
010011010001001	000010101011001
010011010001010	000000101011011
010011010001011	000010101011011
010011010100000	010001010100001
010011010100001	010011010100001
010011010100010	010001010100011
010011010100011	010011010100011
010011010101000	010001010101001
010011010101001	010011010101001
010011010101010	010001010101011
010011010101011	010011010101011
010011011000001	000010111010001
010011011000010	000000111010011
010011011000011	000010111010011
010011011001001	000010111011001
010011011001010	000000111011011
010011011001011	000010111011011
010011011100000	010001010110001
010011011100001	010011010110001
010011011100010	010001010110011
010011011100011	010011010110011
010011011101000	010001010111001
010011011101001	010011010111001
010011011101010	010001010111011
010011011101011	010011010111011
010011100000100	010010101000100
010011100000101	010011100000101
010011100000110	010010101000110
010011100000111	010011100000111
010011100001000	010000100011001
010011100001001	010010100011001
010011100001010	010000100011011
010011100001011	010010100011011
010011100001100	010010101001100
010011100001101	010011100001101
010011100001110	010010101001110
010011100001111	010011100001111
010011100010100	010010111000100
010011100010101	010011100010101
010011100010110	010010111000110
010011100010111	010011100010111
010011100011000	010000111001100
010011100011001	010011100011001
010011100011010	010000111001110
010011100011011	010011100011011
010011100011100	010010111001100
010011100011101	010011100011101
010011100011110	010010111001110
010011100011111	010011100011111
010011100100000	010011100100000
010011100100001	010011100100001
010011100100010	010011100100010
010011100100011	010011100100011
010011100100100	010011100100100
010011100100101	010011100100101
010011100100110	010011100100110
010011100100111	010011100100111
010011100101000	010011100101000
010011100101001	010011100101001
010011100101010	010011100101010
010011100101011	010011100101011
010011100101100	010011100101100
010011100101101	010011100101101
010011100101110	010011100101110
010011100101111	010011100101111
010011100110000	010011100110000
010011100110001	010011100110001
010011100110010	010011100110010
010011100110011	010011100110011
010011100110100	010011100110100
010011100110101	010011100110101
010011100110110	010011100110110
010011100110111	010011100110111
010011100111000	010011100111000
010011100111001	010011100111001
010011100111010	010011100111010
010011100111011	010011100111011
010011100111100	010011100111100
010011100111101	010011100111101
010011100111110	010011100111110
010011100111111	010011100111111
010011101000000	010000110010001
010011101000001	010010110010001
010011101000010	010000110010011
010011101000011	010010110010011
010011101001000	010000110011001
010011101001001	010010110011001
010011101001010	010000110011011
010011101001011	010010110011011
010011101100000	010011101100000
010011101100001	010011101100001
010011101100010	010011101100010
010011101100011	010011101100011
010011101101000	010011101101000
010011101101001	010011101101001
010011101101010	010011101101010
010011101101011	010011101101011
010011110000000	010000101010001
010011110000001	010010101010001
010011110000010	010000101010011
010011110000011	010010101010011
010011110001000	010000101011001
010011110001001	010010101011001
010011110001010	010000101011011
010011110001011	010010101011011
010011110100000	010011110100000
010011110100001	010011110100001
010011110100010	010011110100010
010011110100011	010011110100011
010011110101000	010011110101000
010011110101001	010011110101001
010011110101010	010011110101010
010011110101011	010011110101011
010011111000000	010000111010001
010011111000001	010010111010001
010011111000010	010000111010011
010011111000011	010010111010011
010011111001000	010000111011001
010011111001001	010010111011001
010011111001010	010000111011011
010011111001011	010010111011011
010011111100000	010011111100000
010011111100001	010011111100001
010011111100010	010011111100010
010011111100011	010011111100011
010011111101000	010011111101000
010011111101001	010011111101001
010011111101010	010011111101010
010011111101011	010011111101011
010100010001001	000110101001000
010100010001100	000110010101000
010100010011000	000100010111000
010100010011100	000110010111000
010100010101001	010100010101001
010100010101100	010100010101100
010100010111000	010100010111000
010100010111100	010100010111100
010100011000100	000110011100000
010100011001000	000100011101000
010100011001001	000110111001000
010100011001100	000110011101000
010100011010000	000100011110000
010100011010100	000110011110000
010100011011000	000100011111000
010100011011100	000110011111000
010100011100100	010100011100100
010100011101000	010100011101000
010100011101001	010100011101001
010100011101100	010100011101100
010100011110000	010100011110000
010100011110100	010100011110100
010100011111000	010100011111000
010100011111100	010100011111100
010100100001001	010100100001001
010100100001100	010100100001001
010100100011000	010100100011000
010100100011100	010100100011100
010100100101001	010100100101001
010100100101100	010100100101001
010100100111000	010100100111000
010100100111100	010100100111100
010100101000100	010100100010001
010100101001000	010100100011000
010100101001001	010100100011100
010100101001100	010100100011001
010100101010000	010100101010000
010100101010100	010100101010001
010100101011000	010100101011000
010100101011100	010100101011001
010100101100100	010100100110001
010100101101000	010100100111000
010100101101001	010100100111100
010100101101100	010100100111001
010100101110000	010100101110000
010100101110100	010100101110001
010100101111000	010100101111000
010100101111100	010100101111001
010100110000001	010100110000001
010100110001000	010100100011000
010100110001001	010100110001001
010100110001100	010100110001100
010100110011000	010100110011000
010100110011100	010100110011100
010100110100001	010100110100001
010100110101000	010100110101000
010100110101001	010100110101001
010100110101100	010100110101100
010100110111000	010100110111000
010100110111100	010100110111100
010100111000000	010100111000000
010100111000001	010100111000001
010100111000100	010100111000100
010100111001000	010100111001000
010100111001001	010100111001001
010100111001100	010100111001100
010100111010000	010100111010000
010100111010100	010100111010100
010100111011000	010100111011000
010100111011100	010100111011100
010100111100000	010100111100000
010100111100001	010100111100001
010100111100100	010100111100100
010100111101000	010100111101000
010100111101001	010100111101001
010100111101100	010100111101100
010100111110000	010100111110000
010100111110100	010100111110100
010100111111000	010100111111000
010100111111100	010100111111100
010101000001001	000110010101000
010101000001100	000110101001000
010101000011000	000100011101000
010101000011100	000110111001000
010101000101001	010100010101100
010101000101100	010100010101001
010101000111000	010100011101000
010101000111100	010100011101001
010101001000100	000111001100000
010101001001000	000100010111000
010101001001001	000110010111000
010101001001100	000111001101000
010101001010000	000100011110000
010101001010100	000111001110000
010101001011000	000100011111000
010101001011100	000111001111000
010101001100100	010100010110001
010101001101000	010100010111000
010101001101001	010100010111100
010101001101100	010100010111001
010101001110000	010100011110000
010101001110100	010100011110001
010101001111000	010100011111000
010101001111100	010100011111001
010101010000001	000110101010000
010101010000100	000110101010000
010101010001001	000110101011000
010101010001100	000110101011000
010101010010000	000100111010000
010101010010100	000110111010000
010101010011000	000100111011000
010101010011100	000110111011000
010101010100001	010101010100001
010101010100100	010101010100001
010101010101001	010101010101001
010101010101100	010101010101001
010101010110000	010101010110000
010101010110100	010101010110100
010101010111000	010101010111000
010101010111100	010101010111100
010101011000000	000100111010000
010101011000001	000110111010000
010101011000100	000111011100000
010101011001000	000100111011000
010101011001001	000110111011000
010101011001100	000111011101000
010101011010000	000101011110000
010101011010100	000111011110000
010101011011000	000101011111000
010101011011100	000111011111000
010101011100000	010101010110000
010101011100001	010101010110100
010101011100100	010101010110001
010101011101000	010101010111000
010101011101001	010101010111100
010101011101100	010101010111001
010101011110000	010101011110000
010101011110100	010101011110001
010101011111000	010101011111000
010101011111100	010101011111001
010101100000100	010100110000001
010101100001000	010100100011000
010101100001001	010100110001100
010101100001100	010100110001001
010101100010000	010100111000000
010101100010100	010100111000001
010101100011000	010100111001000
010101100011100	010100111001001
010101100100100	010100110100001
010101100101000	010100110101000
010101100101001	010100110101100
010101100101100	010100110101001
010101100110000	010100111100000
010101100110100	010100111100001
010101100111000	010100111101000
010101100111100	010100111101001
010101101000100	010100110010001
010101101001000	010100110011000
010101101001001	010100110011100
010101101001100	010100110011001
010101101010000	010100111010000
010101101010100	010100111010001
010101101011000	010100111011000
010101101011100	010100111011001
010101101100100	010100110110001
010101101101000	010100110111000
010101101101001	010100110111100
010101101101100	010100110111001
010101101110000	010100111110000
010101101110100	010100111110001
010101101111000	010100111111000
010101101111100	010100111111001
010101110000000	010100101010000
010101110000001	010101110000001
010101110000100	010101110000001
010101110001000	010100101011000
010101110001001	010101110001001
010101110001100	010101110001001
010101110010000	010100111010000
010101110010100	010101110010100
010101110011000	010100111011000
010101110011100	010101110011100
010101110100000	010101110100000
010101110100001	010101110100001
010101110100100	010101110100001
010101110101000	010101110101000
010101110101001	010101110101001
010101110101100	010101110101001
010101110110000	010101110110000
010101110110100	010101110110100
010101110111000	010101110111000
010101110111100	010101110111100
010101111000000	010100111010000
010101111000001	010101110010100
010101111000100	010101110010001
010101111001000	010100111011000
010101111001001	010101110011100
010101111001100	010101110011001
010101111010000	010101111010000
010101111010100	010101111010001
010101111011000	010101111011000
010101111011100	010101111011001
010101111100000	010101110110000
010101111100001	010101110110100
010101111100100	010101110110001
010101111101000	010101110111000
010101111101001	010101110111100
010101111101100	010101110111001
010101111110000	010101111110000
010101111110100	010101111110001
010101111111000	010101111111000
010101111111100	010101111111001
010110010000001	000110101000001
010110010001000	000100010101100
010110010001001	000110101001001
010110010100001	010110010100001
010110010101000	010100010101100
010110010101001	010110010101001
010110011000000	000100011100100
010110011000001	000110111000001
010110011001000	000100011101100
010110011001001	000110111001001
010110011100000	010100011100100
010110011100001	010110011100001
010110011101000	010100011101100
010110011101001	010110011101001
010110100000001	010110100000001
010110100001000	010100100001001
010110100001001	010110100001001
010110100100001	010110100100001
010110100101000	010110100101000
010110100101001	010110100101001
010110101000000	010100110000001
010110101000001	010110101000001
010110101001000	010100110001001
010110101001001	010110101001001
010110101100000	010110101100000
010110101100001	010110101100001
010110101101000	010110101101000
010110101101001	010110101101001
010110110000001	010110101000001
010110110001000	010100100011100
010110110001001	010110101001001
010110110100001	010110110100001
010110110101000	010110110101000
010110110101001	010110110101001
010110111000000	010100111000001
010110111000001	010110111000001
010110111001000	010100111001001
010110111001001	010110111001001
010110111100000	010110111100000
010110111100001	010110111100001
010110111101000	010110111101000
010110111101001	010110111101001
010111000000001	000110010100001
010111000001000	000100010101001
010111000001001	000110010101001
010111000100001	010110010100001
010111000101000	010100010101001
010111000101001	010110010101001
010111001000000	000100010110001
010111001000001	000110010110001
010111001001000	000100010111001
010111001001001	000110010111001
010111001100000	010100010110001
010111001100001	010110010110001
010111001101000	010100010111001
010111001101001	010110010111001
010111010000000	000100101010001
010111010000001	000110101010001
010111010001000	000100101011001
010111010001001	000110101011001
010111010100000	010101010100001
010111010100001	010111010100001
010111010101000	010101010101001
010111010101001	010111010101001
010111011000000	000100111010001
010111011000001	000110111010001
010111011001000	000100111011001
010111011001001	000110111011001
010111011100000	010101010110001
010111011100001	010111010110001
010111011101000	010101010111001
010111011101001	010111010111001
010111100000000	010100100010001
010111100000001	010110100010001
010111100001000	010100100011001
010111100001001	010110100011001
010111100100000	010111100100000
010111100100001	010111100100001
010111100101000	010111100101000
010111100101001	010111100101001
010111101000000	010100110010001
010111101000001	010110110010001
010111101001000	010100110011001
010111101001001	010110110011001
010111101100000	010111101100000
010111101100001	010111101100001
010111101101000	010111101101000
010111101101001	010111101101001
010111110000000	010100101010001
010111110000001	010110101010001
010111110001000	010100101011001
010111110001001	010110101011001
010111110100000	010111110100000
010111110100001	010111110100001
010111110101000	010111110101000
010111110101001	010111110101001
010111111000000	010100111010001
010111111000001	010110111010001
010111111001000	010100111011001
010111111001001	010110111011001
010111111100000	010111111100000
010111111100001	010111111100001
010111111101000	010111111101000
010111111101001	010111111101001
011000000000111	001010000100011
011000000001011	000010000101110
011000000001110	000010000101011
011000000001111	001010000101011
011000000010011	000010001100110
011000000010110	000010000110011
011000000010111	001010000110011
011000000011011	000010001101110
011000000011110	000010000111011
011000000011111	001010000111011
011000000100110	010010000100011
011000000100111	010010000100111
011000000101010	010000000101011
011000000101011	010010000101110
011000000101110	010010000101011
011000000101111	010010000101111
011000000110010	010000000110011
011000000110011	010010001100110
011000000110110	010010000110011
011000000110111	010010001100111
011000000111010	010000000111011
011000000111011	010010001101110
011000000111110	010010000111011
011000000111111	010010001101111
011000001001011	000010000111110
011000001101010	010000000111110
011000001101011	010010000111110
011000010000011	000010101000110
011000010001001	000010101001100
011000010001010	000000010101011
011000010001011	000010101001110
011000010001100	000010010101001
011000010010100	000010010110001
011000010011100	000010010111001
011000010100010	010000010100011
011000010100011	010011000100110
011000010100100	010010010100001
011000010101000	010000010101001
011000010101001	010011000101100
011000010101010	010000010101011
011000010101011	010011000101110
011000010101100	010010010101001
011000010110000	010000010110001
011000010110100	010010010110001
011000010111000	010000010111001
011000010111100	010010010111001
011000011000011	000010111000110
011000011001001	000010111001100
011000011001010	000000011101011
011000011001011	000010111001110
011000011001100	000010011101001
011000011010100	000010011110001
011000011011100	000010011111001
011000011100010	010000011100011
011000011100011	010011000110110
011000011100100	010010011100001
011000011101000	010000011101001
011000011101001	010011000111100
011000011101010	010000011101011
011000011101011	010011000111110
011000011101100	010010011101001
011000011110000	010000011110001
011000011110100	010010011110001
011000011111000	010000011111001
011000011111100	010010011111001
011000100000101	010010100000101
011000100000111	010010100000111
011000100001001	010010100001100
011000100001011	010010100001110
011000100001100	010010100001001
011000100001101	010010100001101
011000100001110	010010100001011
011000100001111	010010100001111
011000100010001	010010101000100
011000100010011	010010101000110
011000100010100	010010101000001
011000100010101	010010101000101
011000100010110	010010101000011
011000100010111	010010101000111
011000100011001	010010101001100
011000100011011	010010101001110
011000100011100	010010101001001
011000100011101	010010101001101
011000100011110	010010101001011
011000100011111	010010101001111
011000100100100	010010100100001
011000100100101	010010100100101
011000100100110	010010100100011
011000100100111	010010100100111
011000100101000	010010100101000
011000100101001	010010100101100
011000100101010	010010100101010
011000100101011	010010100101110
011000100101100	010010100101001
011000100101101	010010100101101
011000100101110	010010100101011
011000100101111	010010100101111
011000100110000	010010101100000
011000100110001	010010101100100
011000100110010	010010101100010
011000100110011	010010101100110
011000100110100	010010101100001
011000100110101	010010101100101
011000100110110	010010101100011
011000100110111	010010101100111
011000100111000	010010101101000
011000100111001	010010101101100
011000100111010	010010101101010
011000100111011	010010101101110
011000100111100	010010101101001
011000100111101	010010101101101
011000100111110	010010101101011
011000100111111	010010101101111
011000101001001	010010100011100
011000101001011	010010100011110
011000101001100	010010100011001
011000101010100	010010101010001
011000101011100	010010101011001
011000101100100	010010100110001
011000101101000	010010100111000
011000101101001	010010100111100
011000101101010	010010100111010
011000101101011	010010100111110
011000101101100	010010100111001
011000101110000	010010101110000
011000101110100	010010101110001
011000101111000	010010101111000
011000101111100	010010101111001
011000110000001	010010101000100
011000110000011	010010101000110
011000110001000	010000100011001
011000110001001	010010101001100
011000110001010	010000100011011
011000110001011	010010101001110
011000110001100	010010100011001
011000110010000	010000110010001
011000110010100	010010110010001
011000110011000	010000110011001
011000110011100	010010110011001
011000110100000	010011100100000
011000110100001	010011100100100
011000110100010	010011100100010
011000110100011	010011100100110
011000110100100	010011100100001
011000110101000	010011100101000
011000110101001	010011100101100
011000110101010	010011100101010
011000110101011	010011100101110
011000110101100	010011100101001
011000110110000	010011101100000
011000110110100	010011101100001
011000110111000	010011101101000
011000110111100	010011101101001
011000111000001	010010111000100
011000111000011	010010111000110
011000111001000	010000111001100
011000111001001	010010111001100
011000111001010	010000111001110
011000111001011	010010111001110
011000111001100	010011100011001
011000111010000	010001110010001
011000111010100	010011101010001
011000111011000	010001110011001
011000111011100	010011101011001
011000111100000	010011100110000
011000111100001	010011100110100
011000111100010	010011100110010
011000111100011	010011100110110
011000111100100	010011100110001
011000111101000	010011100111000
011000111101001	010011100111100
011000111101010	010011100111010
011000111101011	010011100111110
011000111101100	010011100111001
011000111110000	010011101110000
011000111110100	010011101110001
011000111111000	010011101111000
011000111111100	010011101111001
011001000000101	001010010100100
011001000000110	000010101000011
011001000000111	001010010100110
011001000001001	000010010101100
011001000001010	000000010101110
011001000001011	000010010101110
011001000001100	000010101001001
011001000001101	001010010101100
011001000001110	000010101001011
011001000001111	001010010101110
011001000010001	000010011100100
011001000010010	000000011100110
011001000010011	000010011100110
011001000010100	000010111000001
011001000010101	001010011100100
011001000010110	000010111000011
011001000010111	001010011100110
011001000011001	000010011101100
011001000011010	000000011101110
011001000011011	000010011101110
011001000011100	000010111001001
011001000011101	001010011101100
011001000011110	000010111001011
011001000011111	001010011101110
011001000100100	010010010100001
011001000100101	010010010100101
011001000100110	010010010100011
011001000100111	010010010100111
011001000101000	010000010101100
011001000101001	010010010101100
011001000101010	010000010101110
011001000101011	010010010101110
011001000101100	010010010101001
011001000101101	010010010101101
011001000101110	010010010101011
011001000101111	010010010101111
011001000110000	010000011100100
011001000110001	010010011100100
011001000110010	010000011100110
011001000110011	010010011100110
011001000110100	010010011100001
011001000110101	010010011100101
011001000110110	010010011100011
011001000110111	010010011100111
011001000111000	010000011101100
011001000111001	010010011101100
011001000111010	010000011101110
011001000111011	010010011101110
011001000111100	010010011101001
011001000111101	010010011101101
011001000111110	010010011101011
011001000111111	010010011101111
011001001001001	000010010111100
011001001001010	000000010111110
011001001001011	000010010111110
011001001001100	000011001101001
011001001010100	000011001110001
011001001011100	000011001111001
011001001100100	010010010110001
011001001101000	010000010111100
011001001101001	010010010111100
011001001101010	010000010111110
011001001101011	010010010111110
011001001101100	010010010111001
011001001110000	010000011110100
011001001110100	010010011110001
011001001111000	010000011111100
011001001111100	010010011111001
011001010000001	000010101010100
011001010000010	000000101010011
011001010000011	000010101010110
011001010000100	000010101010001
011001010001001	000010101011100
011001010001010	000000101011011
011001010001011	000010101011110
011001010001100	000010101011001
011001010010100	000010111010001
011001010011100	000010111011001
011001010100000	010001010100001
011001010100001	010011010100100
011001010100010	010001010100011
011001010100011	010011010100110
011001010100100	010011010100001
011001010101000	010001010101001
011001010101001	010011010101100
011001010101010	010001010101011
011001010101011	010011010101110
011001010101100	010011010101001
011001010110000	010001010110001
011001010110100	010011010110001
011001010111000	010001010111001
011001010111100	010011010111001
011001011000001	000010111010100
011001011000010	000000111010110
011001011000011	000010111010110
011001011000100	000011011100001
011001011001001	000010111011100
011001011001010	000000111011110
011001011001011	000010111011110
011001011001100	000011011101001
011001011010100	000011011110001
011001011011100	000011011111001
011001011100000	010001010110100
011001011100001	010011010110100
011001011100010	010001010110110
011001011100011	010011010110110
011001011100100	010011010110001
011001011101000	010001010111100
011001011101001	010011010111100
011001011101010	010001010111110
011001011101011	010011010111110
011001011101100	010011010111001
011001011110000	010001011110001
011001011110100	010011011110001
011001011111000	010001011111001
011001011111100	010011011111001
011001100000100	010010101000001
011001100000101	010010110000101
011001100000110	010010101000011
011001100000111	010010110000111
011001100001000	010000100011100
011001100001001	010010100011100
011001100001010	010000100011110
011001100001011	010010100011110
011001100001100	010010101001001
011001100001101	010010110001101
011001100001110	010010101001011
011001100001111	010010110001111
011001100010000	010000111000001
011001100010001	010010111000100
011001100010010	010000111000011
011001100010011	010010111000110
011001100010100	010010111000001
011001100010101	010010111000101
011001100010110	010010111000011
011001100010111	010010111000111
011001100011000	010000111001001
011001100011001	010010111001100
011001100011010	010000111001011
011001100011011	010010111001110
011001100011100	010010111001001
011001100011101	010010111001101
011001100011110	010010111001011
011001100011111	010010111001111
011001100100100	010010110100001
011001100100101	010010110100101
011001100100110	010010110100011
011001100100111	010010110100111
011001100101000	010010110101000
011001100101001	010010110101100
011001100101010	010010110101010
011001100101011	010010110101110
011001100101100	010010110101001
011001100101101	010010110101101
011001100101110	010010110101011
011001100101111	010010110101111
011001100110000	010010111100000
011001100110001	010010111100100
011001100110010	010010111100010
011001100110011	010010111100110
011001100110100	010010111100001
011001100110101	010010111100101
011001100110110	010010111100011
011001100110111	010010111100111
011001100111000	010010111101000
011001100111001	010010111101100
011001100111010	010010111101010
011001100111011	010010111101110
011001100111100	010010111101001
011001100111101	010010111101101
011001100111110	010010111101011
011001100111111	010010111101111
011001101000100	010010110010001
011001101001000	010000110011100
011001101001001	010010110011100
011001101001010	010000110011110
011001101001011	010010110011110
011001101001100	010010110011001
011001101010000	010001110010100
011001101010100	010010111010001
011001101011000	010001110011100
011001101011100	010010111011001
011001101100100	010010110110001
011001101101000	010010110111000
011001101101001	010010110111100
011001101101010	010010110111010
011001101101011	010010110111110
011001101101100	010010110111001
011001101110000	010010111110000
011001101110100	010010111110001
011001101111000	010010111111000
011001101111100	010010111111001
011001110000000	010000101010001
011001110000001	010010101010100
011001110000010	010000101010011
011001110000011	010010101010110
011001110000100	010010101010001
011001110001000	010000101011001
011001110001001	010010101011100
011001110001010	010000101011011
011001110001011	010010101011110
011001110001100	010010101011001
011001110010000	010000111010001
011001110010100	010010111010001
011001110011000	010000111011001
011001110011100	010010111011001
011001110100000	010011110100000
011001110100001	010011110100100
011001110100010	010011110100010
011001110100011	010011110100110
011001110100100	010011110100001
011001110101000	010011110101000
011001110101001	010011110101100
011001110101010	010011110101010
011001110101011	010011110101110
011001110101100	010011110101001
011001110110000	010011111100000
011001110110100	010011111100001
011001110111000	010011111101000
011001110111100	010011111101001
011001111000000	010000111010100
011001111000001	010010111010100
011001111000010	010000111010110
011001111000011	010010111010110
011001111000100	010011101010001
011001111001000	010000111011100
011001111001001	010010111011100
011001111001010	010000111011110
011001111001011	010010111011110
011001111001100	010011101011001
011001111010000	010001111010001
011001111010100	010011111010001
011001111011000	010001111011001
011001111011100	010011111011001
011001111100000	010011110110000
011001111100001	010011110110100
011001111100010	010011110110010
011001111100011	010011110110110
011001111100100	010011110110001
011001111101000	010011110111000
011001111101001	010011110111100
011001111101010	010011110111010
011001111101011	010011110111110
011001111101100	010011110111001
011001111110000	010011111110000
011001111110100	010011111110001
011001111111000	010011111111000
011001111111100	010011111111001
011010000000011	000010000100111
011010000000110	000010000100111
011010000000111	001010000100111
011010000001011	000010000101111
011010000001110	000010000101111
011010000001111	001010000101111
011010000010011	000010001100111
011010000010110	000010000110111
011010000010111	001010000110111
011010000011011	000010001101111
011010000011110	000010000111111
011010000011111	001010000111111
011010000100010	010000000100111
011010000100011	010010000100111
011010000100110	010010000100111
011010000100111	011010000100111
011010000101010	010000000101111
011010000101011	010010000101111
011010000101110	010010000101111
011010000101111	011010000101111
011010000110010	010000000110111
011010000110011	010010001100111
011010000110110	010010000110111
011010000110111	011010000110111
011010000111010	010000000111111
011010000111011	010010001101111
011010000111110	010010000111111
011010000111111	011010000111111
011010001000011	000010000110111
011010001001011	000010000111111
011010001100010	010000000110111
011010001100011	010010000110111
011010001101010	010000000111111
011010001101011	010010000111111
011010010000001	000010101000101
011010010000010	000000010100111
011010010000011	000010101000111
011010010001001	000010101001101
011010010001010	000000010101111
011010010001011	000010101001111
011010010100000	010000010100101
011010010100001	010011000100101
011010010100010	010000010100111
011010010100011	010011000100111
011010010101000	010000010101101
011010010101001	010011000101101
011010010101010	010000010101111
011010010101011	010011000101111
011010011000001	000010111000101
011010011000010	000000011100111
011010011000011	000010111000111
011010011001001	000010111001101
011010011001010	000000011101111
011010011001011	000010111001111
011010011100000	010000011100101
011010011100001	010011000110101
011010011100010	010000011100111
011010011100011	010011000110111
011010011101000	010000011101101
011010011101001	010011000111101
011010011101010	010000011101111
011010011101011	010011000111111
011010100000001	010010100000101
011010100000011	010010100000111
011010100000100	010010100000101
011010100000101	011010100000101
011010100000110	010010100000111
011010100000111	011010100000111
011010100001001	010010100001101
011010100001011	010010100001111
011010100001100	010010100001101
011010100001101	011010100001101
011010100001110	010010100001111
011010100001111	011010100001111
011010100010001	010011100000101
011010100010011	010011100000111
011010100010100	010010110000101
011010100010101	011010100010101
011010100010110	010010110000111
011010100010111	011010100010111
011010100011001	010011100001101
011010100011011	010011100001111
011010100011100	010010110001101
011010100011101	011010100011101
011010100011110	010010110001111
011010100011111	011010100011111
011010100100000	011010100100000
011010100100001	011010100100001
011010100100010	011010100100010
011010100100011	011010100100011
011010100100100	011010100100001
011010100100101	011010100100101
011010100100110	011010100100011
011010100100111	011010100100111
011010100101000	011010100101000
011010100101001	011010100101001
011010100101010	011010100101010
011010100101011	011010100101011
011010100101100	011010100101001
011010100101101	011010100101101
011010100101110	011010100101011
011010100101111	011010100101111
011010100110000	011010100110000
011010100110001	011010100110001
011010100110010	011010100110010
011010100110011	011010100110011
011010100110100	011010100110100
011010100110101	011010100110101
011010100110110	011010100110110
011010100110111	011010100110111
011010100111000	011010100111000
011010100111001	011010100111001
011010100111010	011010100111010
011010100111011	011010100111011
011010100111100	011010100111100
011010100111101	011010100111101
011010100111110	011010100111110
011010100111111	011010100111111
011010101000001	010010110000101
011010101000011	010010110000111
011010101001001	010010110001101
011010101001011	010010110001111
011010101100000	011010100110000
011010101100001	011010100110100
011010101100010	011010100110010
011010101100011	011010100110110
011010101101000	011010100111000
011010101101001	011010100111100
011010101101010	011010100111010
011010101101011	011010100111110
011010110000000	010000100010101
011010110000001	010010101000101
011010110000010	010000100010111
011010110000011	010010101000111
011010110001000	010000100011101
011010110001001	010010101001101
011010110001010	010000100011111
011010110001011	010010101001111
011010110100000	011010110100000
011010110100001	011010110100001
011010110100010	011010110100010
011010110100011	011010110100011
011010110101000	011010110101000
011010110101001	011010110101001
011010110101010	011010110101010
011010110101011	011010110101011
011010111000000	010000111000101
011010111000001	010010111000101
011010111000010	010000111000111
011010111000011	010010111000111
011010111001000	010000111001101
011010111001001	010010111001101
011010111001010	010000111001111
011010111001011	010010111001111
011010111100000	011010111100000
011010111100001	011010111100001
011010111100010	011010111100010
011010111100011	011010111100011
011010111101000	011010111101000
011010111101001	011010111101001
011010111101010	011010111101010
011010111101011	011010111101011
011011000000001	000010010100101
011011000000010	000000010100111
011011000000011	000010010100111
011011000000100	000010101000101
011011000000101	001010010100101
011011000000110	000010101000111
011011000000111	001010010100111
011011000001001	000010010101101
011011000001010	000000010101111
011011000001011	000010010101111
011011000001100	000010101001101
011011000001101	001010010101101
011011000001110	000010101001111
011011000001111	001010010101111
011011000010001	000010011100101
011011000010010	000000011100111
011011000010011	000010011100111
011011000010100	000010111000101
011011000010101	001010011100101
011011000010110	000010111000111
011011000010111	001010011100111
011011000011001	000010011101101
011011000011010	000000011101111
011011000011011	000010011101111
011011000011100	000010111001101
011011000011101	001010011101101
011011000011110	000010111001111
011011000011111	001010011101111
011011000100000	010000010100101
011011000100001	010010010100101
011011000100010	010000010100111
011011000100011	010010010100111
011011000100100	010011000100101
011011000100101	011010010100101
011011000100110	010011000100111
011011000100111	011010010100111
011011000101000	010000010101101
011011000101001	010010010101101
011011000101010	010000010101111
011011000101011	010010010101111
011011000101100	010011000101101
011011000101101	011010010101101
011011000101110	010011000101111
011011000101111	011010010101111
011011000110000	010000011100101
011011000110001	010010011100101
011011000110010	010000011100111
011011000110011	010010011100111
011011000110100	010011000110101
011011000110101	011010011100101
011011000110110	010011000110111
011011000110111	011010011100111
011011000111000	010000011101101
011011000111001	010010011101101
011011000111010	010000011101111
011011000111011	010010011101111
011011000111100	010011000111101
011011000111101	011010011101101
011011000111110	010011000111111
011011000111111	011010011101111
011011001000001	000010010110101
011011001000010	000000010110111
011011001000011	000010010110111
011011001001001	000010010111101
011011001001010	000000010111111
011011001001011	000010010111111
011011001100000	010000010110101
011011001100001	010010010110101
011011001100010	010000010110111
011011001100011	010010010110111
011011001101000	010000010111101
011011001101001	010010010111101
011011001101010	010000010111111
011011001101011	010010010111111
011011010000001	000010101010101
011011010000010	000000101010111
011011010000011	000010101010111
011011010001001	000010101011101
011011010001010	000000101011111
011011010001011	000010101011111
011011010100000	010001010100101
011011010100001	010011010100101
011011010100010	010001010100111
011011010100011	010011010100111
011011010101000	010001010101101
011011010101001	010011010101101
011011010101010	010001010101111
011011010101011	010011010101111
011011011000001	000010111010101
011011011000010	000000111010111
011011011000011	000010111010111
011011011001001	000010111011101
011011011001010	000000111011111
011011011001011	000010111011111
011011011100000	010001010110101
011011011100001	010011010110101
011011011100010	010001010110111
011011011100011	010011010110111
011011011101000	010001010111101
011011011101001	010011010111101
011011011101010	010001010111111
011011011101011	010011010111111
011011100000000	010000100010101
011011100000001	010010100010101
011011100000010	010000100010111
011011100000011	010010100010111
011011100000100	010010101000101
011011100000101	011010100010101
011011100000110	010010101000111
011011100000111	011010100010111
011011100001000	010000100011101
011011100001001	010010100011101
011011100001010	010000100011111
011011100001011	010010100011111
011011100001100	010010101001101
011011100001101	011010100011101
011011100001110	010010101001111
011011100001111	011010100011111
011011100010000	010000111000101
011011100010001	010011100010101
011011100010010	010000111000111
011011100010011	010011100010111
011011100010100	010010111000101
011011100010101	011010111000101
011011100010110	010010111000111
011011100010111	011010111000111
011011100011000	010000111001101
011011100011001	010011100011101
011011100011010	010000111001111
011011100011011	010011100011111
011011100011100	010010111001101
011011100011101	011010111001101
011011100011110	010010111001111
011011100011111	011010111001111
011011100100000	011010110100000
011011100100001	011010110100100
011011100100010	011010110100010
011011100100011	011010110100110
011011100100100	011010110100001
011011100100101	011010110100101
011011100100110	011010110100011
011011100100111	011010110100111
011011100101000	011010110101000
011011100101001	011010110101100
011011100101010	011010110101010
011011100101011	011010110101110
011011100101100	011010110101001
011011100101101	011010110101101
011011100101110	011010110101011
011011100101111	011010110101111
011011100110000	011010111100000
011011100110001	011010111100100
011011100110010	011010111100010
011011100110011	011010111100110
011011100110100	011010111100001
011011100110101	011010111100101
011011100110110	011010111100011
011011100110111	011010111100111
011011100111000	011010111101000
011011100111001	011010111101100
011011100111010	011010111101010
011011100111011	011010111101110
011011100111100	011010111101001
011011100111101	011010111101101
011011100111110	011010111101011
011011100111111	011010111101111
011011101000000	010000110010101
011011101000001	010010110010101
011011101000010	010000110010111
011011101000011	010010110010111
011011101001000	010000110011101
011011101001001	010010110011101
011011101001010	010000110011111
011011101001011	010010110011111
011011101100000	011010110110000
011011101100001	011010110110100
011011101100010	011010110110010
011011101100011	011010110110110
011011101101000	011010110111000
011011101101001	011010110111100
011011101101010	011010110111010
011011101101011	011010110111110
011011110000000	010000101010101
011011110000001	010010101010101
011011110000010	010000101010111
011011110000011	010010101010111
011011110001000	010000101011101
011011110001001	010010101011101
011011110001010	010000101011111
011011110001011	010010101011111
011011110100000	011011110100000
011011110100001	011011110100001
011011110100010	011011110100010
011011110100011	011011110100011
011011110101000	011011110101000
011011110101001	011011110101001
011011110101010	011011110101010
011011110101011	011011110101011
011011111000000	010000111010101
011011111000001	010010111010101
011011111000010	010000111010111
011011111000011	010010111010111
011011111001000	010000111011101
011011111001001	010010111011101
011011111001010	010000111011111
011011111001011	010010111011111
011011111100000	011011110110000
011011111100001	011011110110100
011011111100010	011011110110010
011011111100011	011011110110110
011011111101000	011011110111000
011011111101001	011011110111100
011011111101010	011011110111010
011011111101011	011011110111110
011100010000100	000110010100001
011100010001000	000100010101001
011100010001001	000110101001100
011100010001100	000110010101001
011100010010000	000100010110001
011100010010100	000110010110001
011100010011000	000100010111001
011100010011100	000110010111001
011100010100100	010110010100001
011100010101000	010100010101001
011100010101001	010111000101100
011100010101100	010110010101001
011100010110000	010100010110001
011100010110100	010110010110001
011100010111000	010100010111001
011100010111100	010110010111001
011100011000100	000110011100001
011100011001000	000100011101001
011100011001001	000110111001100
011100011001100	000110011101001
011100011010000	000100011110001
011100011010100	000110011110001
011100011011000	000100011111001
011100011011100	000110011111001
011100011100100	010110011100001
011100011101000	010100011101001
011100011101001	010111000111100
011100011101100	010110011101001
011100011110000	010100011110001
011100011110100	010110011110001
011100011111000	010100011111001
011100011111100	010110011111001
011100100000100	010110100000001
011100100001000	010100100001001
011100100001001	010110100001100
011100100001100	010110100001001
011100100010000	010100110000001
011100100010100	010110101000001
011100100011000	010100110001001
011100100011100	010110101001001
011100100100100	010110100100001
011100100101000	010110100101000
011100100101001	010110100101100
011100100101100	010110100101001
011100100110000	010110101100000
011100100110100	010110101100001
011100100111000	010110101101000
011100100111100	010110101101001
011100101000100	010110100010001
011100101001000	010100110001100
011100101001001	010110100011100
011100101001100	010110100011001
011100101010000	010101110000001
011100101010100	010110101010001
011100101011000	010101110001001
011100101011100	010110101011001
011100101100100	010110100110001
011100101101000	010110100111000
011100101101001	010110100111100
011100101101100	010110100111001
011100101110000	010110101110000
011100101110100	010110101110001
011100101111000	010110101111000
011100101111100	010110101111001
011100110000000	010100100010001
011100110000001	010110101000100
011100110000100	010110100010001
011100110001000	010100100011001
011100110001001	010110101001100
011100110001100	010110100011001
011100110010000	010100110010001
011100110010100	010110110010001
011100110011000	010100110011001
011100110011100	010110110011001
011100110100000	010111100100000
011100110100001	010111100100100
011100110100100	010111100100001
011100110101000	010111100101000
011100110101001	010111100101100
011100110101100	010111100101001
011100110110000	010111101100000
011100110110100	010111101100001
011100110111000	010111101101000
011100110111100	010111101101001
011100111000000	010100111000100
011100111000001	010110111000100
011100111000100	010111100010001
011100111001000	010100111001100
011100111001001	010110111001100
011100111001100	010111100011001
011100111010000	010101110010001
011100111010100	010111101010001
011100111011000	010101110011001
011100111011100	010111101011001
011100111100000	010111100110000
011100111100001	010111100110100
011100111100100	010111100110001
011100111101000	010111100111000
011100111101001	010111100111100
011100111101100	010111100111001
011100111110000	010111101110000
011100111110100	010111101110001
011100111111000	010111101111000
011100111111100	010111101111001
011101000000100	000110101000001
011101000001000	000100010101100
011101000001001	000110010101100
011101000001100	000110101001001
011101000010000	000100011100100
011101000010100	000110111000001
011101000011000	000100011101100
011101000011100	000110111001001
011101000100100	010110010100001
011101000101000	010100010101100
011101000101001	010110010101100
011101000101100	010110010101001
011101000110000	010100011100100
011101000110100	010110011100001
011101000111000	010100011101100
011101000111100	010110011101001
011101001000100	000111001100001
011101001001000	000100010111100
011101001001001	000110010111100
011101001001100	000111001101001
011101001010000	000100011110100
011101001010100	000111001110001
011101001011000	000100011111100
011101001011100	000111001111001
011101001100100	010110010110001
011101001101000	010100010111100
011101001101001	010110010111100
011101001101100	010110010111001
011101001110000	010100011110100
011101001110100	010110011110001
011101001111000	010100011111100
011101001111100	010110011111001
011101010000000	000100101010001
011101010000001	000110101010100
011101010000100	000110101010001
011101010001000	000100101011001
011101010001001	000110101011100
011101010001100	000110101011001
011101010010000	000100111010001
011101010010100	000110111010001
011101010011000	000100111011001
011101010011100	000110111011001
011101010100000	010101010100001
011101010100001	010111010100100
011101010100100	010111010100001
011101010101000	010101010101001
011101010101001	010111010101100
011101010101100	010111010101001
011101010110000	010101010110001
011101010110100	010111010110001
011101010111000	010101010111001
011101010111100	010111010111001
011101011000000	000100111010100
011101011000001	000110111010100
011101011000100	000111011100001
011101011001000	000100111011100
011101011001001	000110111011100
011101011001100	000111011101001
011101011010000	000101011110001
011101011010100	000111011110001
011101011011000	000101011111001
011101011011100	000111011111001
011101011100000	010101010110100
011101011100001	010111010110100
011101011100100	010111010110001
011101011101000	010101010111100
011101011101001	010111010111100
011101011101100	010111010111001
011101011110000	010101011110001
011101011110100	010111011110001
011101011111000	010101011111001
011101011111100	010111011111001
011101100000100	010110101000001
011101100001000	010100100011100
011101100001001	010110100011100
011101100001100	010110101001001
011101100010000	010100111000001
011101100010100	010110111000001
011101100011000	010100111001001
011101100011100	010110111001001
011101100100100	010110110100001
011101100101000	010110110101000
011101100101001	010110110101100
011101100101100	010110110101001
011101100110000	010110111100000
011101100110100	010110111100001
011101100111000	010110111101000
011101100111100	010110111101001
011101101000100	010110110010001
011101101001000	010100110011100
011101101001001	010110110011100
011101101001100	010110110011001
011101101010000	010101110010100
011101101010100	010110111010001
011101101011000	010101110011100
011101101011100	010110111011001
011101101100100	010110110110001
011101101101000	010110110111000
011101101101001	010110110111100
011101101101100	010110110111001
011101101110000	010110111110000
011101101110100	010110111110001
011101101111000	010110111111000
011101101111100	010110111111001
011101110000000	010100101010001
011101110000001	010110101010100
011101110000100	010110101010001
011101110001000	010100101011001
011101110001001	010110101011100
011101110001100	010110101011001
011101110010000	010100111010001
011101110010100	010110111010001
011101110011000	010100111011001
011101110011100	010110111011001
011101110100000	010111110100000
011101110100001	010111110100100
011101110100100	010111110100001
011101110101000	010111110101000
011101110101001	010111110101100
011101110101100	010111110101001
011101110110000	010111111100000
011101110110100	010111111100001
011101110111000	010111111101000
011101110111100	010111111101001
011101111000000	010100111010100
011101111000001	010110111010100
011101111000100	010111101010001
011101111001000	010100111011100
011101111001001	010110111011100
011101111001100	010111101011001
011101111010000	010101111010001
011101111010100	010111111010001
011101111011000	010101111011001
011101111011100	010111111011001
011101111100000	010111110110000
011101111100001	010111110110100
011101111100100	010111110110001
011101111101000	010111110111000
011101111101001	010111110111100
011101111101100	010111110111001
011101111110000	010111111110000
011101111110100	010111111110001
011101111111000	010111111111000
011101111111100	010111111111001
011110010000000	000100010100101
011110010000001	000110101000101
011110010001000	000100010101101
011110010001001	000110101001101
011110010100000	010100010100101
011110010100001	010111000100101
011110010101000	010100010101101
011110010101001	010111000101101
011110011000000	000100011100101
011110011000001	000110111000101
011110011001000	000100011101101
011110011001001	000110111001101
011110011100000	010100011100101
011110011100001	010111000110101
011110011101000	010100011101101
011110011101001	010111000111101
011110100000000	010100100000101
011110100000001	010110100000101
011110100001000	010100100001101
011110100001001	010110100001101
011110100100000	011110100100000
011110100100001	011110100100001
011110100101000	011110100101000
011110100101001	011110100101001
011110101000000	010100110000101
011110101000001	010110110000101
011110101001000	010100110001101
011110101001001	010110110001101
011110101100000	011110100110000
011110101100001	011110100110100
011110101101000	011110100111000
011110101101001	011110100111100
011110110000000	010100100010101
011110110000001	010110101000101
011110110001000	010100100011101
011110110001001	010110101001101
011110110100000	011110110100000
011110110100001	011110110100001
011110110101000	011110110101000
011110110101001	011110110101001
011110111000000	010100111000101
011110111000001	010110111000101
011110111001000	010100111001101
011110111001001	010110111001101
011110111100000	011110111100000
011110111100001	011110111100001
011110111101000	011110111101000
011110111101001	011110111101001
011111000000000	000100010100101
011111000000001	000110010100101
011111000001000	000100010101101
011111000001001	000110010101101
011111000100000	010100010100101
011111000100001	010110010100101
011111000101000	010100010101101
011111000101001	010110010101101
011111001000000	000100010110101
011111001000001	000110010110101
011111001001000	000100010111101
011111001001001	000110010111101
011111001100000	010100010110101
011111001100001	010110010110101
011111001101000	010100010111101
011111001101001	010110010111101
011111010000000	000100101010101
011111010000001	000110101010101
011111010001000	000100101011101
011111010001001	000110101011101
011111010100000	010101010100101
011111010100001	010111010100101
011111010101000	010101010101101
011111010101001	010111010101101
011111011000000	000100111010101
011111011000001	000110111010101
011111011001000	000100111011101
011111011001001	000110111011101
011111011100000	010101010110101
011111011100001	010111010110101
011111011101000	010101010111101
011111011101001	010111010111101
011111100000000	010100100010101
011111100000001	010110100010101
011111100001000	010100100011101
011111100001001	010110100011101
011111100100000	011110110100000
011111100100001	011110110100100
011111100101000	011110110101000
011111100101001	011110110101100
011111101000000	010100110010101
011111101000001	010110110010101
011111101001000	010100110011101
011111101001001	010110110011101
011111101100000	011110110110000
011111101100001	011110110110100
011111101101000	011110110111000
011111101101001	011110110111100
011111110000000	010100101010101
011111110000001	010110101010101
011111110001000	010100101011101
011111110001001	010110101011101
011111110100000	011111110100000
011111110100001	011111110100001
011111110101000	011111110101000
011111110101001	011111110101001
011111111000000	010100111010101
011111111000001	010110111010101
011111111001000	010100111011101
011111111001001	010110111011101
011111111100000	011111110110000
011111111100001	011111110110100
011111111101000	011111110111000
011111111101001	011111110111100
100000010001011	000010001101010
100000010011100	000010010111000
100000010101001	010000100011001
100000010101011	010000100011011
100000010101100	010000100011100
100000010111000	010000110011000
100000010111100	010000110011100
100000011001001	000010011101000
100000011001010	000000011101010
100000011001011	000010011101010
100000011001100	000010111001000
100000011010100	000010111010000
100000011011100	000010111011000
100000011100100	010000111000001
100000011101000	010000111001000
100000011101001	010000111001100
100000011101010	010000111001010
100000011101011	010000111001110
100000011101100	010000111001001
100000011110000	010000111010000
100000011110100	010001110010100
100000011111000	010000111011000
100000011111100	010001110011100
100000100000111	010000000100111
100000100001011	010000000101011
100000100001110	010000000101011
100000100001111	010000000101111
100000100010011	010000010100011
100000100010101	010000010100101
100000100010111	010000010100111
100000100011001	010000010101001
100000100011010	010000010101010
100000100011011	010000010101011
100000100011100	010000010101100
100000100011101	010000010101101
100000100011110	010000010101110
100000100011111	010000010101111
100000100100101	010000100100101
100000100100111	010000100100111
100000100101001	010000100101001
100000100101011	010000100101011
100000100101100	010000100101001
100000100101101	010000100101101
100000100101110	010000100101011
100000100101111	010000100101111
100000100110001	010000110100001
100000100110011	010000110100011
100000100110101	010000110100101
100000100110111	010000110100111
100000100111000	010000110101000
100000100111001	010000110101001
100000100111010	010000110101010
100000100111011	010000110101011
100000100111100	010000110101100
100000100111101	010000110101101
100000100111110	010000110101110
100000100111111	010000110101111
100000101001001	010000010101100
100000101001010	010000010101010
100000101001011	010000010101110
100000101001100	010000010101001
100000101010100	010001010100001
100000101011100	010001010101001
100000101100100	010000110100001
100000101101000	010000110101000
100000101101001	010000110101100
100000101101010	010000110101010
100000101101011	010000110101110
100000101101100	010000110101001
100000101110000	010001110100000
100000101110100	010001110100001
100000101111000	010001110101000
100000101111100	010001110101001
100000110000011	010000000110011
100000110001010	010000000111010
100000110001011	010000000111011
100000110011000	010000010111000
100000110011100	010000010111100
100000110100001	010000100110001
100000110100011	010000100110011
100000110101000	010000100111000
100000110101001	010000100111001
100000110101010	010000100111010
100000110101011	010000100111011
100000110101100	010000100111100
100000110111000	010000110111000
100000110111100	010000110111100
100000111000001	010000011100100
100000111000010	010000011100010
100000111000011	010000011100110
100000111001000	010000011101000
100000111001001	010000011101100
100000111001010	010000011101010
100000111001011	010000011101110
100000111001100	010000011101001
100000111010000	010001010110000
100000111010100	010001010110100
100000111011000	010001010111000
100000111011100	010001010111100
100000111100000	010000111100000
100000111100001	010000111100100
100000111100010	010000111100010
100000111100011	010000111100110
100000111100100	010000111100001
100000111101000	010000111101000
100000111101001	010000111101100
100000111101010	010000111101010
100000111101011	010000111101110
100000111101100	010000111101001
100000111110000	010001110110000
100000111110100	010001110110100
100000111111000	010001110111000
100000111111100	010001110111100
100001000000111	001010000110010
100001000001011	000010000111010
100001000001110	000010001101010
100001000001111	001010000111010
100001000010011	000010111000010
100001000010101	001010011100000
100001000010111	001010011100010
100001000011001	000010111001000
100001000011010	000000011101010
100001000011011	000010111001010
100001000011100	000010011101000
100001000011101	001010011101000
100001000011110	000010011101010
100001000011111	001010011101010
100001000100101	010000100010101
100001000100111	010000100010111
100001000101001	010000100011100
100001000101011	010000100011110
100001000101100	010000100011001
100001000101101	010000100011101
100001000101110	010000100011011
100001000101111	010000100011111
100001000110001	010000111000001
100001000110011	010000111000011
100001000110101	010000111000101
100001000110111	010000111000111
100001000111000	010000111001000
100001000111001	010000111001001
100001000111010	010000111001010
100001000111011	010000111001011
100001000111100	010000111001100
100001000111101	010000111001101
100001000111110	010000111001110
100001000111111	010000111001111
100001001001001	000010010111000
100001001001010	000000010111010
100001001001011	000010010111010
100001001001100	000011001101000
100001001010100	000011011100000
100001001011100	000011011101000
100001001100100	010000110010001
100001001101000	010000110011000
100001001101001	010000110011100
100001001101010	010000110011010
100001001101011	010000110011110
100001001101100	010000110011001
100001001110000	010000111010000
100001001110100	010001110010001
100001001111000	010000111011000
100001001111100	010001110011001
100001010000011	000010001110010
100001010001011	000010001111010
100001010010100	000010011110000
100001010011100	000010011111000
100001010100001	010000101010001
100001010100011	010000101010011
100001010100100	010000101010001
100001010101001	010000101011001
100001010101011	010000101011011
100001010101100	010000101011001
100001010110000	010000111010000
100001010110100	010000111010100
100001010111000	010000111011000
100001010111100	010000111011100
100001011000001	000010011110000
100001011000010	000000011110010
100001011000011	000010011110010
100001011000100	000011001110000
100001011001001	000010011111000
100001011001010	000000011111010
100001011001011	000010011111010
100001011001100	000011001111000
100001011010100	000011011110000
100001011011100	000011011111000
100001011100000	010000111010000
100001011100001	010000111010100
100001011100010	010000111010010
100001011100011	010000111010110
100001011100100	010000111010001
100001011101000	010000111011000
100001011101001	010000111011100
100001011101010	010000111011010
100001011101011	010000111011110
100001011101100	010000111011001
100001011110000	010001111010000
100001011110100	010001111010001
100001011111000	010001111011000
100001011111100	010001111011001
100001100000110	010000000110011
100001100000111	010000000110111
100001100001010	010000000111010
100001100001011	010000000111110
100001100001110	010000000111011
100001100001111	010000000111111
100001100010010	010000011100010
100001100010011	010000011100011
100001100010100	010000011100100
100001100010101	010000011100101
100001100010110	010000011100110
100001100010111	010000011100111
100001100011000	010000011101000
100001100011001	010000011101001
100001100011010	010000011101010
100001100011011	010000011101011
100001100011100	010000011101100
100001100011101	010000011101101
100001100011110	010000011101110
100001100011111	010000011101111
100001100100100	010000100110001
100001100100101	010000100110101
100001100100110	010000100110011
100001100100111	010000100110111
100001100101000	010000100111000
100001100101001	010000100111100
100001100101010	010000100111010
100001100101011	010000100111110
100001100101100	010000100111001
100001100101101	010000100111101
100001100101110	010000100111011
100001100101111	010000100111111
100001100110000	010000111100000
100001100110001	010000111100001
100001100110010	010000111100010
100001100110011	010000111100011
100001100110100	010000111100100
100001100110101	010000111100101
100001100110110	010000111100110
100001100110111	010000111100111
100001100111000	010000111101000
100001100111001	010000111101001
100001100111010	010000111101010
100001100111011	010000111101011
100001100111100	010000111101100
100001100111101	010000111101101
100001100111110	010000111101110
100001100111111	010000111101111
100001101000100	010000010110001
100001101001000	010000010111000
100001101001001	010000010111100
100001101001010	010000010111010
100001101001011	010000010111110
100001101001100	010000010111001
100001101010000	010001010110000
100001101010100	010001010110001
100001101011000	010001010111000
100001101011100	010001010111001
100001101100100	010000110110001
100001101101000	010000110111000
100001101101001	010000110111100
100001101101010	010000110111010
100001101101011	010000110111110
100001101101100	010000110111001
100001101110000	010001110110000
100001101110100	010001110110001
100001101111000	010001110111000
100001101111100	010001110111001
100001110000010	010000001110010
100001110000011	010000001110011
100001110001010	010000001111010
100001110001011	010000001111011
100001110010000	010000011110000
100001110010100	010000011110100
100001110011000	010000011111000
100001110011100	010000011111100
100001110100000	010000101110000
100001110100001	010000101110001
100001110100010	010000101110010
100001110100011	010000101110011
100001110100100	010000101110001
100001110101000	010000101111000
100001110101001	010000101111001
100001110101010	010000101111010
100001110101011	010000101111011
100001110101100	010000101111001
100001110110000	010000111110000
100001110110100	010000111110100
100001110111000	010000111111000
100001110111100	010000111111100
100001111000000	010000011110000
100001111000001	010000011110100
100001111000010	010000011110010
100001111000011	010000011110110
100001111000100	010000011110001
100001111001000	010000011111000
100001111001001	010000011111100
100001111001010	010000011111010
100001111001011	010000011111110
100001111001100	010000011111001
100001111010000	010001011110000
100001111010100	010001011110001
100001111011000	010001011111000
100001111011100	010001011111001
100001111100000	010000111110000
100001111100001	010000111110100
100001111100010	010000111110010
100001111100011	010000111110110
100001111100100	010000111110001
100001111101000	010000111111000
100001111101001	010000111111100
100001111101010	010000111111010
100001111101011	010000111111110
100001111101100	010000111111001
100001111110000	010001111110000
100001111110100	010001111110001
100001111111000	010001111111000
100001111111100	010001111111001
100010000000111	001010000100011
100010000001011	000010000101011
100010000001110	000010000101110
100010000001111	001010000101011
100010000010011	000010101000011
100010000010101	001010010100100
100010000010111	001010010100110
100010000011001	000010101001001
100010000011010	000000010101110
100010000011011	000010101001011
100010000011100	000010010101100
100010000011101	001010010101100
100010000011110	000010010101110
100010000011111	001010010101110
100010000100101	010010100000101
100010000100111	010010100000111
100010000101001	010010100001001
100010000101011	010010100001011
100010000101100	010010100001100
100010000101101	010010100001101
100010000101110	010010100001110
100010000101111	010010100001111
100010000110001	010010101000001
100010000110011	010010101000011
100010000110101	010010110000101
100010000110111	010010110000111
100010000111000	010000100011100
100010000111001	010010101001001
100010000111010	010000100011110
100010000111011	010010101001011
100010000111100	010010100011100
100010000111101	010010110001101
100010000111110	010010100011110
100010000111111	010010110001111
100010001001001	000010010101001
100010001001010	000000010101011
100010001001011	000010010101011
100010001101000	010000100011001
100010001101001	010010100011001
100010001101010	010000100011011
100010001101011	010010100011011
100010010001011	000010001101011
100010010101001	010010100011001
100010010101011	010010100011011
100010011001001	000010011101001
100010011001010	000000011101011
100010011001011	000010011101011
100010011101000	010000111001100
100010011101001	010011100011001
100010011101010	010000111001110
100010011101011	010011100011011
100010100000011	010010000100011
100010100000111	010010000100111
100010100001010	010000000101011
100010100001011	010010000101011
100010100001110	010010000101110
100010100001111	010010000101111
100010100010001	010010010100001
100010100010011	010010010100011
100010100010101	010010010100101
100010100010111	010010010100111
100010100011000	010000010101100
100010100011001	010010010101001
100010100011010	010000010101110
100010100011011	010010010101011
100010100011100	010010010101100
100010100011101	010010010101101
100010100011110	010010010101110
100010100011111	010010010101111
100010100100001	010010100100001
100010100100011	010010100100011
100010100100101	010010100100101
100010100100111	010010100100111
100010100101000	010010100101000
100010100101001	010010100101001
100010100101010	010010100101010
100010100101011	010010100101011
100010100101100	010010100101100
100010100101101	010010100101101
100010100101110	010010100101110
100010100101111	010010100101111
100010100110001	010010110100001
100010100110011	010010110100011
100010100110101	010010110100101
100010100110111	010010110100111
100010100111000	010010110101000
100010100111001	010010110101001
100010100111010	010010110101010
100010100111011	010010110101011
100010100111100	010010110101100
100010100111101	010010110101101
100010100111110	010010110101110
100010100111111	010010110101111
100010101000001	010010010100001
100010101000010	010000010100011
100010101000011	010010010100011
100010101001000	010000010101001
100010101001001	010010010101001
100010101001010	010000010101011
100010101001011	010010010101011
100010101100000	010011100100000
100010101100001	010011100100001
100010101100010	010011100100010
100010101100011	010011100100011
100010101101000	010011100101000
100010101101001	010011100101001
100010101101010	010011100101010
100010101101011	010011100101011
100010110000011	010010000110011
100010110001010	010000000111110
100010110001011	010010000111011
100010110100001	010010100110001
100010110100011	010010100110011
100010110101000	010010100111000
100010110101001	010010100111001
100010110101010	010010100111010
100010110101011	010010100111011
100010111000001	010010011100001
100010111000010	010000011100011
100010111000011	010010011100011
100010111001000	010000011101001
100010111001001	010010011101001
100010111001010	010000011101011
100010111001011	010010011101011
100010111100000	010011100110000
100010111100001	010011100110001
100010111100010	010011100110010
100010111100011	010011100110011
100010111101000	010011100111000
100010111101001	010011100111001
100010111101010	010011100111010
100010111101011	010011100111011
100011000000011	000010000110011
100011000000110	000010001100110
100011000000111	001010000110011
100011000001011	000010000111011
100011000001110	000010001101110
100011000001111	001010000111011
100011000010001	000010111000001
100011000010010	000000011100110
100011000010011	000010111000011
100011000010100	000010011100100
100011000010101	001010011100100
100011000010110	000010011100110
100011000010111	001010011100110
100011000011001	000010111001001
100011000011010	000000011101110
100011000011011	000010111001011
100011000011100	000010011101100
100011000011101	001010011101100
100011000011110	000010011101110
100011000011111	001010011101110
100011000100001	010010101000001
100011000100011	010010101000011
100011000100100	010010101000100
100011000100101	010010101000101
100011000100110	010010101000110
100011000100111	010010101000111
100011000101001	010010101001001
100011000101011	010010101001011
100011000101100	010010101001100
100011000101101	010010101001101
100011000101110	010010101001110
100011000101111	010010101001111
100011000110000	010000111000001
100011000110001	010010111000001
100011000110010	010000111000011
100011000110011	010010111000011
100011000110100	010010111000100
100011000110101	010010111000101
100011000110110	010010111000110
100011000110111	010010111000111
100011000111000	010000111001001
100011000111001	010010111001001
100011000111010	010000111001011
100011000111011	010010111001011
100011000111100	010010111001100
100011000111101	010010111001101
100011000111110	010010111001110
100011000111111	010010111001111
100011001000001	000010010110001
100011001000010	000000010110011
100011001000011	000010010110011
100011001001001	000010010111001
100011001001010	000000010111011
100011001001011	000010010111011
100011001100000	010000110010001
100011001100001	010010110010001
100011001100010	010000110010011
100011001100011	010010110010011
100011001101000	010000110011001
100011001101001	010010110011001
100011001101010	010000110011011
100011001101011	010010110011011
100011010000011	000010001110011
100011010001011	000010001111011
100011010100001	010010101010001
100011010100011	010010101010011
100011010101001	010010101011001
100011010101011	010010101011011
100011011000001	000010011110001
100011011000010	000000011110011
100011011000011	000010011110011
100011011001001	000010011111001
100011011001010	000000011111011
100011011001011	000010011111011
100011011100000	010001110010001
100011011100001	010011101010001
100011011100010	010001110010011
100011011100011	010011101010011
100011011101000	010001110011001
100011011101001	010011101011001
100011011101010	010001110011011
100011011101011	010011101011011
100011100000010	010000000110011
100011100000011	010010000110011
100011100000110	010010001100110
100011100000111	010010001100111
100011100001010	010000000111011
100011100001011	010010000111011
100011100001110	010010001101110
100011100001111	010010001101111
100011100010000	010000011100100
100011100010001	010010011100001
100011100010010	010000011100110
100011100010011	010010011100011
100011100010100	010010011100100
100011100010101	010010011100101
100011100010110	010010011100110
100011100010111	010010011100111
100011100011000	010000011101100
100011100011001	010010011101001
100011100011010	010000011101110
100011100011011	010010011101011
100011100011100	010010011101100
100011100011101	010010011101101
100011100011110	010010011101110
100011100011111	010010011101111
100011100100000	010010101100000
100011100100001	010010101100001
100011100100010	010010101100010
100011100100011	010010101100011
100011100100100	010010101100100
100011100100101	010010101100101
100011100100110	010010101100110
100011100100111	010010101100111
100011100101000	010010101101000
100011100101001	010010101101001
100011100101010	010010101101010
100011100101011	010010101101011
100011100101100	010010101101100
100011100101101	010010101101101
100011100101110	010010101101110
100011100101111	010010101101111
100011100110000	010010111100000
100011100110001	010010111100001
100011100110010	010010111100010
100011100110011	010010111100011
100011100110100	010010111100100
100011100110101	010010111100101
100011100110110	010010111100110
100011100110111	010010111100111
100011100111000	010010111101000
100011100111001	010010111101001
100011100111010	010010111101010
100011100111011	010010111101011
100011100111100	010010111101100
100011100111101	010010111101101
100011100111110	010010111101110
100011100111111	010010111101111
100011101000000	010000010110001
100011101000001	010010010110001
100011101000010	010000010110011
100011101000011	010010010110011
100011101001000	010000010111001
100011101001001	010010010111001
100011101001010	010000010111011
100011101001011	010010010111011
100011101100000	010011101100000
100011101100001	010011101100001
100011101100010	010011101100010
100011101100011	010011101100011
100011101101000	010011101101000
100011101101001	010011101101001
100011101101010	010011101101010
100011101101011	010011101101011
100011110000010	010000001110011
100011110000011	010010001110011
100011110001010	010000001111011
100011110001011	010010001111011
100011110100000	010010101110000
100011110100001	010010101110001
100011110100010	010010101110010
100011110100011	010010101110011
100011110101000	010010101111000
100011110101001	010010101111001
100011110101010	010010101111010
100011110101011	010010101111011
100011111000000	010000011110001
100011111000001	010010011110001
100011111000010	010000011110011
100011111000011	010010011110011
100011111001000	010000011111001
100011111001001	010010011111001
100011111001010	010000011111011
100011111001011	010010011111011
100011111100000	010011101110000
100011111100001	010011101110001
100011111100010	010011101110010
100011111100011	010011101110011
100011111101000	010011101111000
100011111101001	010011101111001
100011111101010	010011101111010
100011111101011	010011101111011
100100000011100	000110010101000
100100000101001	010100100001001
100100000101100	010100100001001
100100000111000	010100100011000
100100000111100	010100110001100
100100001001001	000110010101000
100100001001100	000110101001000
100100001010100	000110101010000
100100001011100	000110101011000
100100001100100	010100110000001
100100001101000	010100100011000
100100001101001	010100110001100
100100001101100	010100110001001
100100001110000	010100101010000
100100001110100	010101110000001
100100001111000	010100101011000
100100001111100	010101110001001
100100010011000	000100010111000
100100010011100	000110010111000
100100010100001	010100100010001
100100010101000	010100100011000
100100010101001	010100100011001
100100010101100	010100100011100
100100010111000	010100110011000
100100010111100	010100110011100
100100011000001	000110011100000
100100011001000	000100011101000
100100011001001	000110011101000
100100011001100	000110111001000
100100011010000	000100111010000
100100011010100	000110111010000
100100011011000	000100111011000
100100011011100	000110111011000
100100011100000	010100111000000
100100011100001	010100111000100
100100011100100	010100111000001
100100011101000	010100111001000
100100011101001	010100111001100
100100011101100	010100111001001
100100011110000	010100111010000
100100011110100	010101110010100
100100011111000	010100111011000
100100011111100	010101110011100
100100100011100	010100010101100
100100100101001	010100100101001
100100100101100	010100100101001
100100100111000	010100110101000
100100100111100	010100110101100
100100101001001	010100010101100
100100101001100	010100010101001
100100101010100	010101010100001
100100101011100	010101010101001
100100101100100	010100110100001
100100101101000	010100110101000
100100101101001	010100110101100
100100101101100	010100110101001
100100101110000	010101110100000
100100101110100	010101110100001
100100101111000	010101110101000
100100101111100	010101110101001
100100110011000	010100010111000
100100110011100	010100010111100
100100110100001	010100100110001
100100110101000	010100100111000
100100110101001	010100100111001
100100110101100	010100100111100
100100110111000	010100110111000
100100110111100	010100110111100
100100111000001	010100011100100
100100111001000	010100011101000
100100111001001	010100011101100
100100111001100	010100011101001
100100111010000	010101010110000
100100111010100	010101010110100
100100111011000	010101010111000
100100111011100	010101010111100
100100111100000	010100111100000
100100111100001	010100111100100
100100111100100	010100111100001
100100111101000	010100111101000
100100111101001	010100111101100
100100111101100	010100111101001
100100111110000	010101110110000
100100111110100	010101110110100
100100111111000	010101110111000
100100111111100	010101110111100
100101000010100	000110011100000
100101000011000	000100011101000
100101000011100	000110011101000
100101000100100	010100100010001
100101000101000	010100100011000
100101000101001	010100100011100
100101000101100	010100100011001
100101000110000	010100111000000
100101000110100	010100111000100
100101000111000	010100111001000
100101000111100	010100111001100
100101001000100	000111001100000
100101001001000	000100010111000
100101001001001	000110010111000
100101001001100	000111001101000
100101001010000	000100111010000
100101001010100	000111011100000
100101001011000	000100111011000
100101001011100	000111011101000
100101001100100	010100110010001
100101001101000	010100110011000
100101001101001	010100110011100
100101001101100	010100110011001
100101001110000	010100111010000
100101001110100	010101110010001
100101001111000	010100111011000
100101001111100	010101110011001
100101010010000	000100011110000
100101010010100	000110011110000
100101010011000	000100011111000
100101010011100	000110011111000
100101010100000	010100101010000
100101010100001	010100101010001
100101010100100	010100101010001
100101010101000	010100101011000
100101010101001	010100101011001
100101010101100	010100101011001
100101010110000	010100111010000
100101010110100	010100111010100
100101010111000	010100111011000
100101010111100	010100111011100
100101011000000	000100011110000
100101011000001	000110011110000
100101011000100	000111001110000
100101011001000	000100011111000
100101011001001	000110011111000
100101011001100	000111001111000
100101011010000	000101011110000
100101011010100	000111011110000
100101011011000	000101011111000
100101011011100	000111011111000
100101011100000	010100111010000
100101011100001	010100111010100
100101011100100	010100111010001
100101011101000	010100111011000
100101011101001	010100111011100
100101011101100	010100111011001
100101011110000	010101111010000
100101011110100	010101111010001
100101011111000	010101111011000
100101011111100	010101111011001
100101100010100	010100011100100
100101100011000	010100011101000
100101100011100	010100011101100
100101100100100	010100100110001
100101100101000	010100100111000
100101100101001	010100100111100
100101100101100	010100100111001
100101100110000	010100111100000
100101100110100	010100111100100
100101100111000	010100111101000
100101100111100	010100111101100
100101101000100	010100010110001
100101101001000	010100010111000
100101101001001	010100010111100
100101101001100	010100010111001
100101101010000	010101010110000
100101101010100	010101010110001
100101101011000	010101010111000
100101101011100	010101010111001
100101101100100	010100110110001
100101101101000	010100110111000
100101101101001	010100110111100
100101101101100	010100110111001
100101101110000	010101110110000
100101101110100	010101110110001
100101101111000	010101110111000
100101101111100	010101110111001
100101110010000	010100011110000
100101110010100	010100011110100
100101110011000	010100011111000
100101110011100	010100011111100
100101110100000	010100101110000
100101110100001	010100101110001
100101110100100	010100101110001
100101110101000	010100101111000
100101110101001	010100101111001
100101110101100	010100101111001
100101110110000	010100111110000
100101110110100	010100111110100
100101110111000	010100111111000
100101110111100	010100111111100
100101111000000	010100011110000
100101111000001	010100011110100
100101111000100	010100011110001
100101111001000	010100011111000
100101111001001	010100011111100
100101111001100	010100011111001
100101111010000	010101011110000
100101111010100	010101011110001
100101111011000	010101011111000
100101111011100	010101011111001
100101111100000	010100111110000
100101111100001	010100111110100
100101111100100	010100111110001
100101111101000	010100111111000
100101111101001	010100111111100
100101111101100	010100111111001
100101111110000	010101111110000
100101111110100	010101111110001
100101111111000	010101111111000
100101111111100	010101111111001
100110000100001	010110100000001
100110000101000	010100100001001
100110000101001	010110100001001
100110001000001	000110010100001
100110001001000	000100010101001
100110001001001	000110010101001
100110001100000	010100100010001
100110001100001	010110100010001
100110001101000	010100100011001
100110001101001	010110100011001
100110010100001	010110100010001
100110010101000	010100110001100
100110010101001	010110100011001
100110011000001	000110011100001
100110011001000	000100011101001
100110011001001	000110011101001
100110011100000	010100111000100
100110011100001	010111100010001
100110011101000	010100111001100
100110011101001	010111100011001
100110100100001	010110100100001
100110100101000	010110100101000
100110100101001	010110100101001
100110101000001	010110010100001
100110101001000	010100010101001
100110101001001	010110010101001
100110101100000	010111100100000
100110101100001	010111100100001
100110101101000	010111100101000
100110101101001	010111100101001
100110110100001	010110100110001
100110110101000	010110100111000
100110110101001	010110100111001
100110111000001	010110011100001
100110111001000	010100011101001
100110111001001	010110011101001
100110111100000	010111100110000
100110111100001	010111100110001
100110111101000	010111100111000
100110111101001	010111100111001
100111000100000	010100110000001
100111000100001	010110101000001
100111000101000	010100110001001
100111000101001	010110101001001
100111001000000	000100010110001
100111001000001	000110010110001
100111001001000	000100010111001
100111001001001	000110010111001
100111001100000	010100110010001
100111001100001	010110110010001
100111001101000	010100110011001
100111001101001	010110110011001
100111010100000	010101110000001
100111010100001	010110101010001
100111010101000	010101110001001
100111010101001	010110101011001
100111011000000	000100011110001
100111011000001	000110011110001
100111011001000	000100011111001
100111011001001	000110011111001
100111011100000	010101110010001
100111011100001	010111101010001
100111011101000	010101110011001
100111011101001	010111101011001
100111100100000	010110101100000
100111100100001	010110101100001
100111100101000	010110101101000
100111100101001	010110101101001
100111101000000	010100010110001
100111101000001	010110010110001
100111101001000	010100010111001
100111101001001	010110010111001
100111101100000	010111101100000
100111101100001	010111101100001
100111101101000	010111101101000
100111101101001	010111101101001
100111110100000	010110101110000
100111110100001	010110101110001
100111110101000	010110101111000
100111110101001	010110101111001
100111111000000	010100011110001
100111111000001	010110011110001
100111111001000	010100011111001
100111111001001	010110011111001
100111111100000	010111101110000
100111111100001	010111101110001
100111111101000	010111101111000
100111111101001	010111101111001
101000000000111	001010000100011
101000000001011	000010000101110
101000000001110	000010000101011
101000000001111	001010000101011
101000000010011	000010101000110
101000000010101	001010010100001
101000000010111	001010010100011
101000000011001	000010101001100
101000000011010	000000010101011
101000000011011	000010101001110
101000000011100	000010010101001
101000000011101	001010010101001
101000000011110	000010010101011
101000000011111	001010010101011
101000000100101	010010100000101
101000000100111	010010100000111
101000000101001	010010100001100
101000000101011	010010100001110
101000000101100	010010100001001
101000000101101	010010100001101
101000000101110	010010100001011
101000000101111	010010100001111
101000000110001	010010101000100
101000000110011	010010101000110
101000000110101	010011100000101
101000000110111	010011100000111
101000000111000	010000100011001
101000000111001	010010101001100
101000000111010	010000100011011
101000000111011	010010101001110
101000000111100	010010100011001
101000000111101	010011100001101
101000000111110	010010100011011
101000000111111	010011100001111
101000001001001	000010010101100
101000001001010	000000010101110
101000001001011	000010010101110
101000001001100	000010101001001
101000001010100	000010101010001
101000001011100	000010101011001
101000001100100	010010101000001
101000001101000	010000100011100
101000001101001	010010100011100
101000001101010	010000100011110
101000001101011	010010100011110
101000001101100	010010101001001
101000001110000	010000101010001
101000001110100	010010101010001
101000001111000	010000101011001
101000001111100	010010101011001
101000010000011	000010001100110
101000010001011	000010001101110
101000010010100	000010010110001
101000010011100	000010010111001
101000010100001	010010101000100
101000010100011	010010101000110
101000010100100	010010101000001
101000010101001	010010101001100
101000010101011	010010101001110
101000010101100	010010101001001
101000010110000	010000110010001
101000010110100	010010110010001
101000010111000	010000110011001
101000010111100	010010110011001
101000011000001	000010011100100
101000011000010	000000011100110
101000011000011	000010011100110
101000011000100	000010111000001
101000011001001	000010011101100
101000011001010	000000011101110
101000011001011	000010011101110
101000011001100	000010111001001
101000011010100	000010111010001
101000011011100	000010111011001
101000011100000	010000111000001
101000011100001	010010111000100
101000011100010	010000111000011
101000011100011	010010111000110
101000011100100	010010111000001
101000011101000	010000111001001
101000011101001	010010111001100
101000011101010	010000111001011
101000011101011	010010111001110
101000011101100	010010111001001
101000011110000	010000111010001
101000011110100	010010111010001
101000011111000	010000111011001
101000011111100	010010111011001
101000100000110	010010000100011
101000100000111	010010000100111
101000100001010	010000000101011
101000100001011	010010000101110
101000100001110	010010000101011
101000100001111	010010000101111
101000100010010	010000010100011
101000100010011	010011000100110
101000100010100	010010010100001
101000100010101	010011000100101
101000100010110	010010010100011
101000100010111	010011000100111
101000100011000	010000010101001
101000100011001	010011000101100
101000100011010	010000010101011
101000100011011	010011000101110
101000100011100	010010010101001
101000100011101	010011000101101
101000100011110	010010010101011
101000100011111	010011000101111
101000100100100	010010100100001
101000100100101	010010100100101
101000100100110	010010100100011
101000100100111	010010100100111
101000100101000	010010100101000
101000100101001	010010100101100
101000100101010	010010100101010
101000100101011	010010100101110
101000100101100	010010100101001
101000100101101	010010100101101
101000100101110	010010100101011
101000100101111	010010100101111
101000100110000	010011100100000
101000100110001	010011100100100
101000100110010	010011100100010
101000100110011	010011100100110
101000100110100	010011100100001
101000100110101	010011100100101
101000100110110	010011100100011
101000100110111	010011100100111
101000100111000	010011100101000
101000100111001	010011100101100
101000100111010	010011100101010
101000100111011	010011100101110
101000100111100	010011100101001
101000100111101	010011100101101
101000100111110	010011100101011
101000100111111	010011100101111
101000101000100	010010010100001
101000101001000	010000010101100
101000101001001	010010010101100
101000101001010	010000010101110
101000101001011	010010010101110
101000101001100	010010010101001
101000101010000	010001010100001
101000101010100	010011010100001
101000101011000	010001010101001
101000101011100	010011010101001
101000101100100	010010110100001
101000101101000	010010110101000
101000101101001	010010110101100
101000101101010	010010110101010
101000101101011	010010110101110
101000101101100	010010110101001
101000101110000	010011110100000
101000101110100	010011110100001
101000101111000	010011110101000
101000101111100	010011110101001
101000110000010	010000000110011
101000110000011	010010001100110
101000110001010	010000000111011
101000110001011	010010001101110
101000110010000	010000010110001
101000110010100	010010010110001
101000110011000	010000010111001
101000110011100	010010010111001
101000110100000	010010101100000
101000110100001	010010101100100
101000110100010	010010101100010
101000110100011	010010101100110
101000110100100	010010101100001
101000110101000	010010101101000
101000110101001	010010101101100
101000110101010	010010101101010
101000110101011	010010101101110
101000110101100	010010101101001
101000110110000	010011101100000
101000110110100	010011101100001
101000110111000	010011101101000
101000110111100	010011101101001
101000111000000	010000011100100
101000111000001	010010011100100
101000111000010	010000011100110
101000111000011	010010011100110
101000111000100	010010011100001
101000111001000	010000011101100
101000111001001	010010011101100
101000111001010	010000011101110
101000111001011	010010011101110
101000111001100	010010011101001
101000111010000	010001010110001
101000111010100	010011010110001
101000111011000	010001010111001
101000111011100	010011010111001
101000111100000	010010111100000
101000111100001	010010111100100
101000111100010	010010111100010
101000111100011	010010111100110
101000111100100	010010111100001
101000111101000	010010111101000
101000111101001	010010111101100
101000111101010	010010111101010
101000111101011	010010111101110
101000111101100	010010111101001
101000111110000	010011111100000
101000111110100	010011111100001
101000111111000	010011111101000
101000111111100	010011111101001
101001000000111	001010000110110
101001000001011	000010000111110
101001000001110	000010001101011
101001000001111	001010000111110
101001000010011	000010111000110
101001000010101	001010011100001
101001000010111	001010011100011
101001000011001	000010111001100
101001000011010	000000011101011
101001000011011	000010111001110
101001000011100	000010011101001
101001000011101	001010011101001
101001000011110	000010011101011
101001000011111	001010011101011
101001000100101	010010100010101
101001000100111	010010100010111
101001000101001	010010100011100
101001000101011	010010100011110
101001000101100	010010100011001
101001000101101	010010100011101
101001000101110	010010100011011
101001000101111	010010100011111
101001000110001	010010111000100
101001000110011	010010111000110
101001000110101	010011100010101
101001000110111	010011100010111
101001000111000	010000111001100
101001000111001	010010111001100
101001000111010	010000111001110
101001000111011	010010111001110
101001000111100	010011100011001
101001000111101	010011100011101
101001000111110	010011100011011
101001000111111	010011100011111
101001001001001	000010010111100
101001001001010	000000010111110
101001001001011	000010010111110
101001001001100	000011001101001
101001001010100	000011011100001
101001001011100	000011011101001
101001001100100	010010110010001
101001001101000	010000110011100
101001001101001	010010110011100
101001001101010	010000110011110
101001001101011	010010110011110
101001001101100	010010110011001
101001001110000	010000111010100
101001001110100	010011101010001
101001001111000	010000111011100
101001001111100	010011101011001
101001010000011	000010001110110
101001010001011	000010001111110
101001010010100	000010011110001
101001010011100	000010011111001
101001010100001	010010101010100
101001010100011	010010101010110
101001010100100	010010101010001
101001010101001	010010101011100
101001010101011	010010101011110
101001010101100	010010101011001
101001010110000	010001110010001
101001010110100	010011101010001
101001010111000	010001110011001
101001010111100	010011101011001
101001011000001	000010011110100
101001011000010	000000011110110
101001011000011	000010011110110
101001011000100	000011001110001
101001011001001	000010011111100
101001011001010	000000011111110
101001011001011	000010011111110
101001011001100	000011001111001
101001011010100	000011011110001
101001011011100	000011011111001
101001011100000	010001110010100
101001011100001	010010111010100
101001011100010	010001110010110
101001011100011	010010111010110
101001011100100	010010111010001
101001011101000	010001110011100
101001011101001	010010111011100
101001011101010	010001110011110
101001011101011	010010111011110
101001011101100	010010111011001
101001011110000	010001111010001
101001011110100	010011111010001
101001011111000	010001111011001
101001011111100	010011111011001
101001100000110	010010000110011
101001100000111	010010000110111
101001100001010	010000000111110
101001100001011	010010000111110
101001100001110	010010000111011
101001100001111	010010000111111
101001100010010	010000011100011
101001100010011	010011000110110
101001100010100	010010011100001
101001100010101	010011000110101
101001100010110	010010011100011
101001100010111	010011000110111
101001100011000	010000011101001
101001100011001	010011000111100
101001100011010	010000011101011
101001100011011	010011000111110
101001100011100	010010011101001
101001100011101	010011000111101
101001100011110	010010011101011
101001100011111	010011000111111
101001100100100	010010100110001
101001100100101	010010100110101
101001100100110	010010100110011
101001100100111	010010100110111
101001100101000	010010100111000
101001100101001	010010100111100
101001100101010	010010100111010
101001100101011	010010100111110
101001100101100	010010100111001
101001100101101	010010100111101
101001100101110	010010100111011
101001100101111	010010100111111
101001100110000	010011100110000
101001100110001	010011100110100
101001100110010	010011100110010
101001100110011	010011100110110
101001100110100	010011100110001
101001100110101	010011100110101
101001100110110	010011100110011
101001100110111	010011100110111
101001100111000	010011100111000
101001100111001	010011100111100
101001100111010	010011100111010
101001100111011	010011100111110
101001100111100	010011100111001
101001100111101	010011100111101
101001100111110	010011100111011
101001100111111	010011100111111
101001101000100	010010010110001
101001101001000	010000010111100
101001101001001	010010010111100
101001101001010	010000010111110
101001101001011	010010010111110
101001101001100	010010010111001
101001101010000	010001010110100
101001101010100	010011010110001
101001101011000	010001010111100
101001101011100	010011010111001
101001101100100	010010110110001
101001101101000	010010110111000
101001101101001	010010110111100
101001101101010	010010110111010
101001101101011	010010110111110
101001101101100	010010110111001
101001101110000	010011110110000
101001101110100	010011110110001
101001101111000	010011110111000
101001101111100	010011110111001
101001110000010	010000001110011
101001110000011	010010001110110
101001110001010	010000001111011
101001110001011	010010001111110
101001110010000	010000011110001
101001110010100	010010011110001
101001110011000	010000011111001
101001110011100	010010011111001
101001110100000	010010101110000
101001110100001	010010101110100
101001110100010	010010101110010
101001110100011	010010101110110
101001110100100	010010101110001
101001110101000	010010101111000
101001110101001	010010101111100
101001110101010	010010101111010
101001110101011	010010101111110
101001110101100	010010101111001
101001110110000	010011101110000
101001110110100	010011101110001
101001110111000	010011101111000
101001110111100	010011101111001
101001111000000	010000011110100
101001111000001	010010011110100
101001111000010	010000011110110
101001111000011	010010011110110
101001111000100	010010011110001
101001111001000	010000011111100
101001111001001	010010011111100
101001111001010	010000011111110
101001111001011	010010011111110
101001111001100	010010011111001
101001111010000	010001011110001
101001111010100	010011011110001
101001111011000	010001011111001
101001111011100	010011011111001
101001111100000	010010111110000
101001111100001	010010111110100
101001111100010	010010111110010
101001111100011	010010111110110
101001111100100	010010111110001
101001111101000	010010111111000
101001111101001	010010111111100
101001111101010	010010111111010
101001111101011	010010111111110
101001111101100	010010111111001
101001111110000	010011111110000
101001111110100	010011111110001
101001111111000	010011111111000
101001111111100	010011111111001
101010000000011	000010000100111
101010000000110	000010000100111
101010000000111	001010000100111
101010000001011	000010000101111
101010000001110	000010000101111
101010000001111	001010000101111
101010000010001	000010101000101
101010000010010	000000010100111
101010000010011	000010101000111
101010000010100	000010010100101
101010000010101	001010010100101
101010000010110	000010010100111
101010000010111	001010010100111
101010000011001	000010101001101
101010000011010	000000010101111
101010000011011	000010101001111
101010000011100	000010010101101
101010000011101	001010010101101
101010000011110	000010010101111
101010000011111	001010010101111
101010000100001	010010100000101
101010000100011	010010100000111
101010000100100	010010100000101
101010000100101	011010100000101
101010000100110	010010100000111
101010000100111	011010100000111
101010000101001	010010100001101
101010000101011	010010100001111
101010000101100	010010100001101
101010000101101	011010100001101
101010000101110	010010100001111
101010000101111	011010100001111
101010000110000	010000100010101
101010000110001	010010101000101
101010000110010	010000100010111
101010000110011	010010101000111
101010000110100	010010100010101
101010000110101	011010100010101
101010000110110	010010100010111
101010000110111	011010100010111
101010000111000	010000100011101
101010000111001	010010101001101
101010000111010	010000100011111
101010000111011	010010101001111
101010000111100	010010100011101
101010000111101	011010100011101
101010000111110	010010100011111
101010000111111	011010100011111
101010001000001	000010010100101
101010001000010	000000010100111
101010001000011	000010010100111
101010001001001	000010010101101
101010001001010	000000010101111
101010001001011	000010010101111
101010001100000	010000100010101
101010001100001	010010100010101
101010001100010	010000100010111
101010001100011	010010100010111
101010001101000	010000100011101
101010001101001	010010100011101
101010001101010	010000100011111
101010001101011	010010100011111
101010010000011	000010001100111
101010010001011	000010001101111
101010010100001	010011100000101
101010010100011	010011100000111
101010010101001	010011100001101
101010010101011	010011100001111
101010011000001	000010011100101
101010011000010	000000011100111
101010011000011	000010011100111
101010011001001	000010011101101
101010011001010	000000011101111
101010011001011	000010011101111
101010011100000	010000111000101
101010011100001	010011100010101
101010011100010	010000111000111
101010011100011	010011100010111
101010011101000	010000111001101
101010011101001	010011100011101
101010011101010	010000111001111
101010011101011	010011100011111
101010100000010	010000000100111
101010100000011	010010000100111
101010100000110	010010000100111
101010100000111	011010000100111
101010100001010	010000000101111
101010100001011	010010000101111
101010100001110	010010000101111
101010100001111	011010000101111
101010100010000	010000010100101
101010100010001	010011000100101
101010100010010	010000010100111
101010100010011	010011000100111
101010100010100	010010010100101
101010100010101	011010010100101
101010100010110	010010010100111
101010100010111	011010010100111
101010100011000	010000010101101
101010100011001	010011000101101
101010100011010	010000010101111
101010100011011	010011000101111
101010100011100	010010010101101
101010100011101	011010010101101
101010100011110	010010010101111
101010100011111	011010010101111
101010100100000	011010100100000
101010100100001	011010100100001
101010100100010	011010100100010
101010100100011	011010100100011
101010100100100	011010100100001
101010100100101	011010100100101
101010100100110	011010100100011
101010100100111	011010100100111
101010100101000	011010100101000
101010100101001	011010100101001
101010100101010	011010100101010
101010100101011	011010100101011
101010100101100	011010100101001
101010100101101	011010100101101
101010100101110	011010100101011
101010100101111	011010100101111
101010100110000	011010110100000
101010100110001	011010110100001
101010100110010	011010110100010
101010100110011	011010110100011
101010100110100	011010110100100
101010100110101	011010110100101
101010100110110	011010110100110
101010100110111	011010110100111
101010100111000	011010110101000
101010100111001	011010110101001
101010100111010	011010110101010
101010100111011	011010110101011
101010100111100	011010110101100
101010100111101	011010110101101
101010100111110	011010110101110
101010100111111	011010110101111
101010101000000	010000010100101
101010101000001	010010010100101
101010101000010	010000010100111
101010101000011	010010010100111
101010101001000	010000010101101
101010101001001	010010010101101
101010101001010	010000010101111
101010101001011	010010010101111
101010101100000	011010110100000
101010101100001	011010110100100
101010101100010	011010110100010
101010101100011	011010110100110
101010101101000	011010110101000
101010101101001	011010110101100
101010101101010	011010110101010
101010101101011	011010110101110
101010110000010	010000000110111
101010110000011	010010001100111
101010110001010	010000000111111
101010110001011	010010001101111
101010110100000	011010100110000
101010110100001	011010100110001
101010110100010	011010100110010
101010110100011	011010100110011
101010110101000	011010100111000
101010110101001	011010100111001
101010110101010	011010100111010
101010110101011	011010100111011
101010111000000	010000011100101
101010111000001	010010011100101
101010111000010	010000011100111
101010111000011	010010011100111
101010111001000	010000011101101
101010111001001	010010011101101
101010111001010	010000011101111
101010111001011	010010011101111
101010111100000	011010111100000
101010111100001	011010111100100
101010111100010	011010111100010
101010111100011	011010111100110
101010111101000	011010111101000
101010111101001	011010111101100
101010111101010	011010111101010
101010111101011	011010111101110
101011000000011	000010000110111
101011000000110	000010001100111
101011000000111	001010000110111
101011000001011	000010000111111
101011000001110	000010001101111
101011000001111	001010000111111
101011000010001	000010111000101
101011000010010	000000011100111
101011000010011	000010111000111
101011000010100	000010011100101
101011000010101	001010011100101
101011000010110	000010011100111
101011000010111	001010011100111
101011000011001	000010111001101
101011000011010	000000011101111
101011000011011	000010111001111
101011000011100	000010011101101
101011000011101	001010011101101
101011000011110	000010011101111
101011000011111	001010011101111
101011000100001	010010110000101
101011000100011	010010110000111
101011000100100	010011100000101
101011000100101	011010100010101
101011000100110	010011100000111
101011000100111	011010100010111
101011000101001	010010110001101
101011000101011	010010110001111
101011000101100	010011100001101
101011000101101	011010100011101
101011000101110	010011100001111
101011000101111	011010100011111
101011000110000	010000111000101
101011000110001	010010111000101
101011000110010	010000111000111
101011000110011	010010111000111
101011000110100	010011100010101
101011000110101	011010111000101
101011000110110	010011100010111
101011000110111	011010111000111
101011000111000	010000111001101
101011000111001	010010111001101
101011000111010	010000111001111
101011000111011	010010111001111
101011000111100	010011100011101
101011000111101	011010111001101
101011000111110	010011100011111
101011000111111	011010111001111
101011001000001	000010010110101
101011001000010	000000010110111
101011001000011	000010010110111
101011001001001	000010010111101
101011001001010	000000010111111
101011001001011	000010010111111
101011001100000	010000110010101
101011001100001	010010110010101
101011001100010	010000110010111
101011001100011	010010110010111
101011001101000	010000110011101
101011001101001	010010110011101
101011001101010	010000110011111
101011001101011	010010110011111
101011010000011	000010001110111
101011010001011	000010001111111
101011010100001	010011110000101
101011010100011	010011110000111
101011010101001	010011110001101
101011010101011	010011110001111
101011011000001	000010011110101
101011011000010	000000011110111
101011011000011	000010011110111
101011011001001	000010011111101
101011011001010	000000011111111
101011011001011	000010011111111
101011011100000	010001110010101
101011011100001	010011110010101
101011011100010	010001110010111
101011011100011	010011110010111
101011011101000	010001110011101
101011011101001	010011110011101
101011011101010	010001110011111
101011011101011	010011110011111
101011100000010	010000000110111
101011100000011	010010000110111
101011100000110	010010001100111
101011100000111	011010000110111
101011100001010	010000000111111
101011100001011	010010000111111
101011100001110	010010001101111
101011100001111	011010000111111
101011100010000	010000011100101
101011100010001	010011000110101
101011100010010	010000011100111
101011100010011	010011000110111
101011100010100	010010011100101
101011100010101	011010011100101
101011100010110	010010011100111
101011100010111	011010011100111
101011100011000	010000011101101
101011100011001	010011000111101
101011100011010	010000011101111
101011100011011	010011000111111
101011100011100	010010011101101
101011100011101	011010011101101
101011100011110	010010011101111
101011100011111	011010011101111
101011100100000	011010100110000
101011100100001	011010100110100
101011100100010	011010100110010
101011100100011	011010100110110
101011100100100	011010100110001
101011100100101	011010100110101
101011100100110	011010100110011
101011100100111	011010100110111
101011100101000	011010100111000
101011100101001	011010100111100
101011100101010	011010100111010
101011100101011	011010100111110
101011100101100	011010100111001
101011100101101	011010100111101
101011100101110	011010100111011
101011100101111	011010100111111
101011100110000	011010111100000
101011100110001	011010111100001
101011100110010	011010111100010
101011100110011	011010111100011
101011100110100	011010111100100
101011100110101	011010111100101
101011100110110	011010111100110
101011100110111	011010111100111
101011100111000	011010111101000
101011100111001	011010111101001
101011100111010	011010111101010
101011100111011	011010111101011
101011100111100	011010111101100
101011100111101	011010111101101
101011100111110	011010111101110
101011100111111	011010111101111
101011101000000	010000010110101
101011101000001	010010010110101
101011101000010	010000010110111
101011101000011	010010010110111
101011101001000	010000010111101
101011101001001	010010010111101
101011101001010	010000010111111
101011101001011	010010010111111
101011101100000	011010110110000
101011101100001	011010110110100
101011101100010	011010110110010
101011101100011	011010110110110
101011101101000	011010110111000
101011101101001	011010110111100
101011101101010	011010110111010
101011101101011	011010110111110
101011110000010	010000001110111
101011110000011	010010001110111
101011110001010	010000001111111
101011110001011	010010001111111
101011110100000	011010101110000
101011110100001	011010101110001
101011110100010	011010101110010
101011110100011	011010101110011
101011110101000	011010101111000
101011110101001	011010101111001
101011110101010	011010101111010
101011110101011	011010101111011
101011111000000	010000011110101
101011111000001	010010011110101
101011111000010	010000011110111
101011111000011	010010011110111
101011111001000	010000011111101
101011111001001	010010011111101
101011111001010	010000011111111
101011111001011	010010011111111
101011111100000	011010111110000
101011111100001	011010111110100
101011111100010	011010111110010
101011111100011	011010111110110
101011111101000	011010111111000
101011111101001	011010111111100
101011111101010	011010111111010
101011111101011	011010111111110
101100000010100	000110010100001
101100000011000	000100010101001
101100000011100	000110010101001
101100000100100	010110100000001
101100000101000	010100100001001
101100000101001	010110100001100
101100000101100	010110100001001
101100000110000	010100100010001
101100000110100	010110100010001
101100000111000	010100100011001
101100000111100	010110100011001
101100001000100	000110101000001
101100001001000	000100010101100
101100001001001	000110010101100
101100001001100	000110101001001
101100001010000	000100101010001
101100001010100	000110101010001
101100001011000	000100101011001
101100001011100	000110101011001
101100001100100	010110101000001
101100001101000	010100100011100
101100001101001	010110100011100
101100001101100	010110101001001
101100001110000	010100101010001
101100001110100	010110101010001
101100001111000	010100101011001
101100001111100	010110101011001
101100010010000	000100010110001
101100010010100	000110010110001
101100010011000	000100010111001
101100010011100	000110010111001
101100010100000	010100110000001
101100010100001	010110101000100
101100010100100	010110101000001
101100010101000	010100110001001
101100010101001	010110101001100
101100010101100	010110101001001
101100010110000	010100110010001
101100010110100	010110110010001
101100010111000	010100110011001
101100010111100	010110110011001
101100011000000	000100011100100
101100011000001	000110011100100
101100011000100	000110111000001
101100011001000	000100011101100
101100011001001	000110011101100
101100011001100	000110111001001
101100011010000	000100111010001
101100011010100	000110111010001
101100011011000	000100111011001
101100011011100	000110111011001
101100011100000	010100111000001
101100011100001	010110111000100
101100011100100	010110111000001
101100011101000	010100111001001
101100011101001	010110111001100
101100011101100	010110111001001
101100011110000	010100111010001
101100011110100	010110111010001
101100011111000	010100111011001
101100011111100	010110111011001
101100100010100	010110010100001
101100100011000	010100010101001
101100100011100	010110010101001
101100100100100	010110100100001
101100100101000	010110100101000
101100100101001	010110100101100
101100100101100	010110100101001
101100100110000	010111100100000
101100100110100	010111100100001
101100100111000	010111100101000
101100100111100	010111100101001
101100101000100	010110010100001
101100101001000	010100010101100
101100101001001	010110010101100
101100101001100	010110010101001
101100101010000	010101010100001
101100101010100	010111010100001
101100101011000	010101010101001
101100101011100	010111010101001
101100101100100	010110110100001
101100101101000	010110110101000
101100101101001	010110110101100
101100101101100	010110110101001
101100101110000	010111110100000
101100101110100	010111110100001
101100101111000	010111110101000
101100101111100	010111110101001
101100110010000	010100010110001
101100110010100	010110010110001
101100110011000	010100010111001
101100110011100	010110010111001
101100110100000	010110101100000
101100110100001	010110101100100
101100110100100	010110101100001
101100110101000	010110101101000
101100110101001	010110101101100
101100110101100	010110101101001
101100110110000	010111101100000
101100110110100	010111101100001
101100110111000	010111101101000
101100110111100	010111101101001
101100111000000	010100011100100
101100111000001	010110011100100
101100111000100	010110011100001
101100111001000	010100011101100
101100111001001	010110011101100
101100111001100	010110011101001
101100111010000	010101010110001
101100111010100	010111010110001
101100111011000	010101010111001
101100111011100	010111010111001
101100111100000	010110111100000
101100111100001	010110111100100
101100111100100	010110111100001
101100111101000	010110111101000
101100111101001	010110111101100
101100111101100	010110111101001
101100111110000	010111111100000
101100111110100	010111111100001
101100111111000	010111111101000
101100111111100	010111111101001
101101000010100	000110011100001
101101000011000	000100011101001
101101000011100	000110011101001
101101000100100	010110100010001
101101000101000	010100110001100
101101000101001	010110100011100
101101000101100	010110100011001
101101000110000	010100111000100
101101000110100	010111100010001
101101000111000	010100111001100
101101000111100	010111100011001
101101001000100	000111001100001
101101001001000	000100010111100
101101001001001	000110010111100
101101001001100	000111001101001
101101001010000	000100111010100
101101001010100	000111011100001
101101001011000	000100111011100
101101001011100	000111011101001
101101001100100	010110110010001
101101001101000	010100110011100
101101001101001	010110110011100
101101001101100	010110110011001
101101001110000	010100111010100
101101001110100	010111101010001
101101001111000	010100111011100
101101001111100	010111101011001
101101010010000	000100011110001
101101010010100	000110011110001
101101010011000	000100011111001
101101010011100	000110011111001
101101010100000	010101110000001
101101010100001	010110101010100
101101010100100	010110101010001
101101010101000	010101110001001
101101010101001	010110101011100
101101010101100	010110101011001
101101010110000	010101110010001
101101010110100	010111101010001
101101010111000	010101110011001
101101010111100	010111101011001
101101011000000	000100011110100
101101011000001	000110011110100
101101011000100	000111001110001
101101011001000	000100011111100
101101011001001	000110011111100
101101011001100	000111001111001
101101011010000	000101011110001
101101011010100	000111011110001
101101011011000	000101011111001
101101011011100	000111011111001
101101011100000	010101110010100
101101011100001	010110111010100
101101011100100	010110111010001
101101011101000	010101110011100
101101011101001	010110111011100
101101011101100	010110111011001
101101011110000	010101111010001
101101011110100	010111111010001
101101011111000	010101111011001
101101011111100	010111111011001
101101100010100	010110011100001
101101100011000	010100011101001
101101100011100	010110011101001
101101100100100	010110100110001
101101100101000	010110100111000
101101100101001	010110100111100
101101100101100	010110100111001
101101100110000	010111100110000
101101100110100	010111100110001
101101100111000	010111100111000
101101100111100	010111100111001
101101101000100	010110010110001
101101101001000	010100010111100
101101101001001	010110010111100
101101101001100	010110010111001
101101101010000	010101010110100
101101101010100	010111010110001
101101101011000	010101010111100
101101101011100	010111010111001
101101101100100	010110110110001
101101101101000	010110110111000
101101101101001	010110110111100
101101101101100	010110110111001
101101101110000	010111110110000
101101101110100	010111110110001
101101101111000	010111110111000
101101101111100	010111110111001
101101110010000	010100011110001
101101110010100	010110011110001
101101110011000	010100011111001
101101110011100	010110011111001
101101110100000	010110101110000
101101110100001	010110101110100
101101110100100	010110101110001
101101110101000	010110101111000
101101110101001	010110101111100
101101110101100	010110101111001
101101110110000	010111101110000
101101110110100	010111101110001
101101110111000	010111101111000
101101110111100	010111101111001
101101111000000	010100011110100
101101111000001	010110011110100
101101111000100	010110011110001
101101111001000	010100011111100
101101111001001	010110011111100
101101111001100	010110011111001
101101111010000	010101011110001
101101111010100	010111011110001
101101111011000	010101011111001
101101111011100	010111011111001
101101111100000	010110111110000
101101111100001	010110111110100
101101111100100	010110111110001
101101111101000	010110111111000
101101111101001	010110111111100
101101111101100	010110111111001
101101111110000	010111111110000
101101111110100	010111111110001
101101111111000	010111111111000
101101111111100	010111111111001
101110000100000	010100100000101
101110000100001	010110100000101
101110000101000	010100100001101
101110000101001	010110100001101
101110001000000	000100010100101
101110001000001	000110010100101
101110001001000	000100010101101
101110001001001	000110010101101
101110001100000	010100100010101
101110001100001	010110100010101
101110001101000	010100100011101
101110001101001	010110100011101
101110010100000	010100110000101
101110010100001	010111100000101
101110010101000	010100110001101
101110010101001	010111100001101
101110011000000	000100011100101
101110011000001	000110011100101
101110011001000	000100011101101
101110011001001	000110011101101
101110011100000	010100111000101
101110011100001	010111100010101
101110011101000	010100111001101
101110011101001	010111100011101
101110100100000	011110100100000
101110100100001	011110100100001
101110100101000	011110100101000
101110100101001	011110100101001
101110101000000	010100010100101
101110101000001	010110010100101
101110101001000	010100010101101
101110101001001	010110010101101
101110101100000	011110110100000
101110101100001	011110110100100
101110101101000	011110110101000
101110101101001	011110110101100
101110110100000	011110100110000
101110110100001	011110100110001
101110110101000	011110100111000
101110110101001	011110100111001
101110111000000	010100011100101
101110111000001	010110011100101
101110111001000	010100011101101
101110111001001	010110011101101
101110111100000	011110111100000
101110111100001	011110111100100
101110111101000	011110111101000
101110111101001	011110111101100
101111000100000	010100110000101
101111000100001	010110110000101
101111000101000	010100110001101
101111000101001	010110110001101
101111001000000	000100010110101
101111001000001	000110010110101
101111001001000	000100010111101
101111001001001	000110010111101
101111001100000	010100110010101
101111001100001	010110110010101
101111001101000	010100110011101
101111001101001	010110110011101
101111010100000	010101110000101
101111010100001	010111110000101
101111010101000	010101110001101
101111010101001	010111110001101
101111011000000	000100011110101
101111011000001	000110011110101
101111011001000	000100011111101
101111011001001	000110011111101
101111011100000	010101110010101
101111011100001	010111110010101
101111011101000	010101110011101
101111011101001	010111110011101
101111100100000	011110100110000
101111100100001	011110100110100
101111100101000	011110100111000
101111100101001	011110100111100
101111101000000	010100010110101
101111101000001	010110010110101
101111101001000	010100010111101
101111101001001	010110010111101
101111101100000	011110110110000
101111101100001	011110110110100
101111101101000	011110110111000
101111101101001	011110110111100
101111110100000	011110101110000
101111110100001	011110101110001
101111110101000	011110101111000
101111110101001	011110101111001
101111111000000	010100011110101
101111111000001	010110011110101
101111111001000	010100011111101
101111111001001	010110011111101
101111111100000	011110111110000
101111111100001	011110111110100
101111111101000	011110111111000
101111111101001	011110111111100
110000000000111	001010100100010
110000000001011	000010100101010
110000000001110	000010100101010
110000000001111	001010100101010
110000000010011	000010101100010
110000000010101	001010100110000
110000000010111	001010100110010
110000000011001	000010101101000
110000000011010	000000100111010
110000000011011	000010101101010
110000000011100	000010100111000
110000000011101	001010100111000
110000000011110	000010100111010
110000000011111	001010100111010
110000000100101	011010100100000
110000000100111	011010100100010
110000000101001	010010100101000
110000000101011	010010100101010
110000000101100	010010100101000
110000000101101	011010100101000
110000000101110	010010100101010
110000000101111	011010100101010
110000000110001	010010101100000
110000000110011	010010101100010
110000000110101	011010100110000
110000000110111	011010100110010
110000000111000	010000100111000
110000000111001	010010101101000
110000000111010	010000100111010
110000000111011	010010101101010
110000000111100	010010100111000
110000000111101	011010100111000
110000000111110	010010100111010
110000000111111	011010100111010
110000001001001	000010100111000
110000001001010	000000100111010
110000001001011	000010100111010
110000001001100	000010101101000
110000001010100	000010101110000
110000001011100	000010101111000
110000001100100	010010101100000
110000001101000	010000100111000
110000001101001	010010100111000
110000001101010	010000100111010
110000001101011	010010100111010
110000001101100	010010101101000
110000001110000	010000101110000
110000001110100	010010101110000
110000001111000	010000101111000
110000001111100	010010101111000
110000010000011	000010101100010
110000010001001	000010101101000
110000010001010	000000100111010
110000010001011	000010101101010
110000010001100	000010100111000
110000010011100	000010110111000
110000010100001	010011100100000
110000010100011	010011100100010
110000010101000	010000110101000
110000010101001	010011100101000
110000010101010	010000110101010
110000010101011	010011100101010
110000010101100	010010110101000
110000010111000	010000110111000
110000010111100	010010110111000
110000011000001	000010111100000
110000011000010	000000111100010
110000011000011	000010111100010
110000011000100	000010111100000
110000011001001	000010111101000
110000011001010	000000111101010
110000011001011	000010111101010
110000011001100	000010111101000
110000011010100	000010111110000
110000011011100	000010111111000
110000011100000	010000111100000
110000011100001	010011100110000
110000011100010	010000111100010
110000011100011	010011100110010
110000011100100	010010111100000
110000011101000	010000111101000
110000011101001	010011100111000
110000011101010	010000111101010
110000011101011	010011100111010
110000011101100	010010111101000
110000011110000	010000111110000
110000011110100	010010111110000
110000011111000	010000111111000
110000011111100	010010111111000
110000100000101	011010100100000
110000100000111	011010100100010
110000100001001	010010100101000
110000100001011	010010100101010
110000100001100	010010100101000
110000100001101	011010100101000
110000100001110	010010100101010
110000100001111	011010100101010
110000100010001	010011100100000
110000100010011	010011100100010
110000100010101	011010110100000
110000100010111	011010110100010
110000100011000	010000110101000
110000100011001	010011100101000
110000100011010	010000110101010
110000100011011	010011100101010
110000100011100	010010110101000
110000100011101	011010110101000
110000100011110	010010110101010
110000100011111	011010110101010
110000100100101	110000100100101
110000100100111	110000100100111
110000100101001	110000100101001
110000100101011	110000100101011
110000100101100	110000100101001
110000100101101	110000100101101
110000100101110	110000100101011
110000100101111	110000100101111
110000100110001	110000100110001
110000100110011	110000100110011
110000100110101	110000100110101
110000100110111	110000100110111
110000100111000	110000100111000
110000100111001	110000100111001
110000100111010	110000100111010
110000100111011	110000100111011
110000100111100	110000100111100
110000100111101	110000100111101
110000100111110	110000100111110
110000100111111	110000100111111
110000101000100	010011100100000
110000101001000	010000110101000
110000101001001	010010110101000
110000101001010	010000110101010
110000101001011	010010110101010
110000101001100	010011100101000
110000101010000	010001110100000
110000101010100	010011110100000
110000101011000	010001110101000
110000101011100	010011110101000
110000101100100	110000100110001
110000101101000	110000100111000
110000101101001	110000100111100
110000101101010	110000100111010
110000101101011	110000100111110
110000101101100	110000100111001
110000101110000	110000101110000
110000101110100	110000101110001
110000101111000	110000101111000
110000101111100	110000101111001
110000110000001	010010101100000
110000110000011	010010101100010
110000110001000	010000100111000
110000110001001	010010101101000
110000110001010	010000100111010
110000110001011	010010101101010
110000110001100	010010100111000
110000110011000	010000110111000
110000110011100	010010110111000
110000110100001	110000100110001
110000110100011	110000100110011
110000110101000	110000100111000
110000110101001	110000100111001
110000110101010	110000100111010
110000110101011	110000100111011
110000110101100	110000100111100
110000110111000	110000110111000
110000110111100	110000110111100
110000111000000	010000111100000
110000111000001	010010111100000
110000111000010	010000111100010
110000111000011	010010111100010
110000111000100	010011100110000
110000111001000	010000111101000
110000111001001	010010111101000
110000111001010	010000111101010
110000111001011	010010111101010
110000111001100	010011100111000
110000111010000	010001110110000
110000111010100	010011110110000
110000111011000	010001110111000
110000111011100	010011110111000
110000111100000	110000111100000
110000111100001	110000111100001
110000111100010	110000111100010
110000111100011	110000111100011
110000111100100	110000111100001
110000111101000	110000111101000
110000111101001	110000111101001
110000111101010	110000111101010
110000111101011	110000111101011
110000111101100	110000111101001
110000111110000	110000111110000
110000111110100	110000111110100
110000111111000	110000111111000
110000111111100	110000111111100
110001000000101	001010100110000
110001000000110	000010101100010
110001000000111	001010100110010
110001000001001	000010100111000
110001000001010	000000100111010
110001000001011	000010100111010
110001000001100	000010101101000
110001000001101	001010100111000
110001000001110	000010101101010
110001000001111	001010100111010
110001000010001	000010111100000
110001000010010	000000111100010
110001000010011	000010111100010
110001000010100	000010111100000
110001000010101	001010111100000
110001000010110	000010111100010
110001000010111	001010111100010
110001000011001	000010111101000
110001000011010	000000111101010
110001000011011	000010111101010
110001000011100	000010111101000
110001000011101	001010111101000
110001000011110	000010111101010
110001000011111	001010111101010
110001000100100	010011100100000
110001000100101	011010110100000
110001000100110	010011100100010
110001000100111	011010110100010
110001000101000	010000110101000
110001000101001	010010110101000
110001000101010	010000110101010
110001000101011	010010110101010
110001000101100	010011100101000
110001000101101	011010110101000
110001000101110	010011100101010
110001000101111	011010110101010
110001000110000	010000111100000
110001000110001	010010111100000
110001000110010	010000111100010
110001000110011	010010111100010
110001000110100	010011100110000
110001000110101	011010111100000
110001000110110	010011100110010
110001000110111	011010111100010
110001000111000	010000111101000
110001000111001	010010111101000
110001000111010	010000111101010
110001000111011	010010111101010
110001000111100	010011100111000
110001000111101	011010111101000
110001000111110	010011100111010
110001000111111	011010111101010
110001001001001	000010110111000
110001001001010	000000110111010
110001001001011	000010110111010
110001001001100	000011101101000
110001001010100	000011101110000
110001001011100	000011101111000
110001001100100	010011101100000
110001001101000	010000110111000
110001001101001	010010110111000
110001001101010	010000110111010
110001001101011	010010110111010
110001001101100	010011101101000
110001001110000	010000111110000
110001001110100	010011101110000
110001001111000	010000111111000
110001001111100	010011101111000
110001010000001	000010101110000
110001010000010	000000101110010
110001010000011	000010101110010
110001010000100	000010101110000
110001010001001	000010101111000
110001010001010	000000101111010
110001010001011	000010101111010
110001010001100	000010101111000
110001010010100	000010111110000
110001010011100	000010111111000
110001010100000	010001110100000
110001010100001	010011110100000
110001010100010	010001110100010
110001010100011	010011110100010
110001010100100	010011110100000
110001010101000	010001110101000
110001010101001	010011110101000
110001010101010	010001110101010
110001010101011	010011110101010
110001010101100	010011110101000
110001010110000	010001110110000
110001010110100	010011110110000
110001010111000	010001110111000
110001010111100	010011110111000
110001011000001	000010111110000
110001011000010	000000111110010
110001011000011	000010111110010
110001011000100	000011101110000
110001011001001	000010111111000
110001011001010	000000111111010
110001011001011	000010111111010
110001011001100	000011101111000
110001011010100	000011111110000
110001011011100	000011111111000
110001011100000	010001110110000
110001011100001	010011110110000
110001011100010	010001110110010
110001011100011	010011110110010
110001011100100	010011111100000
110001011101000	010001110111000
110001011101001	010011110111000
110001011101010	010001110111010
110001011101011	010011110111010
110001011101100	010011111101000
110001011110000	010001111110000
110001011110100	010011111110000
110001011111000	010001111111000
110001011111100	010011111111000
110001100000100	010010101100000
110001100000101	011010100110000
110001100000110	010010101100010
110001100000111	011010100110010
110001100001000	010000100111000
110001100001001	010010100111000
110001100001010	010000100111010
110001100001011	010010100111010
110001100001100	010010101101000
110001100001101	011010100111000
110001100001110	010010101101010
110001100001111	011010100111010
110001100010000	010000111100000
110001100010001	010011100110000
110001100010010	010000111100010
110001100010011	010011100110010
110001100010100	010010111100000
110001100010101	011010111100000
110001100010110	010010111100010
110001100010111	011010111100010
110001100011000	010000111101000
110001100011001	010011100111000
110001100011010	010000111101010
110001100011011	010011100111010
110001100011100	010010111101000
110001100011101	011010111101000
110001100011110	010010111101010
110001100011111	011010111101010
110001100100100	110000100110001
110001100100101	110000100110101
110001100100110	110000100110011
110001100100111	110000100110111
110001100101000	110000100111000
110001100101001	110000100111100
110001100101010	110000100111010
110001100101011	110000100111110
110001100101100	110000100111001
110001100101101	110000100111101
110001100101110	110000100111011
110001100101111	110000100111111
110001100110000	110000111100000
110001100110001	110000111100001
110001100110010	110000111100010
110001100110011	110000111100011
110001100110100	110000111100001
110001100110101	110000111100101
110001100110110	110000111100011
110001100110111	110000111100111
110001100111000	110000111101000
110001100111001	110000111101001
110001100111010	110000111101010
110001100111011	110000111101011
110001100111100	110000111101001
110001100111101	110000111101101
110001100111110	110000111101011
110001100111111	110000111101111
110001101000100	010011101100000
110001101001000	010000110111000
110001101001001	010010110111000
110001101001010	010000110111010
110001101001011	010010110111010
110001101001100	010011101101000
110001101010000	010001110110000
110001101010100	010011111100000
110001101011000	010001110111000
110001101011100	010011111101000
110001101100100	110000110110001
110001101101000	110000110111000
110001101101001	110000110111100
110001101101010	110000110111010
110001101101011	110000110111110
110001101101100	110000110111001
110001101110000	110000111110000
110001101110100	110000111110001
110001101111000	110000111111000
110001101111100	110000111111001
110001110000000	010000101110000
110001110000001	010010101110000
110001110000010	010000101110010
110001110000011	010010101110010
110001110000100	010010101110000
110001110001000	010000101111000
110001110001001	010010101111000
110001110001010	010000101111010
110001110001011	010010101111010
110001110001100	010010101111000
110001110010000	010000111110000
110001110010100	010010111110000
110001110011000	010000111111000
110001110011100	010010111111000
110001110100000	110000101110000
110001110100001	110000101110001
110001110100010	110000101110010
110001110100011	110000101110011
110001110100100	110000101110001
110001110101000	110000101111000
110001110101001	110000101111001
110001110101010	110000101111010
110001110101011	110000101111011
110001110101100	110000101111001
110001110110000	110000111110000
110001110110100	110000111110100
110001110111000	110000111111000
110001110111100	110000111111100
110001111000000	010000111110000
110001111000001	010010111110000
110001111000010	010000111110010
110001111000011	010010111110010
110001111000100	010011101110000
110001111001000	010000111111000
110001111001001	010010111111000
110001111001010	010000111111010
110001111001011	010010111111010
110001111001100	010011101111000
110001111010000	010001111110000
110001111010100	010011111110000
110001111011000	010001111111000
110001111011100	010011111111000
110001111100000	110000111110000
110001111100001	110000111110100
110001111100010	110000111110010
110001111100011	110000111110110
110001111100100	110000111110001
110001111101000	110000111111000
110001111101001	110000111111100
110001111101010	110000111111010
110001111101011	110000111111110
110001111101100	110000111111001
110001111110000	110001111110000
110001111110100	110001111110001
110001111111000	110001111111000
110001111111100	110001111111001
110010000000011	000010100100011
110010000000101	001010100100001
110010000000111	001010100100011
110010000001001	000010100101001
110010000001010	000000100101011
110010000001011	000010100101011
110010000001100	000010100101100
110010000001101	001010100101001
110010000001110	000010100101110
110010000001111	001010100101011
110010000010011	000010101100011
110010000010101	001010100110100
110010000010111	001010100110110
110010000011001	000010101101001
110010000011010	000000100111110
110010000011011	000010101101011
110010000011100	000010100111100
110010000011101	001010100111100
110010000011110	000010100111110
110010000011111	001010100111110
110010000100001	010010100100001
110010000100011	010010100100011
110010000100101	011010100100001
110010000100111	011010100100011
110010000101000	010000100101001
110010000101001	010010100101001
110010000101010	010000100101011
110010000101011	010010100101011
110010000101100	010010100101100
110010000101101	011010100101001
110010000101110	010010100101110
110010000101111	011010100101011
110010000110001	010010101100001
110010000110011	010010101100011
110010000110101	011010100110100
110010000110111	011010100110110
110010000111000	010000100111100
110010000111001	010010101101001
110010000111010	010000100111110
110010000111011	010010101101011
110010000111100	010010100111100
110010000111101	011010100111100
110010000111110	010010100111110
110010000111111	011010100111110
110010001000001	000010100110001
110010001000010	000000100110011
110010001000011	000010100110011
110010001001001	000010100111001
110010001001010	000000100111011
110010001001011	000010100111011
110010001100000	010000100110001
110010001100001	010010100110001
110010001100010	010000100110011
110010001100011	010010100110011
110010001101000	010000100111001
110010001101001	010010100111001
110010001101010	010000100111011
110010001101011	010010100111011
110010010000011	000010101100011
110010010001001	000010101101001
110010010001010	000000100111110
110010010001011	000010101101011
110010010100001	010011100100001
110010010100011	010011100100011
110010010101000	010000110101100
110010010101001	010011100101001
110010010101010	010000110101110
110010010101011	010011100101011
110010011000001	000010111100001
110010011000010	000000111100011
110010011000011	000010111100011
110010011001001	000010111101001
110010011001010	000000111101011
110010011001011	000010111101011
110010011100000	010000111100100
110010011100001	010011100110001
110010011100010	010000111100110
110010011100011	010011100110011
110010011101000	010000111101100
110010011101001	010011100111001
110010011101010	010000111101110
110010011101011	010011100111011
110010100000001	010010100100001
110010100000011	010010100100011
110010100000101	011010100100001
110010100000111	011010100100011
110010100001000	010000100101001
110010100001001	010010100101001
110010100001010	010000100101011
110010100001011	010010100101011
110010100001100	010010100101100
110010100001101	011010100101001
110010100001110	010010100101110
110010100001111	011010100101011
110010100010001	010011100100001
110010100010011	010011100100011
110010100010101	011010110100100
110010100010111	011010110100110
110010100011000	010000110101100
110010100011001	010011100101001
110010100011010	010000110101110
110010100011011	010011100101011
110010100011100	010010110101100
110010100011101	011010110101100
110010100011110	010010110101110
110010100011111	011010110101110
110010100100001	110010100100001
110010100100011	110010100100011
110010100100101	110010100100101
110010100100111	110010100100111
110010100101000	110000100101001
110010100101001	110010100101001
110010100101010	110000100101011
110010100101011	110010100101011
110010100101100	110010100101100
110010100101101	110010100101101
110010100101110	110010100101110
110010100101111	110010100101111
110010100110001	110010100110001
110010100110011	110010100110011
110010100110101	110010100110101
110010100110111	110010100110111
110010100111000	110000100111100
110010100111001	110010100111001
110010100111010	110000100111110
110010100111011	110010100111011
110010100111100	110010100111100
110010100111101	110010100111101
110010100111110	110010100111110
110010100111111	110010100111111
110010101000000	010000110100001
110010101000001	010010110100001
110010101000010	010000110100011
110010101000011	010010110100011
110010101001000	010000110101001
110010101001001	010010110101001
110010101001010	010000110101011
110010101001011	010010110101011
110010101100000	110000100110001
110010101100001	110010100110001
110010101100010	110000100110011
110010101100011	110010100110011
110010101101000	110000100111001
110010101101001	110010100111001
110010101101010	110000100111011
110010101101011	110010100111011
110010110000001	010010101100001
110010110000011	010010101100011
110010110001000	010000100111100
110010110001001	010010101101001
110010110001010	010000100111110
110010110001011	010010101101011
110010110100001	110010100110001
110010110100011	110010100110011
110010110101000	110000100111100
110010110101001	110010100111001
110010110101010	110000100111110
110010110101011	110010100111011
110010111000000	010000111100001
110010111000001	010010111100001
110010111000010	010000111100011
110010111000011	010010111100011
110010111001000	010000111101001
110010111001001	010010111101001
110010111001010	010000111101011
110010111001011	010010111101011
110010111100000	110000111100001
110010111100001	110010111100001
110010111100010	110000111100011
110010111100011	110010111100011
110010111101000	110000111101001
110010111101001	110010111101001
110010111101010	110000111101011
110010111101011	110010111101011
110011000000001	000010100110001
110011000000010	000000100110011
110011000000011	000010100110011
110011000000100	000010101100100
110011000000101	001010100110001
110011000000110	000010101100110
110011000000111	001010100110011
110011000001001	000010100111001
110011000001010	000000100111011
110011000001011	000010100111011
110011000001100	000010101101100
110011000001101	001010100111001
110011000001110	000010101101110
110011000001111	001010100111011
110011000010001	000010111100001
110011000010010	000000111100011
110011000010011	000010111100011
110011000010100	000010111100100
110011000010101	001010111100001
110011000010110	000010111100110
110011000010111	001010111100011
110011000011001	000010111101001
110011000011010	000000111101011
110011000011011	000010111101011
110011000011100	000010111101100
110011000011101	001010111101001
110011000011110	000010111101110
110011000011111	001010111101011
110011000100000	010000110100001
110011000100001	010010110100001
110011000100010	010000110100011
110011000100011	010010110100011
110011000100100	010011100100100
110011000100101	011010110100001
110011000100110	010011100100110
110011000100111	011010110100011
110011000101000	010000110101001
110011000101001	010010110101001
110011000101010	010000110101011
110011000101011	010010110101011
110011000101100	010011100101100
110011000101101	011010110101001
110011000101110	010011100101110
110011000101111	011010110101011
110011000110000	010000111100001
110011000110001	010010111100001
110011000110010	010000111100011
110011000110011	010010111100011
110011000110100	010011100110100
110011000110101	011010111100001
110011000110110	010011100110110
110011000110111	011010111100011
110011000111000	010000111101001
110011000111001	010010111101001
110011000111010	010000111101011
110011000111011	010010111101011
110011000111100	010011100111100
110011000111101	011010111101001
110011000111110	010011100111110
110011000111111	011010111101011
110011001000001	000010110110001
110011001000010	000000110110011
110011001000011	000010110110011
110011001001001	000010110111001
110011001001010	000000110111011
110011001001011	000010110111011
110011001100000	010000110110001
110011001100001	010010110110001
110011001100010	010000110110011
110011001100011	010010110110011
110011001101000	010000110111001
110011001101001	010010110111001
110011001101010	010000110111011
110011001101011	010010110111011
110011010000001	000010101110001
110011010000010	000000101110011
110011010000011	000010101110011
110011010001001	000010101111001
110011010001010	000000101111011
110011010001011	000010101111011
110011010100000	010001110100001
110011010100001	010011110100001
110011010100010	010001110100011
110011010100011	010011110100011
110011010101000	010001110101001
110011010101001	010011110101001
110011010101010	010001110101011
110011010101011	010011110101011
110011011000001	000010111110001
110011011000010	000000111110011
110011011000011	000010111110011
110011011001001	000010111111001
110011011001010	000000111111011
110011011001011	000010111111011
110011011100000	010001110110001
110011011100001	010011110110001
110011011100010	010001110110011
110011011100011	010011110110011
110011011101000	010001110111001
110011011101001	010011110111001
110011011101010	010001110111011
110011011101011	010011110111011
110011100000000	010000100110001
110011100000001	010010100110001
110011100000010	010000100110011
110011100000011	010010100110011
110011100000100	010010101100100
110011100000101	011010100110001
110011100000110	010010101100110
110011100000111	011010100110011
110011100001000	010000100111001
110011100001001	010010100111001
110011100001010	010000100111011
110011100001011	010010100111011
110011100001100	010010101101100
110011100001101	011010100111001
110011100001110	010010101101110
110011100001111	011010100111011
110011100010000	010000111100100
110011100010001	010011100110001
110011100010010	010000111100110
110011100010011	010011100110011
110011100010100	010010111100100
110011100010101	011010111100100
110011100010110	010010111100110
110011100010111	011010111100110
110011100011000	010000111101100
110011100011001	010011100111001
110011100011010	010000111101110
110011100011011	010011100111011
110011100011100	010010111101100
110011100011101	011010111101100
110011100011110	010010111101110
110011100011111	011010111101110
110011100100000	110000100110001
110011100100001	110010100110001
110011100100010	110000100110011
110011100100011	110010100110011
110011100100100	110010101100100
110011100100101	110010101100101
110011100100110	110010101100110
110011100100111	110010101100111
110011100101000	110000100111001
110011100101001	110010100111001
110011100101010	110000100111011
110011100101011	110010100111011
110011100101100	110010101101100
110011100101101	110010101101101
110011100101110	110010101101110
110011100101111	110010101101111
110011100110000	110000111100001
110011100110001	110010111100001
110011100110010	110000111100011
110011100110011	110010111100011
110011100110100	110010111100100
110011100110101	110010111100101
110011100110110	110010111100110
110011100110111	110010111100111
110011100111000	110000111101001
110011100111001	110010111101001
110011100111010	110000111101011
110011100111011	110010111101011
110011100111100	110010111101100
110011100111101	110010111101101
110011100111110	110010111101110
110011100111111	110010111101111
110011101000000	010000110110001
110011101000001	010010110110001
110011101000010	010000110110011
110011101000011	010010110110011
110011101001000	010000110111001
110011101001001	010010110111001
110011101001010	010000110111011
110011101001011	010010110111011
110011101100000	110000110110001
110011101100001	110010110110001
110011101100010	110000110110011
110011101100011	110010110110011
110011101101000	110000110111001
110011101101001	110010110111001
110011101101010	110000110111011
110011101101011	110010110111011
110011110000000	010000101110001
110011110000001	010010101110001
110011110000010	010000101110011
110011110000011	010010101110011
110011110001000	010000101111001
110011110001001	010010101111001
110011110001010	010000101111011
110011110001011	010010101111011
110011110100000	110000101110001
110011110100001	110010101110001
110011110100010	110000101110011
110011110100011	110010101110011
110011110101000	110000101111001
110011110101001	110010101111001
110011110101010	110000101111011
110011110101011	110010101111011
110011111000000	010000111110001
110011111000001	010010111110001
110011111000010	010000111110011
110011111000011	010010111110011
110011111001000	010000111111001
110011111001001	010010111111001
110011111001010	010000111111011
110011111001011	010010111111011
110011111100000	110000111110001
110011111100001	110010111110001
110011111100010	110000111110011
110011111100011	110010111110011
110011111101000	110000111111001
110011111101001	110010111111001
110011111101010	110000111111011
110011111101011	110010111111011
110100000001001	000110100101000
110100000001100	000110100101000
110100000011000	000100100111000
110100000011100	000110100111000
110100000101001	010110100101000
110100000101100	010110100101000
110100000111000	010100100111000
110100000111100	010110100111000
110100001000100	000110101100000
110100001001000	000100100111000
110100001001001	000110100111000
110100001001100	000110101101000
110100001010000	000100101110000
110100001010100	000110101110000
110100001011000	000100101111000
110100001011100	000110101111000
110100001100100	010110101100000
110100001101000	010100100111000
110100001101001	010110100111000
110100001101100	010110101101000
110100001110000	010100101110000
110100001110100	010110101110000
110100001111000	010100101111000
110100001111100	010110101111000
110100010000001	000110101100000
110100010001000	000100100111000
110100010001001	000110101101000
110100010001100	000110100111000
110100010011000	000100110111000
110100010011100	000110110111000
110100010100001	010111100100000
110100010101000	010100110101000
110100010101001	010111100101000
110100010101100	010110110101000
110100010111000	010100110111000
110100010111100	010110110111000
110100011000000	000100111100000
110100011000001	000110111100000
110100011000100	000110111100000
110100011001000	000100111101000
110100011001001	000110111101000
110100011001100	000110111101000
110100011010000	000100111110000
110100011010100	000110111110000
110100011011000	000100111111000
110100011011100	000110111111000
110100011100000	010100111100000
110100011100001	010111100110000
110100011100100	010110111100000
110100011101000	010100111101000
110100011101001	010111100111000
110100011101100	010110111101000
110100011110000	010100111110000
110100011110100	010110111110000
110100011111000	010100111111000
110100011111100	010110111111000
110100100001001	010110100101000
110100100001100	010110100101000
110100100011000	010100110101000
110100100011100	010110110101000
110100100101001	110100100101001
110100100101100	110100100101001
110100100111000	110100100111000
110100100111100	110100100111100
110100101000100	010111100100000
110100101001000	010100110101000
110100101001001	010110110101000
110100101001100	010111100101000
110100101010000	010101110100000
110100101010100	010111110100000
110100101011000	010101110101000
110100101011100	010111110101000
110100101100100	110100100110001
110100101101000	110100100111000
110100101101001	110100100111100
110100101101100	110100100111001
110100101110000	110100101110000
110100101110100	110100101110001
110100101111000	110100101111000
110100101111100	110100101111001
110100110000001	010110101100000
110100110001000	010100100111000
110100110001001	010110101101000
110100110001100	010110100111000
110100110011000	010100110111000
110100110011100	010110110111000
110100110100001	110100100110001
110100110101000	110100100111000
110100110101001	110100100111001
110100110101100	110100100111100
110100110111000	110100110111000
110100110111100	110100110111100
110100111000000	010100111100000
110100111000001	010110111100000
110100111000100	010111100110000
110100111001000	010100111101000
110100111001001	010110111101000
110100111001100	010111100111000
110100111010000	010101110110000
110100111010100	010111110110000
110100111011000	010101110111000
110100111011100	010111110111000
110100111100000	110100111100000
110100111100001	110100111100001
110100111100100	110100111100001
110100111101000	110100111101000
110100111101001	110100111101001
110100111101100	110100111101001
110100111110000	110100111110000
110100111110100	110100111110100
110100111111000	110100111111000
110100111111100	110100111111100
110101000000100	000110101100000
110101000001000	000100100111000
110101000001001	000110100111000
110101000001100	000110101101000
110101000010000	000100111100000
110101000010100	000110111100000
110101000011000	000100111101000
110101000011100	000110111101000
110101000100100	010111100100000
110101000101000	010100110101000
110101000101001	010110110101000
110101000101100	010111100101000
110101000110000	010100111100000
110101000110100	010111100110000
110101000111000	010100111101000
110101000111100	010111100111000
110101001000100	000111101100000
110101001001000	000100110111000
110101001001001	000110110111000
110101001001100	000111101101000
110101001010000	000100111110000
110101001010100	000111101110000
110101001011000	000100111111000
110101001011100	000111101111000
110101001100100	010111101100000
110101001101000	010100110111000
110101001101001	010110110111000
110101001101100	010111101101000
110101001110000	010100111110000
110101001110100	010111101110000
110101001111000	010100111111000
110101001111100	010111101111000
110101010000000	000100101110000
110101010000001	000110101110000
110101010000100	000110101110000
110101010001000	000100101111000
110101010001001	000110101111000
110101010001100	000110101111000
110101010010000	000100111110000
110101010010100	000110111110000
110101010011000	000100111111000
110101010011100	000110111111000
110101010100000	010101110100000
110101010100001	010111110100000
110101010100100	010111110100000
110101010101000	010101110101000
110101010101001	010111110101000
110101010101100	010111110101000
110101010110000	010101110110000
110101010110100	010111110110000
110101010111000	010101110111000
110101010111100	010111110111000
110101011000000	000100111110000
110101011000001	000110111110000
110101011000100	000111101110000
110101011001000	000100111111000
110101011001001	000110111111000
110101011001100	000111101111000
110101011010000	000101111110000
110101011010100	000111111110000
110101011011000	000101111111000
110101011011100	000111111111000
110101011100000	010101110110000
110101011100001	010111110110000
110101011100100	010111111100000
110101011101000	010101110111000
110101011101001	010111110111000
110101011101100	010111111101000
110101011110000	010101111110000
110101011110100	010111111110000
110101011111000	010101111111000
110101011111100	010111111111000
110101100000100	010110101100000
110101100001000	010100100111000
110101100001001	010110100111000
110101100001100	010110101101000
110101100010000	010100111100000
110101100010100	010110111100000
110101100011000	010100111101000
110101100011100	010110111101000
110101100100100	110100100110001
110101100101000	110100100111000
110101100101001	110100100111100
110101100101100	110100100111001
110101100110000	110100111100000
110101100110100	110100111100001
110101100111000	110100111101000
110101100111100	110100111101001
110101101000100	010111101100000
110101101001000	010100110111000
110101101001001	010110110111000
110101101001100	010111101101000
110101101010000	010101110110000
110101101010100	010111111100000
110101101011000	010101110111000
110101101011100	010111111101000
110101101100100	110100110110001
110101101101000	110100110111000
110101101101001	110100110111100
110101101101100	110100110111001
110101101110000	110100111110000
110101101110100	110100111110001
110101101111000	110100111111000
110101101111100	110100111111001
110101110000000	010100101110000
110101110000001	010110101110000
110101110000100	010110101110000
110101110001000	010100101111000
110101110001001	010110101111000
110101110001100	010110101111000
110101110010000	010100111110000
110101110010100	010110111110000
110101110011000	010100111111000
110101110011100	010110111111000
110101110100000	110100101110000
110101110100001	110100101110001
110101110100100	110100101110001
110101110101000	110100101111000
110101110101001	110100101111001
110101110101100	110100101111001
110101110110000	110100111110000
110101110110100	110100111110100
110101110111000	110100111111000
110101110111100	110100111111100
110101111000000	010100111110000
110101111000001	010110111110000
110101111000100	010111101110000
110101111001000	010100111111000
110101111001001	010110111111000
110101111001100	010111101111000
110101111010000	010101111110000
110101111010100	010111111110000
110101111011000	010101111111000
110101111011100	010111111111000
110101111100000	110100111110000
110101111100001	110100111110100
110101111100100	110100111110001
110101111101000	110100111111000
110101111101001	110100111111100
110101111101100	110100111111001
110101111110000	110101111110000
110101111110100	110101111110001
110101111111000	110101111111000
110101111111100	110101111111001
110110000000001	000110100100001
110110000001000	000100100101001
110110000001001	000110100101001
110110000100001	010110100100001
110110000101000	010100100101001
110110000101001	010110100101001
110110001000000	000100100110001
110110001000001	000110100110001
110110001001000	000100100111001
110110001001001	000110100111001
110110001100000	010100100110001
110110001100001	010110100110001
110110001101000	010100100111001
110110001101001	010110100111001
110110010000001	000110101100001
110110010001000	000100100111100
110110010001001	000110101101001
110110010100001	010111100100001
110110010101000	010100110101100
110110010101001	010111100101001
110110011000000	000100111100001
110110011000001	000110111100001
110110011001000	000100111101001
110110011001001	000110111101001
110110011100000	010100111100100
110110011100001	010111100110001
110110011101000	010100111101100
110110011101001	010111100111001
110110100000001	010110100100001
110110100001000	010100100101001
110110100001001	010110100101001
110110100100001	110110100100001
110110100101000	110100100101001
110110100101001	110110100101001
110110101000000	010100110100001
110110101000001	010110110100001
110110101001000	010100110101001
110110101001001	010110110101001
110110101100000	110100100110001
110110101100001	110110100110001
110110101101000	110100100111001
110110101101001	110110100111001
110110110000001	010110101100001
110110110001000	010100100111100
110110110001001	010110101101001
110110110100001	110110100110001
110110110101000	110100100111100
110110110101001	110110100111001
110110111000000	010100111100001
110110111000001	010110111100001
110110111001000	010100111101001
110110111001001	010110111101001
110110111100000	110100111100001
110110111100001	110110111100001
110110111101000	110100111101001
110110111101001	110110111101001
110111000000000	000100100110001
110111000000001	000110100110001
110111000001000	000100100111001
110111000001001	000110100111001
110111000100000	010100110100001
110111000100001	010110110100001
110111000101000	010100110101001
110111000101001	010110110101001
110111001000000	000100110110001
110111001000001	000110110110001
110111001001000	000100110111001
110111001001001	000110110111001
110111001100000	010100110110001
110111001100001	010110110110001
110111001101000	010100110111001
110111001101001	010110110111001
110111010000000	000100101110001
110111010000001	000110101110001
110111010001000	000100101111001
110111010001001	000110101111001
110111010100000	010101110100001
110111010100001	010111110100001
110111010101000	010101110101001
110111010101001	010111110101001
110111011000000	000100111110001
110111011000001	000110111110001
110111011001000	000100111111001
110111011001001	000110111111001
110111011100000	010101110110001
110111011100001	010111110110001
110111011101000	010101110111001
110111011101001	010111110111001
110111100000000	010100100110001
110111100000001	010110100110001
110111100001000	010100100111001
110111100001001	010110100111001
110111100100000	110100100110001
110111100100001	110110100110001
110111100101000	110100100111001
110111100101001	110110100111001
110111101000000	010100110110001
110111101000001	010110110110001
110111101001000	010100110111001
110111101001001	010110110111001
110111101100000	110100110110001
110111101100001	110110110110001
110111101101000	110100110111001
110111101101001	110110110111001
110111110000000	010100101110001
110111110000001	010110101110001
110111110001000	010100101111001
110111110001001	010110101111001
110111110100000	110100101110001
110111110100001	110110101110001
110111110101000	110100101111001
110111110101001	110110101111001
110111111000000	010100111110001
110111111000001	010110111110001
110111111001000	010100111111001
110111111001001	010110111111001
110111111100000	110100111110001
110111111100001	110110111110001
110111111101000	110100111111001
110111111101001	110110111111001
111000000000101	001010100100001
111000000000110	000010100100011
111000000000111	001010100100011
111000000001001	000010100101100
111000000001010	000000100101011
111000000001011	000010100101110
111000000001100	000010100101001
111000000001101	001010100101001
111000000001110	000010100101011
111000000001111	001010100101011
111000000010001	000010101100100
111000000010010	000000100110011
111000000010011	000010101100110
111000000010100	000010100110001
111000000010101	001010100110001
111000000010110	000010100110011
111000000010111	001010100110011
111000000011001	000010101101100
111000000011010	000000100111011
111000000011011	000010101101110
111000000011100	000010100111001
111000000011101	001010100111001
111000000011110	000010100111011
111000000011111	001010100111011
111000000100100	010010100100001
111000000100101	011010100100001
111000000100110	010010100100011
111000000100111	011010100100011
111000000101000	010000100101001
111000000101001	010010100101100
111000000101010	010000100101011
111000000101011	010010100101110
111000000101100	010010100101001
111000000101101	011010100101001
111000000101110	010010100101011
111000000101111	011010100101011
111000000110000	010000100110001
111000000110001	010010101100100
111000000110010	010000100110011
111000000110011	010010101100110
111000000110100	010010100110001
111000000110101	011010100110001
111000000110110	010010100110011
111000000110111	011010100110011
111000000111000	010000100111001
111000000111001	010010101101100
111000000111010	010000100111011
111000000111011	010010101101110
111000000111100	010010100111001
111000000111101	011010100111001
111000000111110	010010100111011
111000000111111	011010100111011
111000001001001	000010100111100
111000001001010	000000100111110
111000001001011	000010100111110
111000001001100	000010101101001
111000001010100	000010101110001
111000001011100	000010101111001
111000001100100	010010101100001
111000001101000	010000100111100
111000001101001	010010100111100
111000001101010	010000100111110
111000001101011	010010100111110
111000001101100	010010101101001
111000001110000	010000101110001
111000001110100	010010101110001
111000001111000	010000101111001
111000001111100	010010101111001
111000010000001	000010101100100
111000010000010	000000100110011
111000010000011	000010101100110
111000010000100	000010100110001
111000010001001	000010101101100
111000010001010	000000100111011
111000010001011	000010101101110
111000010001100	000010100111001
111000010010100	000010110110001
111000010011100	000010110111001
111000010100000	010000110100001
111000010100001	010011100100100
111000010100010	010000110100011
111000010100011	010011100100110
111000010100100	010010110100001
111000010101000	010000110101001
111000010101001	010011100101100
111000010101010	010000110101011
111000010101011	010011100101110
111000010101100	010010110101001
111000010110000	010000110110001
111000010110100	010010110110001
111000010111000	010000110111001
111000010111100	010010110111001
111000011000001	000010111100100
111000011000010	000000111100011
111000011000011	000010111100110
111000011000100	000010111100001
111000011001001	000010111101100
111000011001010	000000111101011
111000011001011	000010111101110
111000011001100	000010111101001
111000011010100	000010111110001
111000011011100	000010111111001
111000011100000	010000111100001
111000011100001	010011100110100
111000011100010	010000111100011
111000011100011	010011100110110
111000011100100	010010111100001
111000011101000	010000111101001
111000011101001	010011100111100
111000011101010	010000111101011
111000011101011	010011100111110
111000011101100	010010111101001
111000011110000	010000111110001
111000011110100	010010111110001
111000011111000	010000111111001
111000011111100	010010111111001
111000100000100	010010100100001
111000100000101	011010100100001
111000100000110	010010100100011
111000100000111	011010100100011
111000100001000	010000100101001
111000100001001	010010100101100
111000100001010	010000100101011
111000100001011	010010100101110
111000100001100	010010100101001
111000100001101	011010100101001
111000100001110	010010100101011
111000100001111	011010100101011
111000100010000	010000110100001
111000100010001	010011100100100
111000100010010	010000110100011
111000100010011	010011100100110
111000100010100	010010110100001
111000100010101	011010110100001
111000100010110	010010110100011
111000100010111	011010110100011
111000100011000	010000110101001
111000100011001	010011100101100
111000100011010	010000110101011
111000100011011	010011100101110
111000100011100	010010110101001
111000100011101	011010110101001
111000100011110	010010110101011
111000100011111	011010110101011
111000100100100	110010100100001
111000100100101	110010100100101
111000100100110	110010100100011
111000100100111	110010100100111
111000100101000	110000100101001
111000100101001	110010100101100
111000100101010	110000100101011
111000100101011	110010100101110
111000100101100	110010100101001
111000100101101	110010100101101
111000100101110	110010100101011
111000100101111	110010100101111
111000100110000	110000100110001
111000100110001	110010101100100
111000100110010	110000100110011
111000100110011	110010101100110
111000100110100	110010100110001
111000100110101	110010101100101
111000100110110	110010100110011
111000100110111	110010101100111
111000100111000	110000100111001
111000100111001	110010101101100
111000100111010	110000100111011
111000100111011	110010101101110
111000100111100	110010100111001
111000100111101	110010101101101
111000100111110	110010100111011
111000100111111	110010101101111
111000101000100	010011100100001
111000101001000	010000110101100
111000101001001	010010110101100
111000101001010	010000110101110
111000101001011	010010110101110
111000101001100	010011100101001
111000101010000	010001110100001
111000101010100	010011110100001
111000101011000	010001110101001
111000101011100	010011110101001
111000101100100	110010100110001
111000101101000	110000100111100
111000101101001	110010100111100
111000101101010	110000100111110
111000101101011	110010100111110
111000101101100	110010100111001
111000101110000	110000101110001
111000101110100	110010101110001
111000101111000	110000101111001
111000101111100	110010101111001
111000110000000	010000100110001
111000110000001	010010101100100
111000110000010	010000100110011
111000110000011	010010101100110
111000110000100	010010100110001
111000110001000	010000100111001
111000110001001	010010101101100
111000110001010	010000100111011
111000110001011	010010101101110
111000110001100	010010100111001
111000110010000	010000110110001
111000110010100	010010110110001
111000110011000	010000110111001
111000110011100	010010110111001
111000110100000	110000100110001
111000110100001	110010101100100
111000110100010	110000100110011
111000110100011	110010101100110
111000110100100	110010100110001
111000110101000	110000100111001
111000110101001	110010101101100
111000110101010	110000100111011
111000110101011	110010101101110
111000110101100	110010100111001
111000110110000	110000110110001
111000110110100	110010110110001
111000110111000	110000110111001
111000110111100	110010110111001
111000111000000	010000111100100
111000111000001	010010111100100
111000111000010	010000111100110
111000111000011	010010111100110
111000111000100	010011100110001
111000111001000	010000111101100
111000111001001	010010111101100
111000111001010	010000111101110
111000111001011	010010111101110
111000111001100	010011100111001
111000111010000	010001110110001
111000111010100	010011110110001
111000111011000	010001110111001
111000111011100	010011110111001
111000111100000	110000111100001
111000111100001	110010111100100
111000111100010	110000111100011
111000111100011	110010111100110
111000111100100	110010111100001
111000111101000	110000111101001
111000111101001	110010111101100
111000111101010	110000111101011
111000111101011	110010111101110
111000111101100	110010111101001
111000111110000	110000111110001
111000111110100	110010111110001
111000111111000	110000111111001
111000111111100	110010111111001
111001000000101	001010100110100
111001000000110	000010101100011
111001000000111	001010100110110
111001000001001	000010100111100
111001000001010	000000100111110
111001000001011	000010100111110
111001000001100	000010101101001
111001000001101	001010100111100
111001000001110	000010101101011
111001000001111	001010100111110
111001000010001	000010111100100
111001000010010	000000111100011
111001000010011	000010111100110
111001000010100	000010111100001
111001000010101	001010111100001
111001000010110	000010111100011
111001000010111	001010111100011
111001000011001	000010111101100
111001000011010	000000111101011
111001000011011	000010111101110
111001000011100	000010111101001
111001000011101	001010111101001
111001000011110	000010111101011
111001000011111	001010111101011
111001000100100	010011100100001
111001000100101	011010110100100
111001000100110	010011100100011
111001000100111	011010110100110
111001000101000	010000110101100
111001000101001	010010110101100
111001000101010	010000110101110
111001000101011	010010110101110
111001000101100	010011100101001
111001000101101	011010110101100
111001000101110	010011100101011
111001000101111	011010110101110
111001000110000	010000111100100
111001000110001	010010111100100
111001000110010	010000111100110
111001000110011	010010111100110
111001000110100	010011100110001
111001000110101	011010111100100
111001000110110	010011100110011
111001000110111	011010111100110
111001000111000	010000111101100
111001000111001	010010111101100
111001000111010	010000111101110
111001000111011	010010111101110
111001000111100	010011100111001
111001000111101	011010111101100
111001000111110	010011100111011
111001000111111	011010111101110
111001001001001	000010110111100
111001001001010	000000110111110
111001001001011	000010110111110
111001001001100	000011101101001
111001001010100	000011101110001
111001001011100	000011101111001
111001001100100	010011101100001
111001001101000	010000110111100
111001001101001	010010110111100
111001001101010	010000110111110
111001001101011	010010110111110
111001001101100	010011101101001
111001001110000	010000111110100
111001001110100	010011101110001
111001001111000	010000111111100
111001001111100	010011101111001
111001010000001	000010101110100
111001010000010	000000101110011
111001010000011	000010101110110
111001010000100	000010101110001
111001010001001	000010101111100
111001010001010	000000101111011
111001010001011	000010101111110
111001010001100	000010101111001
111001010010100	000010111110001
111001010011100	000010111111001
111001010100000	010001110100001
111001010100001	010011110100100
111001010100010	010001110100011
111001010100011	010011110100110
111001010100100	010011110100001
111001010101000	010001110101001
111001010101001	010011110101100
111001010101010	010001110101011
111001010101011	010011110101110
111001010101100	010011110101001
111001010110000	010001110110001
111001010110100	010011110110001
111001010111000	010001110111001
111001010111100	010011110111001
111001011000001	000010111110100
111001011000010	000000111110110
111001011000011	000010111110110
111001011000100	000011101110001
111001011001001	000010111111100
111001011001010	000000111111110
111001011001011	000010111111110
111001011001100	000011101111001
111001011010100	000011111110001
111001011011100	000011111111001
111001011100000	010001110110100
111001011100001	010011110110100
111001011100010	010001110110110
111001011100011	010011110110110
111001011100100	010011111100001
111001011101000	010001110111100
111001011101001	010011110111100
111001011101010	010001110111110
111001011101011	010011110111110
111001011101100	010011111101001
111001011110000	010001111110001
111001011110100	010011111110001
111001011111000	010001111111001
111001011111100	010011111111001
111001100000100	010010101100001
111001100000101	011010100110100
111001100000110	010010101100011
111001100000111	011010100110110
111001100001000	010000100111100
111001100001001	010010100111100
111001100001010	010000100111110
111001100001011	010010100111110
111001100001100	010010101101001
111001100001101	011010100111100
111001100001110	010010101101011
111001100001111	011010100111110
111001100010000	010000111100001
111001100010001	010011100110100
111001100010010	010000111100011
111001100010011	010011100110110
111001100010100	010010111100001
111001100010101	011010111100001
111001100010110	010010111100011
111001100010111	011010111100011
111001100011000	010000111101001
111001100011001	010011100111100
111001100011010	010000111101011
111001100011011	010011100111110
111001100011100	010010111101001
111001100011101	011010111101001
111001100011110	010010111101011
111001100011111	011010111101011
111001100100100	110010100110001
111001100100101	110010100110101
111001100100110	110010100110011
111001100100111	110010100110111
111001100101000	110000100111100
111001100101001	110010100111100
111001100101010	110000100111110
111001100101011	110010100111110
111001100101100	110010100111001
111001100101101	110010100111101
111001100101110	110010100111011
111001100101111	110010100111111
111001100110000	110000111100001
111001100110001	110010111100100
111001100110010	110000111100011
111001100110011	110010111100110
111001100110100	110010111100001
111001100110101	110010111100101
111001100110110	110010111100011
111001100110111	110010111100111
111001100111000	110000111101001
111001100111001	110010111101100
111001100111010	110000111101011
111001100111011	110010111101110
111001100111100	110010111101001
111001100111101	110010111101101
111001100111110	110010111101011
111001100111111	110010111101111
111001101000100	010011101100001
111001101001000	010000110111100
111001101001001	010010110111100
111001101001010	010000110111110
111001101001011	010010110111110
111001101001100	010011101101001
111001101010000	010001110110100
111001101010100	010011111100001
111001101011000	010001110111100
111001101011100	010011111101001
111001101100100	110010110110001
111001101101000	110000110111100
111001101101001	110010110111100
111001101101010	110000110111110
111001101101011	110010110111110
111001101101100	110010110111001
111001101110000	110000111110100
111001101110100	110010111110001
111001101111000	110000111111100
111001101111100	110010111111001
111001110000000	010000101110001
111001110000001	010010101110100
111001110000010	010000101110011
111001110000011	010010101110110
111001110000100	010010101110001
111001110001000	010000101111001
111001110001001	010010101111100
111001110001010	010000101111011
111001110001011	010010101111110
111001110001100	010010101111001
111001110010000	010000111110001
111001110010100	010010111110001
111001110011000	010000111111001
111001110011100	010010111111001
111001110100000	110000101110001
111001110100001	110010101110100
111001110100010	110000101110011
111001110100011	110010101110110
111001110100100	110010101110001
111001110101000	110000101111001
111001110101001	110010101111100
111001110101010	110000101111011
111001110101011	110010101111110
111001110101100	110010101111001
111001110110000	110000111110001
111001110110100	110010111110001
111001110111000	110000111111001
111001110111100	110010111111001
111001111000000	010000111110100
111001111000001	010010111110100
111001111000010	010000111110110
111001111000011	010010111110110
111001111000100	010011101110001
111001111001000	010000111111100
111001111001001	010010111111100
111001111001010	010000111111110
111001111001011	010010111111110
111001111001100	010011101111001
111001111010000	010001111110001
111001111010100	010011111110001
111001111011000	010001111111001
111001111011100	010011111111001
111001111100000	110000111110100
111001111100001	110010111110100
111001111100010	110000111110110
111001111100011	110010111110110
111001111100100	110010111110001
111001111101000	110000111111100
111001111101001	110010111111100
111001111101010	110000111111110
111001111101011	110010111111110
111001111101100	110010111111001
111001111110000	110001111110001
111001111110100	110011111110001
111001111111000	110001111111001
111001111111100	110011111111001
111010000000001	000010100100101
111010000000010	000000100100111
111010000000011	000010100100111
111010000000100	000010100100101
111010000000101	001010100100101
111010000000110	000010100100111
111010000000111	001010100100111
111010000001001	000010100101101
111010000001010	000000100101111
111010000001011	000010100101111
111010000001100	000010100101101
111010000001101	001010100101101
111010000001110	000010100101111
111010000001111	001010100101111
111010000010001	000010101100101
111010000010010	000000100110111
111010000010011	000010101100111
111010000010100	000010100110101
111010000010101	001010100110101
111010000010110	000010100110111
111010000010111	001010100110111
111010000011001	000010101101101
111010000011010	000000100111111
111010000011011	000010101101111
111010000011100	000010100111101
111010000011101	001010100111101
111010000011110	000010100111111
111010000011111	001010100111111
111010000100000	010000100100101
111010000100001	010010100100101
111010000100010	010000100100111
111010000100011	010010100100111
111010000100100	010010100100101
111010000100101	011010100100101
111010000100110	010010100100111
111010000100111	011010100100111
111010000101000	010000100101101
111010000101001	010010100101101
111010000101010	010000100101111
111010000101011	010010100101111
111010000101100	010010100101101
111010000101101	011010100101101
111010000101110	010010100101111
111010000101111	011010100101111
111010000110000	010000100110101
111010000110001	010010101100101
111010000110010	010000100110111
111010000110011	010010101100111
111010000110100	010010100110101
111010000110101	011010100110101
111010000110110	010010100110111
111010000110111	011010100110111
111010000111000	010000100111101
111010000111001	010010101101101
111010000111010	010000100111111
111010000111011	010010101101111
111010000111100	010010100111101
111010000111101	011010100111101
111010000111110	010010100111111
111010000111111	011010100111111
111010001000001	000010100110101
111010001000010	000000100110111
111010001000011	000010100110111
111010001001001	000010100111101
111010001001010	000000100111111
111010001001011	000010100111111
111010001100000	010000100110101
111010001100001	010010100110101
111010001100010	010000100110111
111010001100011	010010100110111
111010001101000	010000100111101
111010001101001	010010100111101
111010001101010	010000100111111
111010001101011	010010100111111
111010010000001	000010101100101
111010010000010	000000100110111
111010010000011	000010101100111
111010010001001	000010101101101
111010010001010	000000100111111
111010010001011	000010101101111
111010010100000	010000110100101
111010010100001	010011100100101
111010010100010	010000110100111
111010010100011	010011100100111
111010010101000	010000110101101
111010010101001	010011100101101
111010010101010	010000110101111
111010010101011	010011100101111
111010011000001	000010111100101
111010011000010	000000111100111
111010011000011	000010111100111
111010011001001	000010111101101
111010011001010	000000111101111
111010011001011	000010111101111
111010011100000	010000111100101
111010011100001	010011100110101
111010011100010	010000111100111
111010011100011	010011100110111
111010011101000	010000111101101
111010011101001	010011100111101
111010011101010	010000111101111
111010011101011	010011100111111
111010100000000	010000100100101
111010100000001	010010100100101
111010100000010	010000100100111
111010100000011	010010100100111
111010100000100	010010100100101
111010100000101	011010100100101
111010100000110	010010100100111
111010100000111	011010100100111
111010100001000	010000100101101
111010100001001	010010100101101
111010100001010	010000100101111
111010100001011	010010100101111
111010100001100	010010100101101
111010100001101	011010100101101
111010100001110	010010100101111
111010100001111	011010100101111
111010100010000	010000110100101
111010100010001	010011100100101
111010100010010	010000110100111
111010100010011	010011100100111
111010100010100	010010110100101
111010100010101	011010110100101
111010100010110	010010110100111
111010100010111	011010110100111
111010100011000	010000110101101
111010100011001	010011100101101
111010100011010	010000110101111
111010100011011	010011100101111
111010100011100	010010110101101
111010100011101	011010110101101
111010100011110	010010110101111
111010100011111	011010110101111
111010100100000	110000100100101
111010100100001	110010100100101
111010100100010	110000100100111
111010100100011	110010100100111
111010100100100	110010100100101
111010100100101	111010100100101
111010100100110	110010100100111
111010100100111	111010100100111
111010100101000	110000100101101
111010100101001	110010100101101
111010100101010	110000100101111
111010100101011	110010100101111
111010100101100	110010100101101
111010100101101	111010100101101
111010100101110	110010100101111
111010100101111	111010100101111
111010100110000	110000100110101
111010100110001	110010101100101
111010100110010	110000100110111
111010100110011	110010101100111
111010100110100	110010100110101
111010100110101	111010100110101
111010100110110	110010100110111
111010100110111	111010100110111
111010100111000	110000100111101
111010100111001	110010101101101
111010100111010	110000100111111
111010100111011	110010101101111
111010100111100	110010100111101
111010100111101	111010100111101
111010100111110	110010100111111
111010100111111	111010100111111
111010101000000	010000110100101
111010101000001	010010110100101
111010101000010	010000110100111
111010101000011	010010110100111
111010101001000	010000110101101
111010101001001	010010110101101
111010101001010	010000110101111
111010101001011	010010110101111
111010101100000	110000100110101
111010101100001	110010100110101
111010101100010	110000100110111
111010101100011	110010100110111
111010101101000	110000100111101
111010101101001	110010100111101
111010101101010	110000100111111
111010101101011	110010100111111
111010110000000	010000100110101
111010110000001	010010101100101
111010110000010	010000100110111
111010110000011	010010101100111
111010110001000	010000100111101
111010110001001	010010101101101
111010110001010	010000100111111
111010110001011	010010101101111
111010110100000	110000100110101
111010110100001	110010101100101
111010110100010	110000100110111
111010110100011	110010101100111
111010110101000	110000100111101
111010110101001	110010101101101
111010110101010	110000100111111
111010110101011	110010101101111
111010111000000	010000111100101
111010111000001	010010111100101
111010111000010	010000111100111
111010111000011	010010111100111
111010111001000	010000111101101
111010111001001	010010111101101
111010111001010	010000111101111
111010111001011	010010111101111
111010111100000	110000111100101
111010111100001	110010111100101
111010111100010	110000111100111
111010111100011	110010111100111
111010111101000	110000111101101
111010111101001	110010111101101
111010111101010	110000111101111
111010111101011	110010111101111
111011000000001	000010100110101
111011000000010	000000100110111
111011000000011	000010100110111
111011000000100	000010101100101
111011000000101	001010100110101
111011000000110	000010101100111
111011000000111	001010100110111
111011000001001	000010100111101
111011000001010	000000100111111
111011000001011	000010100111111
111011000001100	000010101101101
111011000001101	001010100111101
111011000001110	000010101101111
111011000001111	001010100111111
111011000010001	000010111100101
111011000010010	000000111100111
111011000010011	000010111100111
111011000010100	000010111100101
111011000010101	001010111100101
111011000010110	000010111100111
111011000010111	001010111100111
111011000011001	000010111101101
111011000011010	000000111101111
111011000011011	000010111101111
111011000011100	000010111101101
111011000011101	001010111101101
111011000011110	000010111101111
111011000011111	001010111101111
111011000100000	010000110100101
111011000100001	010010110100101
111011000100010	010000110100111
111011000100011	010010110100111
111011000100100	010011100100101
111011000100101	011010110100101
111011000100110	010011100100111
111011000100111	011010110100111
111011000101000	010000110101101
111011000101001	010010110101101
111011000101010	010000110101111
111011000101011	010010110101111
111011000101100	010011100101101
111011000101101	011010110101101
111011000101110	010011100101111
111011000101111	011010110101111
111011000110000	010000111100101
111011000110001	010010111100101
111011000110010	010000111100111
111011000110011	010010111100111
111011000110100	010011100110101
111011000110101	011010111100101
111011000110110	010011100110111
111011000110111	011010111100111
111011000111000	010000111101101
111011000111001	010010111101101
111011000111010	010000111101111
111011000111011	010010111101111
111011000111100	010011100111101
111011000111101	011010111101101
111011000111110	010011100111111
111011000111111	011010111101111
111011001000001	000010110110101
111011001000010	000000110110111
111011001000011	000010110110111
111011001001001	000010110111101
111011001001010	000000110111111
111011001001011	000010110111111
111011001100000	010000110110101
111011001100001	010010110110101
111011001100010	010000110110111
111011001100011	010010110110111
111011001101000	010000110111101
111011001101001	010010110111101
111011001101010	010000110111111
111011001101011	010010110111111
111011010000001	000010101110101
111011010000010	000000101110111
111011010000011	000010101110111
111011010001001	000010101111101
111011010001010	000000101111111
111011010001011	000010101111111
111011010100000	010001110100101
111011010100001	010011110100101
111011010100010	010001110100111
111011010100011	010011110100111
111011010101000	010001110101101
111011010101001	010011110101101
111011010101010	010001110101111
111011010101011	010011110101111
111011011000001	000010111110101
111011011000010	000000111110111
111011011000011	000010111110111
111011011001001	000010111111101
111011011001010	000000111111111
111011011001011	000010111111111
111011011100000	010001110110101
111011011100001	010011110110101
111011011100010	010001110110111
111011011100011	010011110110111
111011011101000	010001110111101
111011011101001	010011110111101
111011011101010	010001110111111
111011011101011	010011110111111
111011100000000	010000100110101
111011100000001	010010100110101
111011100000010	010000100110111
111011100000011	010010100110111
111011100000100	010010101100101
111011100000101	011010100110101
111011100000110	010010101100111
111011100000111	011010100110111
111011100001000	010000100111101
111011100001001	010010100111101
111011100001010	010000100111111
111011100001011	010010100111111
111011100001100	010010101101101
111011100001101	011010100111101
111011100001110	010010101101111
111011100001111	011010100111111
111011100010000	010000111100101
111011100010001	010011100110101
111011100010010	010000111100111
111011100010011	010011100110111
111011100010100	010010111100101
111011100010101	011010111100101
111011100010110	010010111100111
111011100010111	011010111100111
111011100011000	010000111101101
111011100011001	010011100111101
111011100011010	010000111101111
111011100011011	010011100111111
111011100011100	010010111101101
111011100011101	011010111101101
111011100011110	010010111101111
111011100011111	011010111101111
111011100100000	110000100110101
111011100100001	110010100110101
111011100100010	110000100110111
111011100100011	110010100110111
111011100100100	110010101100101
111011100100101	111010100110101
111011100100110	110010101100111
111011100100111	111010100110111
111011100101000	110000100111101
111011100101001	110010100111101
111011100101010	110000100111111
111011100101011	110010100111111
111011100101100	110010101101101
111011100101101	111010100111101
111011100101110	110010101101111
111011100101111	111010100111111
111011100110000	110000111100101
111011100110001	110010111100101
111011100110010	110000111100111
111011100110011	110010111100111
111011100110100	110010111100101
111011100110101	111010111100101
111011100110110	110010111100111
111011100110111	111010111100111
111011100111000	110000111101101
111011100111001	110010111101101
111011100111010	110000111101111
111011100111011	110010111101111
111011100111100	110010111101101
111011100111101	111010111101101
111011100111110	110010111101111
111011100111111	111010111101111
111011101000000	010000110110101
111011101000001	010010110110101
111011101000010	010000110110111
111011101000011	010010110110111
111011101001000	010000110111101
111011101001001	010010110111101
111011101001010	010000110111111
111011101001011	010010110111111
111011101100000	110000110110101
111011101100001	110010110110101
111011101100010	110000110110111
111011101100011	110010110110111
111011101101000	110000110111101
111011101101001	110010110111101
111011101101010	110000110111111
111011101101011	110010110111111
111011110000000	010000101110101
111011110000001	010010101110101
111011110000010	010000101110111
111011110000011	010010101110111
111011110001000	010000101111101
111011110001001	010010101111101
111011110001010	010000101111111
111011110001011	010010101111111
111011110100000	110000101110101
111011110100001	110010101110101
111011110100010	110000101110111
111011110100011	110010101110111
111011110101000	110000101111101
111011110101001	110010101111101
111011110101010	110000101111111
111011110101011	110010101111111
111011111000000	010000111110101
111011111000001	010010111110101
111011111000010	010000111110111
111011111000011	010010111110111
111011111001000	010000111111101
111011111001001	010010111111101
111011111001010	010000111111111
111011111001011	010010111111111
111011111100000	110000111110101
111011111100001	110010111110101
111011111100010	110000111110111
111011111100011	110010111110111
111011111101000	110000111111101
111011111101001	110010111111101
111011111101010	110000111111111
111011111101011	110010111111111
111100000000100	000110100100001
111100000001000	000100100101001
111100000001001	000110100101100
111100000001100	000110100101001
111100000010000	000100100110001
111100000010100	000110100110001
111100000011000	000100100111001
111100000011100	000110100111001
111100000100100	010110100100001
111100000101000	010100100101001
111100000101001	010110100101100
111100000101100	010110100101001
111100000110000	010100100110001
111100000110100	010110100110001
111100000111000	010100100111001
111100000111100	010110100111001
111100001000100	000110101100001
111100001001000	000100100111100
111100001001001	000110100111100
111100001001100	000110101101001
111100001010000	000100101110001
111100001010100	000110101110001
111100001011000	000100101111001
111100001011100	000110101111001
111100001100100	010110101100001
111100001101000	010100100111100
111100001101001	010110100111100
111100001101100	010110101101001
111100001110000	010100101110001
111100001110100	010110101110001
111100001111000	010100101111001
111100001111100	010110101111001
111100010000000	000100100110001
111100010000001	000110101100100
111100010000100	000110100110001
111100010001000	000100100111001
111100010001001	000110101101100
111100010001100	000110100111001
111100010010000	000100110110001
111100010010100	000110110110001
111100010011000	000100110111001
111100010011100	000110110111001
111100010100000	010100110100001
111100010100001	010111100100100
111100010100100	010110110100001
111100010101000	010100110101001
111100010101001	010111100101100
111100010101100	010110110101001
111100010110000	010100110110001
111100010110100	010110110110001
111100010111000	010100110111001
111100010111100	010110110111001
111100011000000	000100111100001
111100011000001	000110111100100
111100011000100	000110111100001
111100011001000	000100111101001
111100011001001	000110111101100
111100011001100	000110111101001
111100011010000	000100111110001
111100011010100	000110111110001
111100011011000	000100111111001
111100011011100	000110111111001
111100011100000	010100111100001
111100011100001	010111100110100
111100011100100	010110111100001
111100011101000	010100111101001
111100011101001	010111100111100
111100011101100	010110111101001
111100011110000	010100111110001
111100011110100	010110111110001
111100011111000	010100111111001
111100011111100	010110111111001
111100100000100	010110100100001
111100100001000	010100100101001
111100100001001	010110100101100
111100100001100	010110100101001
111100100010000	010100110100001
111100100010100	010110110100001
111100100011000	010100110101001
111100100011100	010110110101001
111100100100100	110110100100001
111100100101000	110100100101001
111100100101001	110110100101100
111100100101100	110110100101001
111100100110000	110100100110001
111100100110100	110110100110001
111100100111000	110100100111001
111100100111100	110110100111001
111100101000100	010111100100001
111100101001000	010100110101100
111100101001001	010110110101100
111100101001100	010111100101001
111100101010000	010101110100001
111100101010100	010111110100001
111100101011000	010101110101001
111100101011100	010111110101001
111100101100100	110110100110001
111100101101000	110100100111100
111100101101001	110110100111100
111100101101100	110110100111001
111100101110000	110100101110001
111100101110100	110110101110001
111100101111000	110100101111001
111100101111100	110110101111001
111100110000000	010100100110001
111100110000001	010110101100100
111100110000100	010110100110001
111100110001000	010100100111001
111100110001001	010110101101100
111100110001100	010110100111001
111100110010000	010100110110001
111100110010100	010110110110001
111100110011000	010100110111001
111100110011100	010110110111001
111100110100000	110100100110001
111100110100001	110110101100100
111100110100100	110110100110001
111100110101000	110100100111001
111100110101001	110110101101100
111100110101100	110110100111001
111100110110000	110100110110001
111100110110100	110110110110001
111100110111000	110100110111001
111100110111100	110110110111001
111100111000000	010100111100100
111100111000001	010110111100100
111100111000100	010111100110001
111100111001000	010100111101100
111100111001001	010110111101100
111100111001100	010111100111001
111100111010000	010101110110001
111100111010100	010111110110001
111100111011000	010101110111001
111100111011100	010111110111001
111100111100000	110100111100001
111100111100001	110110111100100
111100111100100	110110111100001
111100111101000	110100111101001
111100111101001	110110111101100
111100111101100	110110111101001
111100111110000	110100111110001
111100111110100	110110111110001
111100111111000	110100111111001
111100111111100	110110111111001
111101000000100	000110101100001
111101000001000	000100100111100
111101000001001	000110100111100
111101000001100	000110101101001
111101000010000	000100111100001
111101000010100	000110111100001
111101000011000	000100111101001
111101000011100	000110111101001
111101000100100	010111100100001
111101000101000	010100110101100
111101000101001	010110110101100
111101000101100	010111100101001
111101000110000	010100111100100
111101000110100	010111100110001
111101000111000	010100111101100
111101000111100	010111100111001
111101001000100	000111101100001
111101001001000	000100110111100
111101001001001	000110110111100
111101001001100	000111101101001
111101001010000	000100111110100
111101001010100	000111101110001
111101001011000	000100111111100
111101001011100	000111101111001
111101001100100	010111101100001
111101001101000	010100110111100
111101001101001	010110110111100
111101001101100	010111101101001
111101001110000	010100111110100
111101001110100	010111101110001
111101001111000	010100111111100
111101001111100	010111101111001
111101010000000	000100101110001
111101010000001	000110101110100
111101010000100	000110101110001
111101010001000	000100101111001
111101010001001	000110101111100
111101010001100	000110101111001
111101010010000	000100111110001
111101010010100	000110111110001
111101010011000	000100111111001
111101010011100	000110111111001
111101010100000	010101110100001
111101010100001	010111110100100
111101010100100	010111110100001
111101010101000	010101110101001
111101010101001	010111110101100
111101010101100	010111110101001
111101010110000	010101110110001
111101010110100	010111110110001
111101010111000	010101110111001
111101010111100	010111110111001
111101011000000	000100111110100
111101011000001	000110111110100
111101011000100	000111101110001
111101011001000	000100111111100
111101011001001	000110111111100
111101011001100	000111101111001
111101011010000	000101111110001
111101011010100	000111111110001
111101011011000	000101111111001
111101011011100	000111111111001
111101011100000	010101110110100
111101011100001	010111110110100
111101011100100	010111111100001
111101011101000	010101110111100
111101011101001	010111110111100
111101011101100	010111111101001
111101011110000	010101111110001
111101011110100	010111111110001
111101011111000	010101111111001
111101011111100	010111111111001
111101100000100	010110101100001
111101100001000	010100100111100
111101100001001	010110100111100
111101100001100	010110101101001
111101100010000	010100111100001
111101100010100	010110111100001
111101100011000	010100111101001
111101100011100	010110111101001
111101100100100	110110100110001
111101100101000	110100100111100
111101100101001	110110100111100
111101100101100	110110100111001
111101100110000	110100111100001
111101100110100	110110111100001
111101100111000	110100111101001
111101100111100	110110111101001
111101101000100	010111101100001
111101101001000	010100110111100
111101101001001	010110110111100
111101101001100	010111101101001
111101101010000	010101110110100
111101101010100	010111111100001
111101101011000	010101110111100
111101101011100	010111111101001
111101101100100	110110110110001
111101101101000	110100110111100
111101101101001	110110110111100
111101101101100	110110110111001
111101101110000	110100111110100
111101101110100	110110111110001
111101101111000	110100111111100
111101101111100	110110111111001
111101110000000	010100101110001
111101110000001	010110101110100
111101110000100	010110101110001
111101110001000	010100101111001
111101110001001	010110101111100
111101110001100	010110101111001
111101110010000	010100111110001
111101110010100	010110111110001
111101110011000	010100111111001
111101110011100	010110111111001
111101110100000	110100101110001
111101110100001	110110101110100
111101110100100	110110101110001
111101110101000	110100101111001
111101110101001	110110101111100
111101110101100	110110101111001
111101110110000	110100111110001
111101110110100	110110111110001
111101110111000	110100111111001
111101110111100	110110111111001
111101111000000	010100111110100
111101111000001	010110111110100
111101111000100	010111101110001
111101111001000	010100111111100
111101111001001	010110111111100
111101111001100	010111101111001
111101111010000	010101111110001
111101111010100	010111111110001
111101111011000	010101111111001
111101111011100	010111111111001
111101111100000	110100111110100
111101111100001	110110111110100
111101111100100	110110111110001
111101111101000	110100111111100
111101111101001	110110111111100
111101111101100	110110111111001
111101111110000	110101111110001
111101111110100	110111111110001
111101111111000	110101111111001
111101111111100	110111111111001
111110000000000	000100100100101
111110000000001	000110100100101
111110000001000	000100100101101
111110000001001	000110100101101
111110000100000	010100100100101
111110000100001	010110100100101
111110000101000	010100100101101
111110000101001	010110100101101
111110001000000	000100100110101
111110001000001	000110100110101
111110001001000	000100100111101
111110001001001	000110100111101
111110001100000	010100100110101
111110001100001	010110100110101
111110001101000	010100100111101
111110001101001	010110100111101
111110010000000	000100100110101
111110010000001	000110101100101
111110010001000	000100100111101
111110010001001	000110101101101
111110010100000	010100110100101
111110010100001	010111100100101
111110010101000	010100110101101
111110010101001	010111100101101
111110011000000	000100111100101
111110011000001	000110111100101
111110011001000	000100111101101
111110011001001	000110111101101
111110011100000	010100111100101
111110011100001	010111100110101
111110011101000	010100111101101
111110011101001	010111100111101
111110100000000	010100100100101
111110100000001	010110100100101
111110100001000	010100100101101
111110100001001	010110100101101
111110100100000	110100100100101
111110100100001	110110100100101
111110100101000	110100100101101
111110100101001	110110100101101
111110101000000	010100110100101
111110101000001	010110110100101
111110101001000	010100110101101
111110101001001	010110110101101
111110101100000	110100100110101
111110101100001	110110100110101
111110101101000	110100100111101
111110101101001	110110100111101
111110110000000	010100100110101
111110110000001	010110101100101
111110110001000	010100100111101
111110110001001	010110101101101
111110110100000	110100100110101
111110110100001	110110101100101
111110110101000	110100100111101
111110110101001	110110101101101
111110111000000	010100111100101
111110111000001	010110111100101
111110111001000	010100111101101
111110111001001	010110111101101
111110111100000	110100111100101
111110111100001	110110111100101
111110111101000	110100111101101
111110111101001	110110111101101
111111000000000	000100100110101
111111000000001	000110100110101
111111000001000	000100100111101
111111000001001	000110100111101
111111000100000	010100110100101
111111000100001	010110110100101
111111000101000	010100110101101
111111000101001	010110110101101
111111001000000	000100110110101
111111001000001	000110110110101
111111001001000	000100110111101
111111001001001	000110110111101
111111001100000	010100110110101
111111001100001	010110110110101
111111001101000	010100110111101
111111001101001	010110110111101
111111010000000	000100101110101
111111010000001	000110101110101
111111010001000	000100101111101
111111010001001	000110101111101
111111010100000	010101110100101
111111010100001	010111110100101
111111010101000	010101110101101
111111010101001	010111110101101
111111011000000	000100111110101
111111011000001	000110111110101
111111011001000	000100111111101
111111011001001	000110111111101
111111011100000	010101110110101
111111011100001	010111110110101
111111011101000	010101110111101
111111011101001	010111110111101
111111100000000	010100100110101
111111100000001	010110100110101
111111100001000	010100100111101
111111100001001	010110100111101
111111100100000	110100100110101
111111100100001	110110100110101
111111100101000	110100100111101
111111100101001	110110100111101
111111101000000	010100110110101
111111101000001	010110110110101
111111101001000	010100110111101
111111101001001	010110110111101
111111101100000	110100110110101
111111101100001	110110110110101
111111101101000	110100110111101
111111101101001	110110110111101
111111110000000	010100101110101
111111110000001	010110101110101
111111110001000	010100101111101
111111110001001	010110101111101
111111110100000	110100101110101
111111110100001	110110101110101
111111110101000	110100101111101
111111110101001	110110101111101
111111111000000	010100111110101
111111111000001	010110111110101
111111111001000	010100111111101
111111111001001	010110111111101
111111111100000	110100111110101
111111111100001	110110111110101
111111111101000	110100111111101
111111111101001	110110111111101
