source	owner	t	traffic	rr	saved_cancel_support	saved_cancel_terms	saved_nonliteral	best_cancel_support	best_cancel_terms	best_nonliteral	automorphisms
000000010101011	000010011001001	5	3168	2838	5	30	9	5	11	5	3840
000000011001011	000010011001001	5	4256	3769	5	31	9	5	10	5	3840
000000011101010	000010011001001	5	2410	2112	5	34	10	5	10	6	3840
000000011101011	010100101110000	6	17804	16730	6	37	9	6	15	6	576
000000100010111	000010011001001	5	0	0	5	22	9	5	12	5	3840
000000100011011	000010011001001	5	0	0	5	30	10	5	11	4	3840
000000100011110	000010011001001	5	0	0	5	15	8	3	3	4	3840
000000100011111	010100101110000	6	0	0	6	20	7	4	5	4	576
000000100100111	000010011001001	5	9989	9424	5	25	8	5	9	4	3840
000000100101011	000010011001001	5	2801	2723	5	30	9	5	14	6	3840
000000100101110	000010011001001	5	12758	11895	5	22	9	5	14	6	3840
000000100101111	010100101110000	6	149927	145842	6	19	6	6	10	5	576
000000100110011	000010011001001	5	0	0	5	26	9	4	7	4	3840
000000100110111	010100101110000	6	0	0	6	22	6	5	11	5	576
000000100111010	000010011001001	5	0	0	5	31	10	4	7	5	3840
000000100111011	001100101110000	6	0	0	6	28	7	3	7	4	384
000000100111110	010100101110000	6	0	0	6	30	8	5	6	4	576
000000100111111	101101100101000	7	0	0	7	28	7	4	6	3	128
000000101001011	000010011001001	5	2711	2633	5	26	9	3	3	4	3840
000000101101010	000010011001001	5	2422	2352	5	25	10	4	7	4	3840
000000101101011	010100101110000	6	9783	9635	6	28	9	5	6	4	576
000000110100011	000010011001001	5	290	244	5	27	10	4	7	5	3840
000000110101010	000010011001001	5	5	1	5	28	9	4	7	6	3840
000000110101011	001100101110000	6	2056	1823	6	28	7	3	7	4	384
000000111000011	000010011001001	5	682	570	5	25	9	3	5	5	3840
000000111001010	000010011001001	5	1116	1039	5	26	8	5	10	5	3840
000000111001011	001100101110000	6	1940	1693	6	23	8	5	7	3	384
000000111100010	000010011001001	5	310	254	5	22	8	2	2	2	3840
000000111100011	010100101110000	6	2772	2544	6	29	9	5	11	5	576
000000111101010	101010000110001	6	79	59	6	15	5	4	7	3	480
000000111101011	011001000001111	7	10182	9461	7	20	6	5	8	4	48
000001000010111	000010011001001	5	27	23	5	18	9	5	11	6	3840
000001000011011	000010011001001	5	6	1	5	30	10	5	10	6	3840
000001000011110	000010011001001	5	288	213	5	30	9	5	10	5	3840
000001000011111	010100101110000	6	1518	1345	6	24	7	6	16	5	576
000001000100111	000010011001001	5	734	706	5	21	8	5	12	5	3840
000001000101011	000010011001001	5	818	790	5	25	9	3	3	4	3840
000001000101110	000010011001001	5	1746	1686	5	28	10	5	11	5	3840
000001000101111	010100101110000	6	32101	31508	6	18	6	4	5	4	576
000001000110011	000010011001001	5	0	0	5	22	9	3	5	5	3840
000001000110111	010100101110000	6	69	65	5	8	5	5	8	5	576
000001000111010	000010011001001	5	2	0	5	28	9	5	10	6	3840
000001000111011	001100101110000	6	69	50	6	23	8	5	7	3	384
000001000111110	010100101110000	6	1252	1099	6	26	8	6	15	6	576
000001000111111	101101100101000	7	6453	5961	7	29	7	5	7	4	128
000001001001011	000010011001001	5	188622	182200	5	26	9	5	12	5	3840
000001001101010	000010011001001	5	2815	2457	5	30	9	3	3	4	3840
000001001101011	010100101110000	6	35739	33306	6	28	9	4	6	3	576
000001010100011	000010011001001	5	3904	3466	5	27	10	4	6	5	3840
000001010101011	010100101110000	6	21325	20170	6	28	9	6	14	6	576
000001011000011	000010011001001	5	5254	4633	5	24	9	3	3	3	3840
000001011001011	010100101110000	6	37477	34790	6	21	9	4	7	5	576
000001011100010	000010011001001	5	3146	2755	5	20	8	3	4	5	3840
000001011100011	010100101110000	6	22987	21613	6	35	9	5	13	6	576
000001011101010	010100101110000	6	18227	17187	6	30	8	6	16	6	576
000001011101011	001001011101001	7	171108	165296	7	22	5	6	14	6	576
000001100010110	000010011001001	5	1698	1573	5	29	10	3	5	5	3840
000001100010111	010100101110000	6	0	0	6	31	8	5	8	5	576
000001100011010	000010011001001	5	3	1	5	30	9	5	10	5	3840
000001100011011	010100101110000	6	118	81	6	37	9	6	15	6	576
000001100011110	001100101110000	6	67	51	6	27	7	5	7	3	384
000001100011111	101101100101000	7	532	487	7	30	7	5	7	4	128
000001100100110	000010011001001	5	12889	12151	5	28	9	4	7	5	3840
000001100100111	010100101110000	6	60850	58634	6	25	8	5	11	5	576
000001100101010	000010011001001	5	12144	11509	5	26	9	4	7	5	3840
000001100101011	010100101110000	6	51120	49215	6	28	9	5	6	4	576
000001100101110	001100101110000	6	61911	59558	6	21	7	3	7	4	384
000001100101111	101101100101000	7	553365	534327	7	19	7	4	6	3	128
000001100110010	000010011001001	5	1242	1164	5	29	10	2	2	3	3840
000001100110011	010100101110000	6	0	0	6	29	9	5	11	5	576
000001100110110	010100101110000	6	3290	3092	5	13	6	5	11	5	576
000001100110111	001001011101001	7	0	0	7	30	8	5	6	4	576
000001100111010	101010000110001	6	45	32	4	13	5	4	7	3	480
000001100111011	011001000001111	7	430	389	7	31	8	5	8	4	48
000001100111110	011001000001111	7	171	153	5	8	4	5	8	4	48
000001100111111	011000101101011	8	1809	1762	8	23	6	8	18	5	32
000001101001010	000010011001001	5	1316	1224	5	30	8	3	3	3	3840
000001101001011	010100101110000	6	0	0	6	28	9	4	6	3	576
000001101101010	001100101110000	6	105	80	6	14	6	5	9	4	384
000001101101011	101101100101000	7	0	0	7	13	5	5	9	3	128
000001110100010	000010011001001	5	6	1	5	18	8	5	5	4	3840
000001110100011	010100101110000	6	4948	4341	6	20	8	4	8	4	576
000001110101010	010100101110000	6	80	63	6	22	8	4	8	4	576
000001110101011	101101100101000	7	14435	13172	6	12	5	5	14	5	128
000001111000010	000010011001001	5	790	730	5	25	10	5	12	5	3840
000001111000011	010100101110000	6	2716	2393	6	25	8	4	6	4	576
000001111001010	010100101110000	6	3838	3728	6	25	8	4	7	5	576
000001111001011	101101100101000	7	14671	13681	7	21	6	7	16	5	128
000001111100010	001100101110000	6	119	88	5	10	5	5	9	3	384
000001111100011	101101100101000	7	22369	21052	7	19	6	6	11	4	128
000001111101010	011001000001111	7	496	465	7	27	7	2	3	2	48
000001111101011	011000101101011	8	48141	45089	6	8	3	5	6	3	32
000010000010111	000010011001001	5	13	11	4	15	8	3	3	4	3840
000010000011011	000010011001001	5	0	0	5	28	9	5	8	3	3840
000010000011110	000010011001001	5	278	208	5	19	7	5	13	5	3840
000010000011111	010100101110000	6	1193	1043	6	17	6	4	5	4	576
000010000100111	000010011001001	5	13	11	5	23	8	5	11	4	3840
000010000101011	000010011001001	5	7261	6670	5	30	9	5	11	6	3840
000010000101110	000010011001001	5	129	99	5	21	9	3	3	3	3840
000010000101111	010100101110000	6	648	565	6	11	5	4	5	4	576
000010000110011	000010011001001	5	0	0	5	26	9	4	6	3	3840
000010000110111	010100101110000	6	32	30	5	10	4	4	6	3	576
000010000111010	000010011001001	5	0	0	5	25	9	1	1	3	3840
000010000111011	001100101110000	6	0	0	6	20	6	4	5	3	384
000010000111110	010100101110000	6	1184	1025	6	21	7	4	4	2	576
000010000111111	101101100101000	7	5378	4974	7	19	6	5	11	4	128
000010001001011	000010011001001	5	555376	534937	5	27	9	5	8	3	3840
000010001101010	000010011001001	5	8917	7829	5	25	9	3	8	5	3840
000010001101011	010100101110000	6	67508	63550	6	24	9	6	12	5	576
000010010001011	000010011001001	5	905	711	5	28	9	5	8	3	3840
000010010101001	000010011001001	5	1011	780	3	8	4	3	5	3	3840
000010010101011	001100101110000	6	4229	3762	6	18	6	4	11	5	384
000010011001001	000010011001001	5	676	199	0	0	0	0	0	0	3840
000010011001010	000010011001001	5	1091	1016	5	12	5	5	10	4	3840
000010011001011	101010000110001	6	2193	1725	4	17	6	4	6	3	480
000010011101000	000010011001001	5	708	623	5	23	8	3	8	4	3840
000010011101001	010100101110000	6	15164	13656	6	24	8	6	15	6	576
000010011101010	001100101110000	6	64	46	6	19	8	5	9	4	384
000010011101011	011001000001111	7	13210	12005	6	11	4	6	11	4	48
000010100000111	000010011001001	5	0	0	5	23	8	5	11	4	3840
000010100001011	000010011001001	5	4724	4305	5	30	9	5	11	6	3840
000010100001110	000010011001001	5	0	0	5	21	9	3	3	3	3840
000010100001111	010100101110000	6	0	0	6	11	5	4	5	4	576
000010100010101	000010011001001	5	0	0	5	20	9	1	1	1	3840
000010100010111	001100101110000	6	0	0	6	18	8	4	6	3	384
000010100011001	000010011001001	5	0	0	5	15	7	3	5	3	3840
000010100011011	001100101110000	6	0	0	6	30	8	4	11	5	384
000010100011100	000010011001001	5	0	0	5	15	7	4	7	4	3840
000010100011101	010100101110000	6	0	0	6	20	5	2	3	2	576
000010100011110	001100101110000	6	0	0	6	22	7	5	11	4	384
000010100011111	001001000101111	7	0	0	6	22	8	0	0	0	576
000010100100011	000010011001001	5	8090	7318	5	25	9	5	13	7	3840
000010100100101	000010011001001	5	0	0	5	15	7	4	8	5	3840
000010100100111	101010000110001	6	0	0	6	12	4	3	3	1	480
000010100101001	000010011001001	5	7405	6859	5	18	7	5	12	5	3840
000010100101010	000010011001001	5	7662	6930	5	25	9	5	13	6	3840
000010100101011	000011001001011	6	19342	17183	4	13	6	4	5	2	1440
000010100101100	000010011001001	5	0	0	5	11	5	2	2	2	3840
000010100101101	010100101110000	6	0	0	6	21	5	4	8	3	576
000010100101110	101010000110001	6	0	0	6	14	5	5	6	3	480
000010100101111	001000100101111	7	0	0	0	0	0	0	0	0	96
000010100110001	000010011001001	5	0	0	5	23	9	4	8	5	3840
000010100110011	001100101110000	6	0	0	6	25	8	4	8	4	384
000010100110101	010100101110000	6	0	0	5	8	2	4	8	3	576
000010100110111	011001000001111	7	0	0	7	24	7	6	11	4	48
000010100111000	000010011001001	5	0	0	5	23	8	3	7	3	3840
000010100111001	001100101110000	6	0	0	6	18	5	2	3	2	384
000010100111010	001100101110000	6	0	0	6	17	7	3	5	3	384
000010100111011	111000010101001	7	0	0	7	17	5	3	4	2	144
000010100111100	010100101110000	6	0	0	6	20	6	2	5	3	576
000010100111101	101101100101000	7	0	0	6	20	6	5	15	5	128
000010100111110	011001000001111	7	0	0	7	22	7	4	4	2	48
000010100111111	001001100101111	8	0	0	0	0	0	0	0	0	24
000010101000011	000010011001001	5	6224	5626	5	25	8	5	11	5	3840
000010101001001	000010011001001	5	7452	6550	4	8	4	4	7	4	3840
000010101001011	101010000110001	6	67850	63953	6	22	7	3	4	2	480
000010101100010	000010011001001	5	7487	6619	5	16	8	3	8	5	3840
000010101100011	010100101110000	6	46845	44347	6	17	8	5	9	6	576
000010101101000	000010011001001	5	7436	6794	5	21	8	5	14	6	3840
000010101101001	010100101110000	6	43461	41253	6	29	9	6	12	6	576
000010101101010	101010000110001	6	35225	32210	5	17	6	3	6	3	480
000010101101011	001000100101111	7	227708	217727	6	12	4	5	7	3	96
000010110000011	000010011001001	5	419	349	5	26	9	4	6	3	3840
000010110001010	000010011001001	5	1625	1494	5	25	9	1	1	3	3840
000010110001011	001100101110000	6	3666	3247	6	20	6	4	5	3	384
000010110100001	000010011001001	5	945	828	5	18	8	4	8	5	3840
000010110100011	001100101110000	6	2422	2211	6	20	5	4	8	4	384
000010110101000	000010011001001	5	597	491	5	23	9	3	7	4	3840
000010110101001	001100101110000	6	8086	7269	6	18	5	2	3	2	384
000010110101010	001100101110000	6	69	52	6	19	6	3	5	3	384
000010110101011	111000010101001	7	16172	15154	7	17	5	3	4	2	144
000010111000001	000010011001001	5	1369	1195	5	27	10	5	12	4	3840
000010111000010	000010011001001	5	1152	1067	5	28	10	5	9	5	3840
000010111000011	101010000110001	6	3279	3009	6	23	7	3	7	3	480
000010111001000	000010011001001	5	3091	2840	5	30	10	4	6	5	3840
000010111001001	001100101110000	6	12742	11734	6	17	6	4	4	2	384
000010111001010	101010000110001	6	8129	7876	6	15	5	3	4	2	480
000010111001011	010111011000001	7	11265	10214	6	16	5	6	13	5	96
000010111100000	000010011001001	5	408	353	5	24	9	5	12	5	3840
000010111100001	010100101110000	6	5915	5492	6	20	8	6	14	7	576
000010111100010	001100101110000	6	1202	1022	5	10	4	3	6	4	384
000010111100011	011001000001111	7	13796	13018	7	21	7	4	4	2	48
000010111101000	101010000110001	6	3092	2605	5	15	6	3	4	2	480
000010111101001	011001000001111	7	90864	85334	7	32	8	6	11	4	48
000010111101010	010111011000001	7	436	397	5	13	4	5	11	4	96
000010111101011	111000100011101	8	21392	18658	5	8	3	5	8	3	16
000011000000111	000010011001001	5	24	20	5	17	7	5	12	6	3840
000011000001011	000010011001001	5	400318	385924	5	27	9	5	8	3	3840
000011000001110	000010011001001	5	214	166	5	24	9	5	9	5	3840
000011000001111	010100101110000	6	1009	929	6	21	7	6	14	5	576
000011000010101	000010011001001	5	15	13	5	21	8	3	5	3	3840
000011000010110	000010011001001	5	0	0	5	30	9	5	11	5	3840
000011000010111	101010000110001	6	61	57	5	21	9	4	6	3	480
000011000011001	000010011001001	5	0	0	5	16	6	0	0	0	3840
000011000011010	000010011001001	5	0	0	5	25	9	5	10	4	3840
000011000011011	101010000110001	6	0	0	5	22	8	4	6	3	480
000011000011100	000010011001001	5	310	237	5	21	8	5	11	4	3840
000011000011101	010100101110000	6	1398	1241	6	20	6	2	2	2	576
000011000011110	000011001001011	6	2060	1816	6	16	6	1	1	1	1440
000011000011111	001000100101111	7	6016	5482	6	17	5	5	17	6	96
000011000100011	000010011001001	5	0	0	5	24	9	5	11	5	3840
000011000100101	000010011001001	5	13	11	5	20	7	5	10	3	3840
000011000100110	000010011001001	5	0	0	5	24	7	5	11	5	3840
000011000100111	000011001001011	6	40	36	4	10	5	3	3	2	1440
000011000101001	000010011001001	5	1297	1262	5	17	7	4	7	4	3840
000011000101011	101010000110001	6	0	0	6	20	6	3	4	2	480
000011000101100	000010011001001	5	145	117	5	15	7	3	4	4	3840
000011000101101	010100101110000	6	722	642	6	19	6	5	10	4	576
000011000101110	101010000110001	6	886	797	6	18	6	3	4	2	480
000011000101111	001000100101111	7	1457	1179	4	8	3	4	8	3	96
000011000110001	000010011001001	5	0	0	5	26	9	5	12	4	3840
000011000110010	000010011001001	5	0	0	5	22	8	5	9	5	3840
000011000110011	101010000110001	6	0	0	6	28	9	3	7	3	480
000011000110101	010100101110000	6	43	41	6	20	5	5	7	4	576
000011000110110	010100101110000	6	0	0	6	21	7	6	16	5	576
000011000110111	001000100101111	7	231	227	7	25	6	5	10	4	96
000011000111000	000010011001001	5	0	0	5	15	7	4	6	3	3840
000011000111001	001100101110000	6	0	0	6	17	6	4	4	2	384
000011000111010	101010000110001	6	0	0	6	11	4	3	4	2	480
000011000111011	010111011000001	7	0	0	6	16	5	6	13	5	96
000011000111100	010100101110000	6	1230	1094	6	27	8	4	4	3	576
000011000111101	101101100101000	7	4098	3701	6	16	5	4	8	3	128
000011000111110	001000100101111	7	7382	6901	7	21	6	5	17	6	96
000011000111111	011001110110100	8	22125	20944	7	18	5	6	11	3	48
000011001000011	000010011001001	5	292261	281284	5	21	8	5	12	6	3840
000011001001001	000010011001001	5	44655	43466	5	13	4	5	11	3	3840
000011001001010	000010011001001	5	603754	575282	5	18	7	5	11	5	3840
000011001001011	000011001001011	6	0	0	0	0	0	0	0	0	1440
000011001100010	000010011001001	5	2	0	5	26	8	5	10	6	3840
000011001100011	010100101110000	6	0	0	6	26	8	6	17	6	576
000011001101000	000010011001001	5	711	694	5	24	9	4	6	5	3840
000011001101001	010100101110000	6	2866	2825	6	26	8	4	6	4	576
000011001101010	101010000110001	6	75	51	6	17	6	3	5	3	480
000011001101011	001000100101111	7	0	0	7	24	7	6	11	4	96
000011010000011	000010011001001	5	866	651	5	31	9	4	8	6	3840
000011010001011	010100101110000	6	5151	4585	6	22	8	6	13	5	576
000011010100001	000010011001001	5	1057	912	5	29	8	5	13	5	3840
000011010100011	001100101110000	6	4989	4447	6	12	4	4	6	4	384
000011010101001	010100101110000	6	4277	3979	6	26	7	5	11	5	576
000011010101011	011001000001111	7	23788	22447	7	27	8	6	18	6	48
000011011000001	000010011001001	5	12680	12017	5	28	10	3	7	5	3840
000011011000010	000010011001001	5	444	415	5	33	10	5	11	6	3840
000011011000011	101010000110001	6	3936	3460	6	26	7	4	7	4	480
000011011001001	010100101110000	6	4820	4461	6	20	6	2	4	3	576
000011011001010	010100101110000	6	4153	4030	6	23	6	6	15	7	576
000011011001011	001000100101111	7	27087	25440	7	19	5	6	11	4	96
000011011100000	000010011001001	5	173	137	5	20	8	5	12	7	3840
000011011100001	010100101110000	6	5465	5080	6	22	7	5	10	6	576
000011011100010	001100101110000	6	36	22	6	11	5	5	8	5	384
000011011100011	011001000001111	7	20018	18869	7	21	7	5	16	5	48
000011011101000	010100101110000	6	694	646	6	20	5	6	13	6	576
000011011101001	001001011101001	7	14606	13519	6	18	5	6	10	4	576
000011011101010	011001000001111	7	374	344	7	31	8	7	13	5	48
000011011101011	111001000001111	8	79426	75817	7	12	4	7	12	4	32
000011100000110	000010011001001	5	0	0	5	18	7	3	9	6	3840
000011100000111	010100101110000	6	0	0	6	22	7	5	11	5	576
000011100001010	000010011001001	5	1153	1068	5	25	9	3	8	5	3840
000011100001011	010100101110000	6	0	0	6	24	9	6	12	5	576
000011100001110	001100101110000	6	0	0	6	15	6	3	7	4	384
000011100001111	101101100101000	7	0	0	7	17	5	4	9	3	128
000011100010100	000010011001001	5	0	0	5	14	6	3	8	4	3840
000011100010101	010100101110000	6	0	0	6	21	6	5	11	4	576
000011100010110	001100101110000	6	0	0	6	19	6	4	9	5	384
000011100010111	011001000001111	7	0	0	7	26	8	4	6	2	48
000011100011000	000010011001001	5	0	0	5	18	7	3	8	4	3840
000011100011001	010100101110000	6	0	0	6	24	8	6	15	6	576
000011100011010	001100101110000	6	0	0	6	19	6	5	9	4	384
000011100011011	011001000001111	7	0	0	7	26	8	6	11	4	48
000011100011100	001100101110000	6	0	0	5	11	4	4	10	4	384
000011100011101	101101100101000	7	0	0	7	14	5	6	10	4	128
000011100011110	111000010101001	7	0	0	6	9	3	5	10	4	144
000011100011111	001001100101111	8	0	0	7	18	5	6	13	4	24
000011100100010	000010011001001	5	25	11	5	20	8	3	8	5	3840
000011100100011	010100101110000	6	108	84	6	17	8	5	9	6	576
000011100100100	000010011001001	5	0	0	5	18	9	4	10	6	3840
000011100100101	010100101110000	6	0	0	6	25	7	5	10	5	576
000011100100110	101010000110001	6	0	0	6	14	5	4	6	3	480
000011100100111	001000100101111	7	0	0	7	15	5	5	10	4	96
000011100101000	000010011001001	5	3988	3660	5	32	10	5	14	6	3840
000011100101001	010100101110000	6	19943	19024	6	29	9	6	12	6	576
000011100101010	101010000110001	6	75	55	6	13	5	3	6	3	480
000011100101011	001000100101111	7	0	0	6	12	4	5	7	3	96
000011100101100	001100101110000	6	0	0	5	16	6	3	5	2	384
000011100101101	101101100101000	7	0	0	7	17	4	3	5	2	128
000011100101110	010111011000001	7	0	0	7	14	4	4	6	2	96
000011100101111	011001110110100	8	0	0	6	8	3	5	8	3	48
000011100110000	000010011001001	5	0	0	5	27	9	5	12	5	3840
000011100110001	010100101110000	6	0	0	6	20	8	6	14	7	576
000011100110010	001100101110000	6	0	0	5	7	3	3	6	4	384
000011100110011	011001000001111	7	0	0	7	30	8	4	4	2	48
000011100110100	010100101110000	6	0	0	6	20	5	6	13	6	576
000011100110101	001001011101001	7	0	0	7	28	8	5	12	4	576
000011100110110	011001000001111	7	0	0	7	22	7	7	11	4	48
000011100110111	111001000001111	8	0	0	7	24	7	5	7	2	32
000011100111000	101010000110001	6	0	0	6	14	6	3	4	2	480
000011100111001	011001000001111	7	0	0	7	23	7	6	11	4	48
000011100111010	010111011000001	7	0	0	7	14	5	5	11	4	96
000011100111011	111000100011101	8	0	0	5	8	3	5	8	3	16
000011100111100	011001000001111	7	0	0	7	20	6	3	3	1	48
000011100111101	011000101101011	8	0	0	8	33	7	4	6	2	32
000011100111110	111000100011101	8	0	0	7	11	3	7	11	3	16
000011100111111	110010101101011	9	0	0	7	11	3	7	11	3	8
000011101000010	000010011001001	5	1241	1146	5	28	10	5	10	6	3840
000011101000011	010100101110000	6	0	0	6	26	8	6	17	6	576
000011101001000	000010011001001	5	5470	5011	5	21	10	4	6	5	3840
000011101001001	010100101110000	6	27062	25889	6	26	8	4	6	4	576
000011101001010	101010000110001	6	6786	6586	6	22	7	3	5	3	480
000011101001011	001000100101111	7	0	0	7	24	7	6	11	4	96
000011101100010	001100101110000	6	201	147	5	16	7	5	12	5	384
000011101100011	101101100101000	7	497	457	6	23	7	6	13	5	128
000011101101000	001100101110000	6	21556	20459	6	28	8	4	6	4	384
000011101101001	101101100101000	7	101005	98532	7	26	8	6	12	5	128
000011101101010	010111011000001	7	718	673	7	26	6	5	9	3	96
000011101101011	011001110110100	8	20	12	7	13	5	5	9	3	48
000011110000010	000010011001001	5	720	663	5	20	7	5	12	4	3840
000011110000011	010100101110000	6	4280	3773	6	29	8	4	8	5	576
000011110001010	010100101110000	6	5396	5218	6	23	6	2	5	4	576
000011110001011	101101100101000	7	16061	14798	6	11	4	5	7	3	128
000011110100000	000010011001001	5	38	27	5	19	8	3	6	3	3840
000011110100001	010100101110000	6	5871	5115	6	31	8	5	13	6	576
000011110100010	001100101110000	6	102	78	6	12	5	3	4	2	384
000011110100011	001001000101111	7	28600	26965	7	21	7	4	4	2	576
000011110101000	010100101110000	6	2366	2105	6	20	7	6	13	5	576
000011110101001	101101100101000	7	25289	23099	6	6	2	2	2	1	128
000011110101010	011001000001111	7	390	365	7	15	5	4	6	3	48
000011110101011	001001100101111	8	82584	78981	7	15	4	5	7	3	24
000011111000000	000010011001001	5	936	866	5	20	8	5	8	4	3840
000011111000001	010100101110000	6	6149	5349	6	27	7	6	10	5	576
000011111000010	000011001001011	6	3496	3386	6	8	5	1	1	1	1440
000011111000011	001000100101111	7	18543	17477	7	26	7	6	12	5	96
000011111001000	010100101110000	6	7406	7166	6	21	5	6	11	4	576
000011111001001	101101100101000	7	41473	38997	7	21	5	4	8	3	128
000011111001010	001000100101111	7	34119	33614	7	21	5	5	8	3	96
000011111001011	011001110110100	8	115255	111690	8	13	4	6	10	3	48
000011111100000	001100101110000	6	230	176	6	22	8	4	9	4	384
000011111100001	101101100101000	7	23871	21645	6	12	4	5	8	4	128
000011111100010	111000010101001	7	653	613	7	14	5	5	8	3	144
000011111100011	001001100101111	8	115552	112383	8	27	7	7	20	6	24
000011111101000	011001000001111	7	10779	10341	7	18	6	7	12	4	48
000011111101001	011000101101011	8	83210	77492	6	15	6	5	9	3	32
000011111101010	111000100011101	8	2924	2869	8	18	5	6	10	3	16
000011111101011	110010101101011	9	5614628	5518270	9	22	5	5	8	2	8
000100010011100	000010011001001	5	70	47	5	17	7	5	7	3	3840
000100010101001	000010011001001	5	845	661	5	19	7	5	10	4	3840
000100010101100	000010011001001	5	0	0	5	15	6	2	2	1	3840
000100010111000	000010011001001	5	6345	5442	5	27	9	3	7	5	3840
000100010111100	010100101110000	6	243	220	6	24	7	2	4	3	576
000100011001001	000010011001001	5	271	260	4	9	5	4	5	3	3840
000100011001100	000010011001001	5	86	56	5	17	6	4	5	3	3840
000100011010100	000010011001001	5	1	0	5	19	8	4	6	5	3840
000100011011100	010100101110000	6	303	275	6	27	8	4	6	4	576
000100011100100	000010011001001	5	55	34	5	19	9	5	8	4	3840
000100011101000	000010011001001	5	734	554	5	25	8	5	14	5	3840
000100011101001	010100101110000	6	6430	5750	6	25	7	5	14	5	576
000100011101100	001100101110000	6	194	157	3	5	2	3	5	2	384
000100011110000	000010011001001	5	0	0	5	16	7	3	4	3	3840
000100011110100	010100101110000	6	41	34	6	25	7	5	10	4	576
000100011111000	010100101110000	6	0	0	6	32	8	6	12	4	576
000100011111100	101101100101000	7	887	859	7	19	5	5	10	3	128
000100100011100	000010011001001	5	0	0	5	16	6	2	2	1	3840
000100100101001	000010011001001	5	1524	1478	5	17	8	4	7	3	3840
000100100101100	000010011001001	5	0	0	5	13	5	4	7	3	3840
000100100111000	000010011001001	5	3006	2665	5	23	8	4	10	7	3840
000100100111100	010100101110000	6	0	0	6	23	7	5	7	3	576
000100101001001	000010011001001	5	470	443	4	9	5	2	2	1	3840
000100101001100	000010011001001	5	125	83	5	16	5	5	10	3	3840
000100101010100	000010011001001	5	2	0	5	17	7	5	8	4	3840
000100101011100	010100101110000	6	66	45	6	27	9	5	14	5	576
000100101100100	000010011001001	5	84	54	5	18	8	5	8	5	3840
000100101101000	000010011001001	5	802	778	5	14	7	4	10	7	3840
000100101101001	010100101110000	6	3130	3082	6	25	8	5	7	3	576
000100101101100	001100101110000	6	485	433	5	14	5	3	4	2	384
000100101110000	000010011001001	5	26930	25834	5	9	5	3	3	2	3840
000100101110100	010100101110000	6	48	37	6	19	6	5	7	3	576
000100101111000	010100101110000	6	0	0	6	26	8	5	14	6	576
000100101111100	101101100101000	7	230	207	7	12	5	5	7	3	128
000100110011000	000010011001001	5	7104	6058	5	23	8	3	7	5	3840
000100110011100	010100101110000	6	0	0	6	24	7	2	4	3	576
000100110100001	000010011001001	5	301	293	5	14	7	5	8	4	3840
000100110101000	000010011001001	5	4074	3613	5	17	8	4	10	5	3840
000100110101001	001100101110000	6	4096	3637	6	19	7	3	4	2	384
000100110101100	010100101110000	6	0	0	6	23	7	5	7	3	576
000100110111000	001100101110000	6	38181	35518	6	19	6	3	6	3	384
000100110111100	101101100101000	7	249	230	7	14	5	6	16	5	128
000100111000001	000010011001001	5	274	267	5	20	9	5	8	5	3840
000100111001000	000010011001001	5	464	383	5	28	9	5	14	6	3840
000100111001001	001100101110000	6	4349	4036	6	22	8	3	5	2	384
000100111001100	010100101110000	6	518	474	6	30	8	5	14	5	576
000100111010000	000010011001001	5	0	0	5	25	8	5	12	7	3840
000100111010100	010100101110000	6	59	48	6	24	7	6	10	5	576
000100111011000	010100101110000	6	0	0	6	21	8	6	14	6	576
000100111011100	001001011101001	7	341	309	7	18	5	5	8	4	576
000100111100000	000010011001001	5	305	297	5	15	8	5	8	4	3840
000100111100001	010100101110000	6	735	725	6	18	7	5	9	4	576
000100111100100	010100101110000	6	345	311	6	17	6	5	9	4	576
000100111101000	101010000110001	6	3668	3241	6	18	6	4	5	2	480
000100111101001	011001000001111	7	29545	27982	7	25	7	5	9	4	48
000100111101100	011001000001111	7	988	936	5	9	4	5	9	4	48
000100111110000	001100101110000	6	59	44	4	9	4	3	4	2	384
000100111110100	101101100101000	7	422	374	6	13	6	3	6	3	128
000100111111000	011001000001111	7	193	175	7	30	7	5	9	4	48
000100111111100	011000101101011	8	2274	2209	8	27	7	4	7	3	32
000101000011100	000010011001001	5	0	0	5	21	8	4	5	3	3840
000101000101001	000010011001001	5	780	757	5	18	8	2	2	1	3840
000101000101100	000010011001001	5	0	0	5	19	7	5	10	4	3840
000101000111000	000010011001001	5	2266	2002	5	30	9	5	14	5	3840
000101000111100	010100101110000	6	0	0	6	30	8	5	14	5	576
000101001001001	000010011001001	5	294	288	5	13	7	5	7	3	3840
000101001001100	000010011001001	5	131	89	5	18	7	3	9	5	3840
000101001010100	000010011001001	5	1	0	5	27	8	5	12	6	3840
000101001011100	010100101110000	6	60	38	6	33	8	6	12	6	576
000101001100100	000010011001001	5	93	58	5	26	9	4	8	4	3840
000101001101000	000010011001001	5	717	696	5	22	8	3	7	5	3840
000101001101001	010100101110000	6	2243	2209	6	17	6	2	4	3	576
000101001101100	001100101110000	6	678	622	6	19	5	3	5	3	384
000101001110000	000010011001001	5	0	0	5	20	7	3	4	4	3840
000101001110100	010100101110000	6	46	33	6	20	7	5	14	5	576
000101001111000	010100101110000	6	0	0	6	26	7	6	12	5	576
000101001111100	101101100101000	7	147	123	4	6	2	4	6	2	128
000101010010100	000010011001001	5	0	0	5	26	8	4	6	5	3840
000101010011100	010100101110000	6	55	40	6	27	8	4	6	4	576
000101010100001	000010011001001	5	8	3	5	22	8	5	8	5	3840
000101010100100	000010011001001	5	0	0	5	29	9	5	8	4	3840
000101010101001	010100101110000	6	108	73	6	24	8	5	14	5	576
000101010101100	010100101110000	6	22	16	6	27	9	5	14	5	576
000101010110000	000010011001001	5	3795	3354	5	20	7	5	12	7	3840
000101010110100	010100101110000	6	21	18	6	24	7	6	10	5	576
000101010111000	010100101110000	6	28630	26625	6	21	8	6	14	6	576
000101010111100	001001011101001	7	208	179	7	19	5	5	8	4	576
000101011000001	000010011001001	5	573	562	5	23	10	4	6	5	3840
000101011000100	000010011001001	5	84	56	5	33	10	5	12	6	3840
000101011001001	010100101110000	6	885	873	6	25	8	4	6	4	576
000101011001100	010100101110000	6	580	534	6	33	8	6	12	6	576
000101011010100	001100101110000	6	60	44	5	23	7	3	5	4	384
000101011011100	101101100101000	7	478	424	7	29	7	5	14	6	128
000101011100000	000010011001001	5	7	3	5	20	8	5	12	7	3840
000101011100001	010100101110000	6	63	40	6	18	5	6	10	5	576
000101011100100	101010000110001	6	433	398	6	19	7	3	4	2	480
000101011101000	010100101110000	6	88	62	6	22	7	6	14	6	576
000101011101001	001001011101001	7	448	409	6	17	5	5	8	4	576
000101011101100	011001000001111	7	1568	1512	6	20	7	6	13	4	48
000101011110000	001100101110000	6	0	0	3	7	4	3	7	4	384
000101011110100	011001000001111	7	180	161	7	26	7	6	13	5	48
000101011111000	101101100101000	7	0	0	7	23	8	4	7	4	128
000101011111100	011000101101011	8	1888	1825	8	25	7	6	10	4	32
000101100010100	000010011001001	5	0	0	5	20	7	5	8	5	3840
000101100011000	000010011001001	5	2416	2103	5	34	9	5	14	6	3840
000101100011100	001100101110000	6	0	0	3	5	2	3	5	2	384
000101100100100	000010011001001	5	0	0	5	19	7	5	8	5	3840
000101100101000	000010011001001	5	3216	3123	5	29	8	4	10	6	3840
000101100101001	010100101110000	6	1782	1755	6	25	8	5	7	3	576
000101100101100	001100101110000	6	0	0	5	14	5	3	4	2	384
000101100110000	000010011001001	5	3102	2713	5	20	6	5	8	5	3840
000101100110100	010100101110000	6	0	0	6	17	6	5	9	4	576
000101100111000	101010000110001	6	12903	12069	6	13	5	4	5	2	480
000101100111100	011001000001111	7	0	0	6	16	7	5	9	4	48
000101101000100	000010011001001	5	120	83	5	22	9	4	8	5	3840
000101101001000	000010011001001	5	645	626	5	30	10	3	7	5	3840
000101101001001	010100101110000	6	1270	1251	6	17	6	2	4	3	576
000101101001100	001100101110000	6	749	689	6	19	5	3	5	3	384
000101101010000	000010011001001	5	0	0	5	23	8	5	12	7	3840
000101101010100	101010000110001	6	66	46	6	19	6	3	4	2	480
000101101011000	010100101110000	6	0	0	6	22	7	6	14	6	576
000101101011100	011001000001111	7	285	250	6	20	7	6	13	4	48
000101101100100	001100101110000	6	437	391	5	20	8	5	9	4	384
000101101101000	001100101110000	6	2231	2197	6	22	8	3	6	3	384
000101101101001	101101100101000	7	6222	6174	7	29	8	6	16	5	128
000101101101100	111100000011100	7	2012	1939	6	15	5	3	4	2	192
000101101110000	001100101110000	6	0	0	3	10	5	3	4	2	384
000101101110100	011001000001111	7	226	202	7	22	6	5	8	3	48
000101101111000	011001000001111	7	0	0	7	30	8	5	9	4	48
000101101111100	110001101101001	8	1228	1193	8	19	5	8	19	5	32
000101110010000	000010011001001	5	3330	2916	5	26	8	3	4	3	3840
000101110010100	010100101110000	6	36	32	6	25	7	5	10	4	576
000101110011000	010100101110000	6	32360	30017	6	32	8	6	12	4	576
000101110011100	101101100101000	7	379	352	7	19	5	5	10	3	128
000101110100000	000010011001001	5	5334	4709	5	26	9	3	3	2	3840
000101110100001	010100101110000	6	76	47	6	26	7	5	7	3	576
000101110100100	010100101110000	6	97	67	6	19	6	5	7	3	576
000101110101000	010100101110000	6	22531	21155	6	26	8	5	14	6	576
000101110101001	101101100101000	7	536	489	6	14	5	5	7	3	128
000101110101100	101101100101000	7	443	396	7	12	5	5	7	3	128
000101110110000	001100101110000	6	27168	25567	6	19	7	3	4	2	384
000101110110100	101101100101000	7	246	203	3	6	3	3	6	3	128
000101110111000	011001000001111	7	81198	75417	5	9	4	5	9	4	48
000101110111100	011000101101011	8	2298	2233	8	16	5	4	7	3	32
000101111000000	000010011001001	5	7	3	5	24	9	3	4	4	3840
000101111000001	010100101110000	6	62	40	6	17	5	5	10	4	576
000101111000100	010100101110000	6	511	472	6	20	7	5	14	5	576
000101111001000	010100101110000	6	88	62	6	26	7	6	12	5	576
000101111001001	101101100101000	7	541	503	7	23	7	5	10	3	128
000101111001100	101101100101000	7	799	737	4	6	2	4	6	2	128
000101111010000	001100101110000	6	0	0	6	22	8	3	7	4	384
000101111010100	011001000001111	7	258	232	7	26	8	6	13	5	48
000101111011000	101101100101000	7	0	0	4	7	4	4	7	4	128
000101111011100	011000101101011	8	2915	2819	8	36	7	6	10	4	32
000101111100000	001100101110000	6	60	40	6	20	8	3	4	2	384
000101111100001	101101100101000	7	277	245	5	18	5	3	6	3	128
000101111100100	011001000001111	7	1884	1834	7	26	8	5	8	3	48
000101111101000	011001000001111	7	523	487	7	28	8	5	9	4	48
000101111101001	011000101101011	8	965	914	5	16	6	4	7	3	32
000101111101100	110001101101001	8	8213	8130	8	23	6	8	19	5	32
000101111110000	111100000011100	7	182	158	4	14	5	4	7	3	192
000101111110100	110001101101001	8	2828	2726	8	14	5	7	7	1	32
000101111111000	110001101101001	8	847	823	8	16	5	8	15	4	32
000101111111100	110101101101001	9	12915	12760	9	21	5	8	8	1	32
000110010100001	000010011001001	5	944	742	5	25	8	4	6	3	3840
000110010101000	000010011001001	5	1006	823	5	24	9	3	5	4	3840
000110010101001	001100101110000	6	8765	7905	6	20	7	3	3	1	384
000110011000001	000010011001001	5	13574	12648	5	32	10	5	10	4	3840
000110011001000	000010011001001	5	1506	1372	5	32	10	4	5	3	3840
000110011001001	001100101110000	6	10585	9558	6	23	8	4	4	2	384
000110011100000	000010011001001	5	768	617	5	25	9	5	13	6	3840
000110011100001	010100101110000	6	8328	7433	6	35	8	5	13	6	576
000110011101000	101010000110001	6	6413	5772	6	15	5	2	2	1	480
000110011101001	011001000001111	7	87885	83092	7	22	7	5	14	6	48
000110100100001	000010011001001	5	915	736	5	21	7	4	6	3	3840
000110100101000	000010011001001	5	918	756	5	26	8	5	10	5	3840
000110100101001	001100101110000	6	6564	5971	6	20	6	4	6	3	384
000110101000001	000010011001001	5	1344	1101	5	27	10	5	7	3	3840
000110101001000	000010011001001	5	847	704	5	34	10	4	11	6	3840
000110101001001	001100101110000	6	8099	7371	6	24	7	3	5	2	384
000110101100000	000010011001001	5	611	518	5	23	9	4	9	5	3840
000110101100001	010100101110000	6	5448	4981	6	27	8	5	9	4	576
000110101101000	101010000110001	6	4446	4143	6	14	5	4	4	2	480
000110101101001	011001000001111	7	52636	49760	7	22	7	5	9	4	48
000110110100001	001100101110000	6	4769	4236	6	13	5	3	4	2	384
000110110101000	001100101110000	6	4368	3982	6	15	5	2	2	1	384
000110110101001	111100000011100	7	36764	34982	7	17	6	0	0	0	192
000110111000001	001100101110000	6	5835	5381	6	19	6	5	9	3	384
000110111001000	001100101110000	6	7398	7101	6	23	6	4	5	3	384
000110111001001	111100000011100	7	42499	40179	7	23	6	4	6	2	192
000110111100000	001100101110000	6	3598	3272	6	20	7	4	9	5	384
000110111100001	001001000101111	7	26206	24363	6	15	6	5	8	3	576
000110111101000	010111011000001	7	27753	26335	7	19	5	3	5	2	96
000110111101001	011001000101111	8	191050	179562	6	12	4	6	12	4	32
000111000100001	000010011001001	5	1108	1077	5	17	7	5	7	3	3840
000111000101000	000010011001001	5	1026	998	5	21	8	4	11	5	3840
000111000101001	001100101110000	6	4290	4226	6	25	7	3	5	2	384
000111001000001	000010011001001	5	859	838	5	21	9	3	8	4	3840
000111001001000	000010011001001	5	655	636	5	26	9	3	9	5	3840
000111001001001	001100101110000	6	3644	3589	6	28	8	5	9	3	384
000111001100000	000010011001001	5	882	857	5	25	9	5	13	5	3840
000111001100001	010100101110000	6	2398	2363	6	25	6	5	13	5	576
000111001101000	101010000110001	6	2212	2180	6	16	6	3	3	2	480
000111001101001	011001000001111	7	9845	9770	7	19	6	4	6	3	48
000111010100000	000010011001001	5	0	0	5	31	10	5	13	5	3840
000111010100001	101010000110001	6	0	0	5	10	4	2	2	1	480
000111010101000	010100101110000	6	0	0	6	29	8	5	12	5	576
000111010101001	011001000001111	7	0	0	7	27	7	6	11	4	48
000111011000000	000010011001001	5	9577	9229	5	33	10	5	12	7	3840
000111011000001	101010000110001	6	232556	223401	5	10	4	3	3	2	480
000111011001000	010100101110000	6	0	0	6	29	7	6	12	6	576
000111011001001	011001000001111	7	0	0	7	26	6	4	7	4	48
000111011100000	000011001001011	6	0	0	6	17	6	5	7	3	1440
000111011100001	001000100101111	7	0	0	6	11	4	5	7	3	96
000111011101000	001000100101111	7	0	0	7	10	4	5	7	3	96
000111011101001	111001000001111	8	0	0	8	23	5	4	6	3	32
000111100100000	000010011001001	5	70	40	5	23	9	4	9	5	3840
000111100100001	010100101110000	6	1148	1022	6	27	8	5	9	4	576
000111100101000	101010000110001	6	603	540	6	14	5	4	4	2	480
000111100101001	011001000001111	7	5197	5002	7	22	7	5	9	4	48
000111101000000	000010011001001	5	52	24	5	26	9	5	13	5	3840
000111101000001	010100101110000	6	1049	936	6	25	6	5	13	5	576
000111101001000	101010000110001	6	523	457	6	16	6	3	3	2	480
000111101001001	011001000001111	7	5406	5212	7	19	6	4	6	3	48
000111101100000	001100101110000	6	327	287	5	22	8	5	8	4	384
000111101100001	101101100101000	7	4103	3951	7	31	8	5	13	6	128
000111101101000	010111011000001	7	2061	2005	7	21	6	3	5	2	96
000111101101001	111011000101001	8	17673	17420	8	20	5	4	6	2	96
000111110100000	001100101110000	6	0	0	6	15	7	0	0	0	384
000111110100001	011001000001111	7	0	0	7	21	6	5	8	3	48
000111110101000	011001000001111	7	0	0	7	23	7	6	12	5	48
000111110101001	110001101101001	8	0	0	8	18	4	8	16	4	32
000111111000000	001100101110000	6	0	0	6	23	7	4	7	3	384
000111111000001	011001000001111	7	0	0	7	28	8	6	12	5	48
000111111001000	011001000001111	7	0	0	7	34	7	7	15	5	48
000111111001001	110001101101001	8	0	0	8	16	5	4	6	2	32
000111111100000	111000010101001	7	0	0	6	12	5	4	5	2	144
000111111100001	001001100101111	8	0	0	6	11	4	6	8	3	24
000111111101000	111000100011101	8	0	0	6	10	3	4	6	2	16
000111111101001	111001100101101	9	0	0	6	10	3	5	8	2	8
001000000010111	000010011001001	5	29	24	5	17	9	5	12	6	3840
001000000011011	000010011001001	5	0	0	5	30	10	5	9	5	3840
001000000011110	000010011001001	5	167	130	5	20	9	5	8	3	3840
001000000011111	010100101110000	6	846	728	6	25	8	6	14	5	576
001000000100111	000010011001001	5	425	416	5	23	8	5	11	4	3840
001000000101011	000010011001001	5	657	645	5	25	9	3	3	3	3840
001000000101110	000010011001001	5	510	501	5	24	10	5	11	6	3840
001000000101111	010100101110000	6	70940	69694	6	21	6	4	5	4	576
001000000110011	000010011001001	5	0	0	5	20	9	3	9	6	3840
001000000110111	010100101110000	6	91	85	5	15	6	5	11	5	576
001000000111010	000010011001001	5	0	0	5	29	10	3	8	5	3840
001000000111011	001100101110000	6	0	0	6	34	8	3	7	4	384
001000000111110	010100101110000	6	762	637	6	30	8	6	12	6	576
001000000111111	101101100101000	7	4299	3928	7	34	8	4	9	3	128
001000001001011	000010011001001	5	2404	2335	5	24	8	5	13	6	3840
001000001101010	000010011001001	5	2028	1969	5	22	9	1	1	3	3840
001000001101011	010100101110000	6	9565	9420	6	27	8	4	4	2	576
001000010001011	000010011001001	5	0	0	5	30	10	5	9	5	3840
001000010011100	000010011001001	5	743	622	5	21	8	5	11	3	3840
001000010100011	000010011001001	5	157	121	5	33	10	5	11	5	3840
001000010101001	000010011001001	5	1043	1016	5	21	7	3	4	4	3840
001000010101011	101010000110001	6	0	0	6	18	6	3	4	2	480
001000010101100	000010011001001	5	504	323	5	20	7	4	7	4	3840
001000010111000	000010011001001	5	8178	7018	5	17	8	4	6	5	3840
001000010111100	010100101110000	6	1360	1244	6	24	8	4	6	4	576
001000011000011	000010011001001	5	310	260	5	32	9	5	11	5	3840
001000011001001	000010011001001	5	883	860	5	16	5	5	11	4	3840
001000011001010	000010011001001	5	704	657	5	28	8	5	10	4	3840
001000011001011	000011001001011	6	0	0	5	13	5	1	1	1	1440
001000011001100	000010011001001	5	491	406	5	17	7	0	0	0	3840
001000011010100	000010011001001	5	560	342	5	25	9	3	7	5	3840
001000011011100	010100101110000	6	2325	2085	6	22	7	2	4	3	576
001000011100010	000010011001001	5	291	226	5	22	8	5	9	5	3840
001000011100011	010100101110000	6	2444	2171	6	23	8	6	16	5	576
001000011100100	000010011001001	5	478	399	5	29	10	5	12	4	3840
001000011101000	000010011001001	5	909	884	5	24	9	4	6	3	3840
001000011101001	010100101110000	6	65960	64503	6	16	7	4	4	3	576
001000011101010	101010000110001	6	39	24	6	17	7	3	4	2	480
001000011101011	001000100101111	7	0	0	7	21	6	5	17	6	96
001000011101100	001100101110000	6	1050	902	4	9	5	4	4	2	384
001000011110000	000010011001001	5	149	81	5	26	9	5	8	3	3840
001000011110100	010100101110000	6	3179	2693	6	32	8	6	10	5	576
001000011111000	010100101110000	6	1261	1023	6	27	7	6	11	4	576
001000011111100	101101100101000	7	9121	8479	7	24	7	4	8	3	128
001000100000111	000010011001001	5	12184	11530	5	23	8	5	11	4	3840
001000100001011	000010011001001	5	3585	3486	5	25	9	3	3	3	3840
001000100001110	000010011001001	5	14138	13244	5	24	10	5	11	6	3840
001000100001111	010100101110000	6	251917	244700	6	21	6	4	5	4	576
001000100010011	000010011001001	5	0	0	5	26	9	5	11	5	3840
001000100010101	000010011001001	5	6756	6430	5	28	10	5	10	3	3840
001000100010110	000010011001001	5	2026	1881	5	28	10	5	11	5	3840
001000100010111	000011001001011	6	0	0	5	14	7	3	3	2	1440
001000100011001	000010011001001	5	11588	10954	5	22	9	3	4	3	3840
001000100011011	101010000110001	6	0	0	6	21	7	3	4	2	480
001000100011100	000010011001001	5	8107	7455	5	19	8	4	7	4	3840
001000100011101	010100101110000	6	48385	46723	6	20	6	5	10	4	576
001000100011110	101010000110001	6	0	0	6	22	7	3	4	2	480
001000100011111	001000100101111	7	0	0	6	14	4	4	8	3	96
001000100100101	000010011001001	5	12286	11625	5	22	9	4	8	5	3840
001000100100110	000010011001001	5	11334	10781	5	27	9	5	13	7	3840
001000100100111	101010000110001	6	158429	147742	4	6	2	3	3	1	480
001000100101001	000010011001001	5	2387	2322	5	21	9	2	2	2	3840
001000100101010	000010011001001	5	4227	4110	5	31	10	5	13	6	3840
001000100101011	101010000110001	6	179799	176554	5	9	4	5	6	3	480
001000100101100	000010011001001	5	14977	14129	5	20	7	5	12	5	3840
001000100101101	010100101110000	6	187073	181348	6	20	5	4	8	3	576
001000100101110	000011001001011	6	446019	426557	6	16	6	4	5	2	1440
001000100101111	001000100101111	7	10953	4358	0	0	0	0	0	0	96
001000100110001	000010011001001	5	2056	1861	5	27	10	4	10	6	3840
001000100110010	000010011001001	5	1433	1337	5	24	10	3	8	5	3840
001000100110011	101010000110001	6	0	0	6	13	5	4	6	3	480
001000100110101	010100101110000	6	0	0	5	10	5	5	10	5	576
001000100110110	010100101110000	6	3816	3590	5	9	6	5	9	6	576
001000100110111	001000100101111	7	0	0	7	22	6	5	10	4	96
001000100111000	000010011001001	5	5148	4683	5	24	8	5	14	6	3840
001000100111001	001100101110000	6	21466	20444	6	19	6	3	5	3	384
001000100111010	101010000110001	6	0	0	6	19	8	3	6	3	480
001000100111011	010111011000001	7	0	0	7	17	5	4	6	2	96
001000100111100	010100101110000	6	247	193	6	28	8	6	12	6	576
001000100111101	101101100101000	7	0	0	7	34	8	3	5	2	128
001000100111110	001000100101111	7	0	0	6	12	4	5	7	3	96
001000100111111	011001110110100	8	0	0	5	8	3	5	8	3	48
001000101001001	000010011001001	5	3926	3811	5	14	7	4	7	4	3840
001000101001011	001100101110000	6	14161	13948	6	23	8	5	11	4	384
001000101001100	000010011001001	5	155	112	5	15	7	3	5	3	3840
001000101010100	000010011001001	5	25	3	5	26	9	5	13	5	3840
001000101011100	010100101110000	6	272	210	6	28	8	5	11	5	576
001000101100100	000010011001001	5	115	84	5	26	10	4	8	5	3840
001000101101000	000010011001001	5	2518	2445	5	22	9	3	7	3	3840
001000101101001	010100101110000	6	16482	16231	6	24	8	2	5	3	576
001000101101010	001100101110000	6	11505	11333	6	27	8	3	5	3	384
001000101101011	011001000001111	7	232660	230070	7	26	7	4	4	2	48
001000101101100	001100101110000	6	694	642	6	20	7	2	3	2	384
001000101110000	000010011001001	5	33789	32527	5	20	8	3	6	4	3840
001000101110100	010100101110000	6	234	181	6	26	7	5	13	6	576
001000101111000	010100101110000	6	0	0	6	19	7	6	13	5	576
001000101111100	101101100101000	7	1431	1351	7	18	7	2	2	1	128
001000110000011	000010011001001	5	53	32	5	20	9	3	9	6	3840
001000110001010	000010011001001	5	970	888	5	29	10	3	8	5	3840
001000110001011	001100101110000	6	0	0	6	34	8	3	7	4	384
001000110011000	000010011001001	5	9492	8173	5	26	8	4	6	5	3840
001000110011100	010100101110000	6	190	143	6	24	8	4	6	4	576
001000110100001	000010011001001	5	305	298	5	13	8	4	10	6	3840
001000110100010	000010011001001	5	205	149	5	15	8	3	8	5	3840
001000110100011	101010000110001	6	897	770	5	14	5	4	6	3	480
001000110101000	000010011001001	5	4804	4284	5	30	10	5	14	6	3840
001000110101001	001100101110000	6	4789	4391	6	19	6	3	5	3	384
001000110101010	101010000110001	6	58	41	6	17	7	3	6	3	480
001000110101011	010111011000001	7	0	0	7	17	5	4	6	2	96
001000110101100	010100101110000	6	219	167	6	28	8	6	12	6	576
001000110111000	001100101110000	6	48851	45433	6	22	7	4	6	4	384
001000110111100	101101100101000	7	2316	2094	7	26	7	6	12	5	128
001000111000001	000010011001001	5	348	341	5	18	9	3	8	4	3840
001000111000011	001100101110000	6	2972	2639	6	26	7	4	9	5	384
001000111001000	000010011001001	5	1236	1139	5	30	9	3	8	4	3840
001000111001001	001100101110000	6	4304	4108	6	24	8	4	10	4	384
001000111001010	001100101110000	6	4788	4626	6	29	7	5	9	4	384
001000111001011	111000010101001	7	0	0	6	9	3	5	10	4	144
001000111001100	010100101110000	6	580	536	6	30	9	6	15	6	576
001000111010000	000010011001001	5	0	0	5	22	7	5	12	5	3840
001000111010100	010100101110000	6	180	136	6	19	8	5	10	6	576
001000111011000	010100101110000	6	0	0	6	23	7	6	13	6	576
001000111011100	001001011101001	7	1192	1119	7	16	5	6	10	4	576
001000111100000	000010011001001	5	332	325	5	19	7	5	12	5	3840
001000111100001	010100101110000	6	772	763	6	23	7	6	13	6	576
001000111100010	001100101110000	6	1957	1699	5	7	3	3	6	4	384
001000111100011	011001000001111	7	15317	14200	7	22	7	7	11	4	48
001000111100100	010100101110000	6	418	386	6	21	7	6	14	7	576
001000111101000	101010000110001	6	1252	1046	4	15	5	3	4	2	480
001000111101001	011001000001111	7	28638	27568	7	27	8	3	3	1	48
001000111101010	010111011000001	7	436	407	7	14	5	5	11	4	96
001000111101011	111000100011101	8	0	0	7	11	3	7	11	3	16
001000111101100	011001000001111	7	1489	1437	6	15	5	6	11	4	48
001000111110000	001100101110000	6	76	52	5	9	4	4	9	4	384
001000111110100	101101100101000	7	1060	996	7	25	8	5	8	4	128
001000111111000	011001000001111	7	282	250	7	21	6	7	12	4	48
001000111111100	011000101101011	8	9745	9343	8	28	7	5	9	3	32
001001000000111	000010011001001	5	2361	2230	4	15	7	3	3	3	3840
001001000001011	000010011001001	5	3982	3866	5	24	8	5	13	6	3840
001001000001110	000010011001001	5	3882	3770	5	22	9	5	8	5	3840
001001000001111	010100101110000	6	125148	122936	6	25	9	4	5	4	576
001001000010011	000010011001001	5	0	0	5	24	8	5	11	5	3840
001001000010101	000010011001001	5	29	24	5	27	9	3	5	3	3840
001001000010111	101010000110001	6	149	139	5	12	5	4	6	3	480
001001000011001	000010011001001	5	17533	14986	5	23	8	5	11	3	3840
001001000011010	000010011001001	5	5	2	5	26	9	5	10	4	3840
001001000011011	000011001001011	6	110	85	5	13	5	1	1	1	1440
001001000011100	000010011001001	5	1510	1308	5	15	8	0	0	0	3840
001001000011101	010100101110000	6	1205	1054	6	24	8	2	2	2	576
001001000011110	101010000110001	6	1157	972	5	14	5	4	6	3	480
001001000011111	001000100101111	7	5334	4867	6	17	5	5	17	6	96
001001000100101	000010011001001	5	391	382	5	21	8	1	1	1	3840
001001000100111	001100101110000	6	66848	65581	6	18	6	4	6	3	384
001001000101001	000010011001001	5	1117	1088	5	20	8	4	7	3	3840
001001000101011	001100101110000	6	56960	55694	6	15	6	5	11	4	384
001001000101100	000010011001001	5	479	470	5	14	7	3	5	3	3840
001001000101101	010100101110000	6	16336	15973	6	22	7	2	3	2	576
001001000101110	001100101110000	6	112241	109918	6	25	8	4	11	5	384
001001000101111	001001000101111	7	16547	7724	0	0	0	0	0	0	576
001001000110001	000010011001001	5	8349	7312	5	26	9	3	8	4	3840
001001000110011	001100101110000	6	0	0	6	15	6	4	9	5	384
001001000110101	010100101110000	6	96	90	6	18	7	5	11	4	576
001001000110111	011001000001111	7	634	623	7	26	8	4	6	2	48
001001000111000	000010011001001	5	7043	6302	5	16	7	3	8	4	3840
001001000111001	001100101110000	6	75468	70189	6	24	8	4	10	4	384
001001000111010	001100101110000	6	51	44	6	32	8	5	9	4	384
001001000111011	111000010101001	7	333	306	6	9	3	5	10	4	144
001001000111100	010100101110000	6	1140	972	6	30	9	6	15	6	576
001001000111101	101101100101000	7	5578	5134	7	27	8	6	10	4	128
001001000111110	011001000001111	7	5901	5526	7	26	8	6	11	4	48
001001000111111	001001100101111	8	21863	20574	7	18	5	6	13	4	24
001001001001001	000010011001001	5	939	914	5	13	5	5	9	4	3840
001001001001010	000010011001001	5	1035	963	5	24	8	5	12	6	3840
001001001001011	101010000110001	6	57	35	5	11	4	5	9	3	480
001001001001100	000010011001001	5	156	116	5	17	7	5	11	3	3840
001001001010100	000010011001001	5	25	3	5	24	8	3	7	5	3840
001001001011100	010100101110000	6	272	208	6	20	7	2	4	3	576
001001001100100	000010011001001	5	118	83	5	27	9	3	8	5	3840
001001001101000	000010011001001	5	953	927	5	23	8	5	8	4	3840
001001001101001	010100101110000	6	66372	65126	6	21	7	5	10	3	576
001001001101010	001100101110000	6	37	22	6	24	8	5	10	4	384
001001001101011	011001000001111	7	421	381	7	20	7	7	12	4	48
001001001101100	001100101110000	6	751	696	6	18	7	5	8	3	384
001001001110000	000010011001001	5	0	0	5	24	8	1	1	2	3840
001001001110100	010100101110000	6	242	183	6	24	8	6	11	4	576
001001001111000	010100101110000	6	0	0	6	21	6	2	5	3	576
001001001111100	101101100101000	7	1197	1109	6	12	5	6	7	3	128
001001010000011	000010011001001	5	0	0	5	21	8	2	2	3	3840
001001010001011	010100101110000	6	0	0	6	22	8	4	10	4	576
001001010010100	000010011001001	5	11892	11229	5	21	8	3	7	5	3840
001001010011100	010100101110000	6	13844	13004	6	22	7	2	4	3	576
001001010100001	000010011001001	5	1396	1356	5	19	7	4	6	4	3840
001001010100011	001100101110000	6	0	0	6	11	4	4	7	4	384
001001010100100	000010011001001	5	6944	6601	5	26	9	5	13	5	3840
001001010101001	010100101110000	6	75860	74343	6	19	7	4	6	3	576
001001010101011	011001000001111	7	0	0	7	21	7	3	5	3	48
001001010101100	010100101110000	6	234	171	6	28	8	5	11	5	576
001001010110000	000010011001001	5	7237	6741	5	23	8	5	12	5	3840
001001010110100	010100101110000	6	42459	41040	6	19	8	5	10	6	576
001001010111000	010100101110000	6	40249	37491	6	23	7	6	13	6	576
001001010111100	001001011101001	7	1192	1108	7	16	5	6	10	4	576
001001011000001	000010011001001	5	1231	1196	5	20	8	5	10	6	3840
001001011000010	000010011001001	5	501	465	5	9	7	3	3	5	3840
001001011000011	101010000110001	6	0	0	6	20	7	5	13	6	480
001001011000100	000010011001001	5	90	62	4	16	8	3	7	5	3840
001001011001001	010100101110000	6	63642	62412	6	21	7	5	10	4	576
001001011001010	010100101110000	6	3102	3002	6	16	7	4	7	5	576
001001011001011	001000100101111	7	483	436	7	21	6	3	6	2	96
001001011001100	010100101110000	6	1056	973	6	20	7	2	4	3	576
001001011010100	001100101110000	6	196	141	6	19	6	3	6	3	384
001001011011100	101101100101000	7	2251	2016	7	16	5	6	13	4	128
001001011100000	000010011001001	5	659	624	4	7	5	4	6	4	3840
001001011100001	010100101110000	6	105466	103243	6	18	6	4	7	4	576
001001011100010	001100101110000	6	53	33	6	11	5	5	10	4	384
001001011100011	011001000001111	7	0	0	7	18	7	6	14	6	48
001001011100100	101010000110001	6	476	439	6	14	5	3	3	2	480
001001011101000	010100101110000	6	89372	87427	6	17	6	4	6	3	576
001001011101001	001001011101001	7	1061	448	0	0	0	0	0	0	576
001001011101010	011001000001111	7	268	248	7	25	8	2	2	1	48
001001011101011	111001000001111	8	1732	1661	7	18	6	7	12	4	32
001001011101100	011001000001111	7	2636	2534	6	17	7	4	6	3	48
001001011110000	001100101110000	6	47	11	5	10	4	3	4	2	384
001001011110100	011001000001111	7	1133	1055	7	26	6	5	7	3	48
001001011111000	101101100101000	7	488	407	6	16	6	4	7	3	128
001001011111100	011000101101011	8	9806	9386	8	28	7	3	4	2	32
001001100000110	000010011001001	5	12686	12042	5	17	8	4	6	5	3840
001001100000111	010100101110000	6	50184	48529	6	23	7	4	6	3	576
001001100001010	000010011001001	5	13020	12211	5	22	9	1	1	3	3840
001001100001011	010100101110000	6	51471	49387	6	27	8	4	4	2	576
001001100001110	001100101110000	6	59197	57012	6	25	7	4	5	3	384
001001100001111	101101100101000	7	956468	933753	7	24	7	5	11	4	128
001001100010010	000010011001001	5	1604	1495	5	23	9	5	9	5	3840
001001100010011	010100101110000	6	0	0	6	23	8	6	16	5	576
001001100010100	000010011001001	5	10030	9427	5	16	7	5	12	4	3840
001001100010101	010100101110000	6	0	0	6	20	6	5	7	4	576
001001100010110	101010000110001	6	7286	7021	6	16	7	3	7	3	480
001001100010111	001000100101111	7	0	0	7	20	6	5	10	4	96
001001100011000	000010011001001	5	11007	9923	5	18	7	4	6	5	3840
001001100011001	010100101110000	6	88866	83136	6	16	7	4	4	3	576
001001100011010	101010000110001	6	90	74	6	19	8	3	4	2	480
001001100011011	001000100101111	7	578	530	7	21	6	5	17	6	96
001001100011100	001100101110000	6	184	128	4	9	5	4	4	2	384
001001100011101	101101100101000	7	585	563	7	21	7	4	8	3	128
001001100011110	010111011000001	7	287	268	6	15	5	6	13	5	96
001001100011111	011001110110100	8	1218	1177	6	14	4	6	11	3	48
001001100100100	000010011001001	5	15241	14318	5	17	8	4	8	5	3840
001001100100101	010100101110000	6	58159	55892	6	20	7	4	8	3	576
001001100100110	001100101110000	6	80107	77117	6	21	6	4	8	4	384
001001100100111	011001000001111	7	1090343	1058031	7	24	7	6	11	4	48
001001100101000	000010011001001	5	4884	4745	5	28	9	3	7	4	3840
001001100101001	010100101110000	6	76787	73715	6	24	8	2	5	3	576
001001100101010	001100101110000	6	86405	83092	6	24	6	3	5	3	384
001001100101011	011001000001111	7	1253196	1208290	7	22	7	4	4	2	48
001001100101100	001100101110000	6	72781	69739	6	20	7	2	3	2	384
001001100101101	101101100101000	7	831835	803406	7	21	7	5	15	5	128
001001100101110	111000010101001	7	2462661	2365012	7	17	5	3	4	2	144
001001100101111	001001100101111	8	32	5	0	0	0	0	0	0	24
001001100110000	000010011001001	5	10619	9847	5	26	8	5	12	5	3840
001001100110001	010100101110000	6	68196	64429	6	23	7	6	13	6	576
001001100110010	001100101110000	6	3431	3249	5	10	4	3	6	4	384
001001100110011	011001000001111	7	0	0	7	31	8	7	11	4	48
001001100110100	010100101110000	6	31486	30523	6	21	7	6	14	7	576
001001100110101	001001011101001	7	0	0	7	18	6	5	12	4	576
001001100110110	011001000001111	7	24348	23814	7	21	7	4	4	2	48
001001100110111	111001000001111	8	0	0	7	12	4	5	7	2	32
001001100111000	101010000110001	6	52658	50142	6	18	6	3	4	2	480
001001100111001	011001000001111	7	434368	421330	7	16	4	3	3	1	48
001001100111010	010111011000001	7	194	177	5	13	4	5	11	4	96
001001100111011	111000100011101	8	1506	1456	7	11	3	7	11	3	16
001001100111100	011001000001111	7	1013	938	6	21	7	6	11	4	48
001001100111101	011000101101011	8	3994	3903	8	22	5	4	6	2	32
001001100111110	111000100011101	8	403	384	5	8	3	5	8	3	16
001001100111111	110010101101011	9	6932	6769	7	14	4	7	11	3	8
001001101000100	000010011001001	5	128	89	4	7	6	3	8	5	3840
001001101001000	000010011001001	5	4209	3885	5	16	7	5	8	5	3840
001001101001001	010100101110000	6	20072	19241	6	21	7	5	10	3	576
001001101001010	001100101110000	6	6062	5853	6	20	7	5	10	4	384
001001101001011	011001000001111	7	281	254	7	18	6	7	12	4	48
001001101001100	001100101110000	6	815	754	6	18	7	5	8	3	384
001001101010000	000010011001001	5	0	0	4	6	4	4	6	4	3840
001001101010100	101010000110001	6	233	178	6	13	5	3	3	2	480
001001101011000	010100101110000	6	0	0	6	17	6	4	6	3	576
001001101011100	011001000001111	7	1108	1025	6	17	7	4	6	3	48
001001101100100	001100101110000	6	633	586	6	23	7	3	7	3	384
001001101101000	001100101110000	6	15652	14936	6	21	7	4	7	3	384
001001101101001	101101100101000	7	75011	73200	7	19	6	6	12	4	128
001001101101010	111100000011100	7	436	403	6	16	5	5	9	3	192
001001101101011	110001101101001	8	2164	2066	7	11	3	7	11	3	32
001001101101100	111100000011100	7	1584	1512	5	8	2	5	5	2	192
001001101110000	001100101110000	6	0	0	5	11	4	4	5	3	384
001001101110100	011001000001111	7	1272	1199	7	26	6	5	7	3	48
001001101111000	011001000001111	7	0	0	7	22	7	4	6	3	48
001001101111100	110001101101001	8	6005	5903	8	20	5	8	18	4	32
001001110000010	000010011001001	5	759	691	5	21	8	5	12	4	3840
001001110000011	010100101110000	6	0	0	6	26	7	2	7	4	576
001001110001010	010100101110000	6	3197	3080	6	19	6	2	5	4	576
001001110001011	101101100101000	7	0	0	7	15	5	6	17	6	128
001001110010000	000010011001001	5	11579	10703	5	19	7	5	8	3	3840
001001110010100	010100101110000	6	65112	62844	6	32	8	6	10	5	576
001001110011000	010100101110000	6	53581	49974	6	27	7	6	11	4	576
001001110011100	101101100101000	7	1226	1150	7	24	7	4	8	3	128
001001110100000	000010011001001	5	13460	12453	5	19	8	3	6	4	3840
001001110100001	010100101110000	6	3097	2662	6	24	7	5	13	6	576
001001110100010	001100101110000	6	100	71	6	21	6	3	4	2	384
001001110100011	011001000001111	7	0	0	7	18	5	5	9	4	48
001001110100100	010100101110000	6	42778	41422	6	26	7	5	13	6	576
001001110101000	010100101110000	6	32667	30596	6	19	7	6	13	5	576
001001110101001	101101100101000	7	18937	17610	7	12	4	5	8	3	128
001001110101010	011001000001111	7	396	365	7	15	5	4	6	3	48
001001110101011	111011000101001	8	0	0	8	19	5	3	5	2	96
001001110101100	101101100101000	7	1190	1116	7	18	7	2	2	1	128
001001110110000	001100101110000	6	47204	45416	6	23	8	4	9	4	384
001001110110100	101101100101000	7	273848	248314	5	8	4	5	8	4	128
001001110111000	011001000001111	7	254938	246867	7	24	8	7	12	4	48
001001110111100	011000101101011	8	11843	11341	8	35	7	5	9	3	32
001001111000000	000010011001001	5	1063	973	5	15	8	1	1	2	3840
001001111000001	010100101110000	6	3321	2869	6	20	6	2	5	3	576
001001111000010	001100101110000	6	4018	3872	6	24	7	5	8	4	384
001001111000011	011001000001111	7	0	0	7	15	5	5	9	4	48
001001111000100	010100101110000	6	547	506	6	24	8	6	11	4	576
001001111001000	010100101110000	6	4021	3886	6	21	6	2	5	3	576
001001111001001	101101100101000	7	30258	28434	7	18	6	5	10	4	128
001001111001010	001001000101111	7	16575	16312	7	21	7	2	2	1	576
001001111001011	001001100101111	8	1870	1816	8	16	5	3	6	2	24
001001111001100	101101100101000	7	3226	3108	6	12	5	6	7	3	128
001001111010000	001100101110000	6	39	11	6	20	7	3	4	2	384
001001111010100	011001000001111	7	867	800	6	10	4	5	7	3	48
001001111011000	101101100101000	7	417	356	4	7	3	4	7	3	128
001001111011100	011000101101011	8	9823	9424	8	21	5	3	4	2	32
001001111100000	001100101110000	6	278	225	6	21	7	4	5	3	384
001001111100001	101101100101000	7	10949	9555	5	10	3	4	8	3	128
001001111100010	111100000011100	7	626	585	7	19	6	5	11	4	192
001001111100011	110001101101001	8	0	0	7	17	5	6	10	3	32
001001111100100	011001000001111	7	1456	1408	6	10	4	5	7	3	48
001001111101000	011001000001111	7	7987	7609	7	16	5	4	6	3	48
001001111101001	011000101101011	8	137065	132804	8	22	5	7	13	4	32
001001111101010	011001000101111	8	2148	2107	8	13	4	3	3	1	32
001001111101011	111001100101101	9	17535	17335	9	24	6	7	12	3	8
001001111101100	110001101101001	8	13303	13169	8	25	6	8	18	4	32
001001111110000	111100000011100	7	477	413	6	13	4	5	8	3	192
001001111110100	110001101101001	8	4917	4825	8	13	4	6	12	4	32
001001111111000	110001101101001	8	628	514	2	2	1	2	2	1	32
001001111111100	110101101101001	9	55770	54410	9	23	5	3	3	1	32
001010000010011	000010011001001	5	0	0	5	31	10	5	12	6	3840
001010000010110	000010011001001	5	0	0	5	29	10	3	3	4	3840
001010000010111	001100101110000	6	130	122	6	26	8	5	10	4	384
001010000011011	010100101110000	6	0	0	6	17	5	6	14	5	576
001010000011110	010100101110000	6	1997	1769	6	30	7	4	5	4	576
001010000011111	101101100101000	7	7554	7111	7	25	8	5	10	5	128
001010000100011	000010011001001	5	226	183	5	30	10	4	7	5	3840
001010000100110	000010011001001	5	0	0	5	24	9	4	7	6	3840
001010000100111	001100101110000	6	130	122	6	28	8	4	10	5	384
001010000101011	010100101110000	6	0	0	6	21	7	6	14	6	576
001010000101110	010100101110000	6	587	508	6	21	7	6	14	6	576
001010000101111	101101100101000	7	3073	2870	7	24	7	5	10	4	128
001010000110010	000010011001001	5	0	0	5	27	10	3	5	4	3840
001010000110011	101010000110001	6	0	0	4	10	4	3	3	2	480
001010000110110	010100101110000	6	0	0	6	20	7	6	13	6	576
001010000110111	011001000001111	7	303	294	6	17	5	6	11	4	48
001010000111010	010100101110000	6	0	0	6	25	8	6	13	5	576
001010000111011	011001000001111	7	0	0	7	28	7	6	11	5	48
001010000111110	001001011101001	7	7413	6988	7	29	8	6	15	6	576
001010000111111	011000101101011	8	28992	28139	8	34	7	6	8	3	32
001010001000011	000010011001001	5	222	183	5	28	9	3	3	4	3840
001010001001011	010100101110000	6	0	0	6	12	6	4	5	4	576
001010001100010	000010011001001	5	267	200	5	23	8	3	5	3	3840
001010001100011	010100101110000	6	2458	2186	6	22	8	6	13	6	576
001010001101010	010100101110000	6	139	107	6	17	7	6	13	5	576
001010001101011	001001011101001	7	0	0	7	27	8	6	15	6	576
001010010000011	000010011001001	5	28	18	5	31	10	5	12	6	3840
001010010001011	010100101110000	6	0	0	6	17	5	6	14	5	576
001010010100001	000010011001001	5	310	262	5	21	8	4	10	6	3840
001010010100011	001100101110000	6	938	851	6	19	6	5	11	5	384
001010010101001	010100101110000	6	931	859	6	14	4	6	12	4	576
001010010101011	011001000001111	7	0	0	6	24	7	5	12	4	48
001010011000001	000010011001001	5	902	789	5	27	9	3	5	3	3840
001010011000010	000010011001001	5	733	682	5	27	8	5	11	6	3840
001010011000011	101010000110001	6	713	595	4	10	4	4	6	3	480
001010011001001	010100101110000	6	8577	8226	6	15	5	2	2	2	576
001010011001010	010100101110000	6	4727	4580	6	23	8	6	16	5	576
001010011001011	001000100101111	7	0	0	7	25	6	5	17	6	96
001010011100000	000010011001001	5	302	250	5	20	7	5	13	5	3840
001010011100001	010100101110000	6	2960	2756	6	29	8	6	12	6	576
001010011100010	001100101110000	6	1098	940	5	12	5	4	11	5	384
001010011100011	011001000001111	7	12149	11260	7	20	7	5	11	4	48
001010011101000	010100101110000	6	805	750	6	24	7	6	10	5	576
001010011101001	001001011101001	7	7017	6730	7	24	8	6	11	4	576
001010011101010	011001000001111	7	619	570	7	27	8	6	12	5	48
001010011101011	111001000001111	8	0	0	7	18	6	7	13	4	32
001010100000011	000010011001001	5	47	26	5	30	10	4	7	5	3840
001010100000110	000010011001001	5	0	0	5	24	9	4	7	6	3840
001010100000111	001100101110000	6	0	0	6	28	8	4	10	5	384
001010100001011	010100101110000	6	0	0	6	21	7	6	14	6	576
001010100001110	010100101110000	6	0	0	6	21	7	6	14	6	576
001010100001111	101101100101000	7	0	0	7	24	7	5	10	4	128
001010100010001	000010011001001	5	0	0	5	30	10	4	10	6	3840
001010100010011	001100101110000	6	0	0	6	27	8	5	11	5	384
001010100010100	000010011001001	5	0	0	4	18	8	4	5	3	3840
001010100010101	001100101110000	6	0	0	6	24	7	3	4	2	384
001010100010110	001100101110000	6	0	0	6	22	7	4	8	3	384
001010100010111	111000010101001	7	0	0	7	27	7	3	3	1	144
001010100011001	010100101110000	6	0	0	6	18	6	6	12	4	576
001010100011011	011001000001111	7	0	0	5	12	4	5	12	4	48
001010100011100	010100101110000	6	0	0	6	19	5	4	5	2	576
001010100011101	101101100101000	7	0	0	7	28	7	4	5	2	128
001010100011110	011001000001111	7	0	0	6	22	7	0	0	0	48
001010100011111	001001100101111	8	0	0	7	16	5	5	6	2	24
001010100100001	000010011001001	5	3495	3232	5	24	8	5	9	4	3840
001010100100010	000010011001001	5	370	292	5	22	8	3	7	4	3840
001010100100011	101010000110001	6	1236	1058	5	7	3	5	7	3	480
001010100100100	000010011001001	5	120	77	5	25	9	5	9	5	3840
001010100100101	001100101110000	6	4234	4092	6	28	8	4	7	3	384
001010100100110	101010000110001	6	0	0	6	20	6	5	7	3	480
001010100100111	010111011000001	7	0	0	5	8	3	4	6	2	96
001010100101001	010100101110000	6	22383	21420	6	15	6	6	15	6	576
001010100101010	010100101110000	6	196	159	6	17	8	6	17	8	576
001010100101011	001000100101111	7	0	0	7	25	7	5	10	4	96
001010100101100	010100101110000	6	0	0	6	26	7	6	15	6	576
001010100101101	101101100101000	7	0	0	7	32	7	5	6	2	128
001010100101110	001000100101111	7	0	0	7	12	5	5	10	4	96
001010100101111	011001110110100	8	0	0	6	14	4	5	7	2	48
001010100110000	000010011001001	5	0	0	5	22	8	5	13	5	3840
001010100110001	101010000110001	6	0	0	5	8	4	3	4	2	480
001010100110010	001100101110000	6	0	0	3	8	4	3	5	3	384
001010100110011	010111011000001	7	0	0	4	6	3	4	6	3	96
001010100110100	010100101110000	6	0	0	6	28	7	6	11	5	576
001010100110101	011001000001111	7	0	0	7	25	6	5	8	3	48
001010100110110	011001000001111	7	0	0	7	28	8	6	11	4	48
001010100110111	111000100011101	8	0	0	3	3	1	3	3	1	16
001010100111000	010100101110000	6	0	0	6	19	7	6	13	7	576
001010100111001	011001000001111	7	0	0	7	24	7	6	11	4	48
001010100111010	011001000001111	7	0	0	7	27	7	5	8	3	48
001010100111011	111000100011101	8	0	0	3	4	2	3	4	2	16
001010100111100	001001011101001	7	0	0	7	27	8	6	10	4	576
001010100111101	011000101101011	8	0	0	8	29	7	4	6	3	32
001010100111110	111001000001111	8	0	0	7	19	5	0	0	0	32
001010100111111	110010101101011	9	0	0	6	6	2	6	6	2	8
001010101000001	000010011001001	5	3727	3447	5	25	8	4	5	3	3840
001010101000011	001100101110000	6	1262	1119	6	24	8	4	8	3	384
001010101001001	010100101110000	6	20729	19852	6	16	7	4	5	2	576
001010101001011	011001000001111	7	0	0	5	11	3	0	0	0	48
001010101100000	000010011001001	5	3507	3229	5	17	6	5	13	6	3840
001010101100001	010100101110000	6	18344	17515	6	26	8	6	11	5	576
001010101100010	001100101110000	6	853	651	3	8	4	3	5	3	384
001010101100011	011001000001111	7	12244	11342	7	28	8	6	11	4	48
001010101101000	010100101110000	6	21783	20751	6	22	8	6	13	7	576
001010101101001	001001011101001	7	60978	58677	6	19	7	6	10	4	576
001010101101010	011001000001111	7	1533	1436	7	27	7	5	8	3	48
001010101101011	111001000001111	8	0	0	7	19	5	0	0	0	32
001010110000010	000010011001001	5	1113	1024	5	27	10	3	5	4	3840
001010110000011	101010000110001	6	155	127	4	10	4	3	3	2	480
001010110001010	010100101110000	6	6750	6521	6	25	8	6	13	5	576
001010110001011	011001000001111	7	0	0	7	28	7	6	11	5	48
001010110100000	000010011001001	5	362	290	5	31	10	5	13	5	3840
001010110100001	101010000110001	6	1633	1438	5	8	4	3	4	2	480
001010110100010	001100101110000	6	1587	1411	6	16	5	3	5	3	384
001010110100011	010111011000001	7	2345	1931	4	6	3	4	6	3	96
001010110101000	010100101110000	6	295	245	6	35	8	6	13	7	576
001010110101001	011001000001111	7	6893	6520	7	24	7	6	11	4	48
001010110101010	011001000001111	7	925	859	7	21	6	5	8	3	48
001010110101011	111000100011101	8	0	0	3	4	2	3	4	2	16
001010111000000	000010011001001	5	1424	1306	5	29	10	5	13	5	3840
001010111000001	101010000110001	6	2033	1729	4	11	4	3	3	1	480
001010111000010	001100101110000	6	5522	5312	6	22	7	4	11	5	384
001010111000011	010111011000001	7	7795	6958	6	20	6	5	9	3	96
001010111001000	010100101110000	6	12807	12356	6	27	8	6	10	5	576
001010111001001	011001000001111	7	28234	27570	7	17	4	3	4	2	48
001010111001010	011001000001111	7	33033	32561	7	20	6	6	12	5	48
001010111001011	111000100011101	8	0	0	8	18	5	7	11	3	16
001010111100000	000011001001011	6	1696	1533	6	17	6	4	13	6	1440
001010111100001	001000100101111	7	6555	5846	5	7	3	5	7	3	96
001010111100010	111000010101001	7	8563	7786	6	18	5	3	4	2	144
001010111100011	111000100011101	8	56235	52757	7	20	5	5	7	3	16
001010111101000	001000100101111	7	1399	1296	6	11	4	5	7	3	96
001010111101001	111001000001111	8	28962	27671	7	23	5	3	3	1	32
001010111101010	111000100011101	8	4445	4312	7	19	5	3	4	2	16
001010111101011	011101110111000	9	0	0	8	21	5	7	14	4	24
001011000000011	000010011001001	5	0	0	5	28	9	3	3	4	3840
001011000000110	000010011001001	5	0	0	5	36	10	5	12	6	3840
001011000000111	001100101110000	6	210	198	6	27	7	5	10	4	384
001011000001011	010100101110000	6	0	0	6	12	6	4	5	4	576
001011000001110	010100101110000	6	1077	967	6	23	7	6	14	5	576
001011000001111	101101100101000	7	5122	4862	7	24	7	5	10	5	128
001011000010001	000010011001001	5	0	0	5	29	9	3	5	3	3840
001011000010010	000010011001001	5	0	0	5	30	10	5	11	4	3840
001011000010011	101010000110001	6	0	0	5	17	6	4	6	3	480
001011000010100	000010011001001	5	0	0	5	28	9	3	5	3	3840
001011000010101	001100101110000	6	124	116	6	18	6	3	4	2	384
001011000010110	101010000110001	6	0	0	6	13	5	4	6	3	480
001011000010111	010111011000001	7	485	471	6	20	6	4	9	4	96
001011000011001	010100101110000	6	0	0	6	19	5	2	2	2	576
001011000011010	010100101110000	6	0	0	6	19	7	6	16	5	576
001011000011011	001000100101111	7	0	0	7	17	5	5	17	6	96
001011000011100	010100101110000	6	2190	1968	6	15	5	2	2	2	576
001011000011101	101101100101000	7	8614	8171	7	23	7	6	15	4	128
001011000011110	001000100101111	7	11489	10837	7	19	6	5	17	6	96
001011000011111	011001110110100	8	32378	29974	7	16	5	7	14	4	48
001011000100001	000010011001001	5	904	882	5	18	6	4	5	3	3840
001011000100011	001100101110000	6	0	0	6	15	5	4	8	3	384
001011000100100	000010011001001	5	0	0	5	30	9	4	10	6	3840
001011000100101	001100101110000	6	106	98	6	23	7	3	4	2	384
001011000100110	001100101110000	6	0	0	6	25	7	5	11	5	384
001011000100111	111000010101001	7	670	657	7	14	5	3	3	1	144
001011000101001	010100101110000	6	3825	3771	6	16	5	4	5	2	576
001011000101011	011001000001111	7	0	0	6	21	7	0	0	0	48
001011000101100	010100101110000	6	693	618	6	22	7	6	12	4	576
001011000101101	101101100101000	7	3555	3319	7	28	7	4	5	2	128
001011000101110	011001000001111	7	2964	2734	6	18	7	5	12	4	48
001011000101111	001001100101111	8	20997	20159	8	22	5	5	6	2	24
001011000110000	000010011001001	5	0	0	5	23	7	5	13	5	3840
001011000110001	101010000110001	6	0	0	4	11	4	3	3	1	480
001011000110010	001100101110000	6	0	0	5	12	5	4	11	5	384
001011000110011	010111011000001	7	0	0	6	20	6	5	9	3	96
001011000110100	010100101110000	6	0	0	6	27	8	6	12	6	576
001011000110101	011001000001111	7	384	375	7	25	7	4	7	3	48
001011000110110	011001000001111	7	0	0	7	20	7	5	11	4	48
001011000110111	111000100011101	8	1549	1091	6	13	4	6	13	4	16
001011000111000	010100101110000	6	0	0	6	21	6	6	10	5	576
001011000111001	011001000001111	7	0	0	7	17	4	3	4	2	48
001011000111010	011001000001111	7	0	0	7	27	8	6	12	5	48
001011000111011	111000100011101	8	12836	11266	8	18	5	7	11	3	16
001011000111100	001001011101001	7	7661	7263	7	18	6	6	11	4	576
001011000111101	011000101101011	8	31020	29920	8	28	6	3	3	1	32
001011000111110	111001000001111	8	26446	24994	7	18	6	7	13	4	32
001011000111111	110010101101011	9	584874	537117	6	12	3	6	12	3	8
001011001000001	000010011001001	5	784	765	5	23	8	5	8	3	3840
001011001000010	000010011001001	5	792	736	5	27	8	3	3	4	3840
001011001000011	101010000110001	6	147	120	5	15	6	5	15	6	480
001011001001001	010100101110000	6	4023	3966	6	17	6	5	11	4	576
001011001001010	010100101110000	6	4929	4771	6	22	8	4	12	5	576
001011001001011	001000100101111	7	0	0	7	13	4	4	7	2	96
001011001100000	000010011001001	5	810	790	5	18	7	4	7	4	3840
001011001100001	010100101110000	6	1983	1957	6	19	7	4	7	4	576
001011001100010	001100101110000	6	136	91	5	16	6	5	9	4	384
001011001100011	011001000001111	7	583	549	7	24	8	7	12	5	48
001011001101000	010100101110000	6	2093	2066	6	18	7	4	7	4	576
001011001101001	001001011101001	7	4985	4917	6	11	5	1	1	1	576
001011001101010	011001000001111	7	764	702	7	24	8	3	6	4	48
001011001101011	111001000001111	8	0	0	7	13	4	6	18	6	32
001011010000011	001100101110000	6	0	0	6	21	7	4	6	3	384
001011010001011	101101100101000	7	0	0	7	19	7	4	9	4	128
001011010100001	001100101110000	6	2302	2132	6	21	6	3	4	2	384
001011010100011	111100000011100	7	0	0	5	10	4	5	8	3	192
001011010101001	101101100101000	7	5428	5025	6	20	6	5	10	4	128
001011010101011	110001101101001	8	0	0	8	19	7	6	9	3	32
001011011000001	001100101110000	6	2912	2696	6	17	7	5	9	3	384
001011011000010	001100101110000	6	1434	1361	5	17	6	5	7	4	384
001011011000011	010111011000001	7	0	0	6	14	4	5	14	5	96
001011011001001	101101100101000	7	7952	7398	6	16	6	6	9	3	128
001011011001010	101101100101000	7	17497	17245	7	20	7	5	7	3	128
001011011001011	011001110110100	8	0	0	8	20	6	6	14	5	48
001011011100000	001100101110000	6	933	862	6	22	7	3	5	3	384
001011011100001	001001000101111	7	6168	5510	5	15	6	4	6	3	576
001011011100010	111100000011100	7	962	863	6	15	5	6	8	3	192
001011011100011	011001000101111	8	0	0	7	12	4	7	12	4	32
001011011101000	101101100101000	7	2464	2348	6	20	6	5	9	4	128
001011011101001	011101011001001	8	156714	154603	8	20	6	3	3	1	192
001011011101010	110001101101001	8	2962	2827	6	12	5	6	12	5	32
001011011101011	110001011101011	9	0	0	9	16	4	9	16	4	16
001011100000010	000010011001001	5	1205	1103	5	23	8	3	5	3	3840
001011100000011	010100101110000	6	0	0	6	22	8	6	13	6	576
001011100000110	101010000110001	6	0	0	6	21	7	3	3	2	480
001011100000111	011001000001111	7	0	0	7	18	7	6	11	4	48
001011100001010	010100101110000	6	4630	4469	6	17	7	6	13	5	576
001011100001011	001001011101001	7	0	0	7	27	8	6	15	6	576
001011100001110	011001000001111	7	0	0	7	23	8	6	11	5	48
001011100001111	011000101101011	8	0	0	7	19	5	6	8	3	32
001011100010000	000010011001001	5	0	0	5	33	10	5	13	5	3840
001011100010001	010100101110000	6	0	0	6	29	8	6	12	6	576
001011100010010	001100101110000	6	0	0	6	22	7	4	11	5	384
001011100010011	011001000001111	7	0	0	7	22	7	5	11	4	48
001011100010100	101010000110001	6	0	0	6	19	7	3	3	2	480
001011100010101	011001000001111	7	0	0	7	24	8	4	7	3	48
001011100010110	010111011000001	7	0	0	6	20	6	5	9	3	96
001011100010111	111000100011101	8	0	0	6	13	4	6	13	4	16
001011100011000	010100101110000	6	0	0	6	26	7	6	10	5	576
001011100011001	001001011101001	7	0	0	7	24	8	6	11	4	576
001011100011010	011001000001111	7	0	0	7	20	6	6	12	5	48
001011100011011	111001000001111	8	0	0	7	18	6	7	13	4	32
001011100011100	011001000001111	7	0	0	7	22	8	3	4	2	48
001011100011101	011000101101011	8	0	0	8	26	6	3	3	1	32
001011100011110	111000100011101	8	0	0	8	18	5	7	11	3	16
001011100011111	110010101101011	9	0	0	6	12	3	6	12	3	8
001011100100000	000010011001001	5	2852	2632	5	31	10	5	13	6	3840
001011100100001	010100101110000	6	13290	12696	6	26	8	6	11	5	576
001011100100010	001100101110000	6	310	239	6	16	5	3	5	3	384
001011100100011	011001000001111	7	543	504	7	24	6	6	11	4	48
001011100100100	101010000110001	6	0	0	6	21	7	3	4	2	480
001011100100101	011001000001111	7	0	0	6	23	8	5	8	3	48
001011100100110	010111011000001	7	0	0	4	6	3	4	6	3	96
001011100100111	111000100011101	8	0	0	3	3	1	3	3	1	16
001011100101000	010100101110000	6	20339	19460	6	23	8	6	13	7	576
001011100101001	001001011101001	7	52433	50501	6	19	7	6	10	4	576
001011100101010	011001000001111	7	1063	986	7	21	6	5	8	3	48
001011100101011	111001000001111	8	0	0	7	19	5	0	0	0	32
001011100101100	011001000001111	7	0	0	6	21	7	6	11	4	48
001011100101101	011000101101011	8	0	0	7	17	4	4	6	3	32
001011100101110	111000100011101	8	0	0	3	4	2	3	4	2	16
001011100101111	110010101101011	9	0	0	6	6	2	6	6	2	8
001011100110000	000011001001011	6	0	0	6	18	6	4	13	6	1440
001011100110001	001000100101111	7	0	0	5	7	3	5	7	3	96
001011100110010	111000010101001	7	0	0	6	17	5	3	4	2	144
001011100110011	111000100011101	8	0	0	7	20	5	5	7	3	16
001011100110100	001000100101111	7	0	0	7	15	5	5	7	3	96
001011100110101	111001000001111	8	0	0	8	26	6	5	8	3	32
001011100110110	111000100011101	8	0	0	7	19	5	5	7	3	16
001011100110111	011101110111000	9	0	0	6	10	3	6	10	3	24
001011100111000	001000100101111	7	0	0	6	16	5	5	7	3	96
001011100111001	111001000001111	8	0	0	7	23	5	3	3	1	32
001011100111010	111000100011101	8	0	0	7	20	5	3	4	2	16
001011100111011	011101110111000	9	0	0	8	21	5	7	14	4	24
001011100111100	111001000001111	8	0	0	8	20	5	3	3	1	32
001011100111101	111001100110110	9	0	0	7	15	4	6	6	2	96
001011100111110	011101110111000	9	0	0	7	14	4	7	14	4	24
001011100111111	010011111101011	10	43	0	7	12	3	6	9	2	24
001011101000000	000010011001001	5	4710	4337	5	29	10	4	7	4	3840
001011101000001	010100101110000	6	20396	19530	6	19	7	4	7	4	576
001011101000010	001100101110000	6	6056	5846	6	27	8	5	9	4	384
001011101000011	011001000001111	7	582	548	7	18	6	7	12	5	48
001011101001000	010100101110000	6	25815	24666	6	23	8	4	7	4	576
001011101001001	001001011101001	7	67596	65212	6	11	5	1	1	1	576
001011101001010	011001000001111	7	34821	34293	7	17	6	3	6	4	48
001011101001011	111001000001111	8	0	0	7	13	4	6	18	6	32
001011101100000	001100101110000	6	17748	16928	6	23	7	4	7	4	384
001011101100001	101101100101000	7	51714	49777	6	17	6	6	12	5	128
001011101100010	111100000011100	7	1815	1665	6	21	6	6	12	4	192
001011101100011	110001101101001	8	1330	1257	6	17	5	6	13	4	32
001011101101000	001001000101111	7	96560	94082	7	14	5	5	7	3	576
001011101101001	011101011001001	8	621903	609377	7	21	5	2	3	2	192
001011101101010	011001000101111	8	7762	7506	7	14	5	5	8	3	32
001011101101011	110001011101011	9	0	0	9	14	3	8	14	3	16
001011110000010	001100101110000	6	3408	3283	6	19	6	4	6	3	384
001011110000011	011001000001111	7	0	0	7	25	8	5	8	3	48
001011110001010	101101100101000	7	20151	19838	7	18	7	5	11	4	128
001011110001011	011000101101011	8	0	0	8	19	5	5	8	4	32
001011110100000	001100101110000	6	353	264	5	19	7	2	4	3	384
001011110100001	011001000001111	7	17665	16299	7	27	7	6	11	4	48
001011110100010	111100000011100	7	1601	1482	7	17	6	3	4	2	192
001011110100011	011001000101111	8	0	0	8	27	6	6	10	3	32
001011110101000	101101100101000	7	13029	12481	7	18	6	3	4	2	128
001011110101001	011000101101011	8	53185	49603	6	17	5	6	13	4	32
001011110101010	110001101101001	8	7477	7305	8	24	6	8	20	5	32
001011110101011	111001100101101	9	0	0	8	21	5	5	5	2	8
001011111000000	001100101110000	6	4365	4212	6	17	7	3	4	2	384
001011111000001	011001000001111	7	19077	17772	7	21	6	4	6	3	48
001011111000010	111000010101001	7	15748	15498	7	25	7	4	6	2	144
001011111000011	111000100011101	8	0	0	7	13	4	7	13	4	16
001011111001000	101101100101000	7	35914	35344	7	17	6	4	4	2	128
001011111001001	011000101101011	8	180610	175644	8	21	5	8	15	4	32
001011111001010	001001100101111	8	398949	389970	7	12	4	5	11	4	24
001011111001011	110010101101011	9	0	0	9	14	4	8	17	4	8
001011111100000	111000010101001	7	1112	965	4	7	3	3	4	2	144
001011111100001	001001100101111	8	34801	31089	5	7	3	5	7	3	24
001011111100010	111000100111001	8	3388	3193	5	8	3	4	6	2	64
001011111100011	111001100111001	9	0	0	6	10	3	6	10	3	8
001011111101000	001001100101111	8	37756	36846	7	13	4	5	7	3	24
001011111101001	011011101101001	9	1604263	1585512	9	17	4	1	1	1	16
001011111101010	111001100111001	9	13688	13305	6	10	3	6	10	3	8
001011111101011	110110111101001	10	1691	1606	7	12	3	7	12	3	4
001100010010100	000010011001001	5	1217	1054	5	27	9	3	8	5	3840
001100010011000	000010011001001	5	8122	6965	5	27	8	3	9	4	3840
001100010011100	001100101110000	6	3401	3086	5	11	4	5	9	3	384
001100010100100	000010011001001	5	547	366	5	31	10	5	7	3	3840
001100010101000	000010011001001	5	3325	2948	5	31	10	4	11	5	3840
001100010101001	010100101110000	6	5139	4710	6	16	6	5	11	4	576
001100010101100	001100101110000	6	2673	2234	5	17	7	3	5	2	384
001100010110000	000010011001001	5	4791	4256	5	23	9	5	13	6	3840
001100010110100	010100101110000	6	2661	2242	6	33	9	5	13	5	576
001100010111000	101010000110001	6	40080	37261	6	13	5	3	3	2	480
001100010111100	011001000001111	7	6210	5771	7	19	6	4	6	3	48
001100011000100	000010011001001	5	594	484	5	29	9	5	10	4	3840
001100011001000	000010011001001	5	279	273	5	30	9	4	5	3	3840
001100011001001	010100101110000	6	1244	1228	6	16	7	4	5	3	576
001100011001100	001100101110000	6	2584	2361	6	16	7	4	4	2	384
001100011010000	000010011001001	5	155	81	5	19	7	5	12	6	3840
001100011010100	101010000110001	6	3578	3033	6	22	7	3	3	2	480
001100011011000	010100101110000	6	1466	1195	6	29	8	6	12	6	576
001100011011100	011001000001111	7	12868	11810	7	27	8	4	7	4	48
001100011100100	001100101110000	6	1928	1709	5	22	7	5	9	3	384
001100011101000	001100101110000	6	2726	2490	6	24	7	4	5	3	384
001100011101001	101101100101000	7	30942	29962	7	27	7	6	13	5	128
001100011101100	111100000011100	7	7215	6622	6	7	2	4	6	2	192
001100011110000	001100101110000	6	762	570	4	8	4	4	7	3	384
001100011110100	011001000001111	7	17498	16224	7	33	7	6	12	5	48
001100011111000	011001000001111	7	7909	7321	7	33	8	7	15	5	48
001100011111100	110001101101001	8	50417	47524	8	16	5	4	6	2	32
001100100010100	000010011001001	5	27	2	5	23	8	5	7	3	3840
001100100011000	000010011001001	5	3788	3354	5	22	8	4	11	6	3840
001100100011100	001100101110000	6	223	149	3	8	4	3	5	2	384
001100100100100	000010011001001	5	39	4	5	24	9	4	6	3	3840
001100100101000	000010011001001	5	5694	5527	5	28	10	5	10	5	3840
001100100101001	010100101110000	6	4857	4777	6	15	4	5	7	3	576
001100100101100	001100101110000	6	397	309	5	18	7	4	6	3	384
001100100110000	000010011001001	5	44299	42947	5	21	9	4	9	5	3840
001100100110100	010100101110000	6	318	243	6	27	8	5	9	4	576
001100100111000	101010000110001	6	19015	17855	6	13	5	4	4	2	480
001100100111100	011001000001111	7	1155	1052	5	9	4	5	9	4	48
001100101000100	000010011001001	5	152	116	5	23	7	4	6	3	3840
001100101001000	000010011001001	5	468	396	5	23	8	3	5	3	3840
001100101001001	010100101110000	6	1693	1607	6	13	5	2	2	1	576
001100101001100	001100101110000	6	824	764	6	18	7	3	3	1	384
001100101010000	000010011001001	5	56330	54576	5	19	6	5	13	5	3840
001100101010100	101010000110001	6	336	268	6	20	7	2	2	1	480
001100101011000	010100101110000	6	0	0	6	27	8	5	12	5	576
001100101011100	011001000001111	7	1552	1443	6	22	8	6	11	4	48
001100101100100	001100101110000	6	433	387	4	10	4	3	4	2	384
001100101101000	001100101110000	6	1282	1196	6	13	4	2	2	1	384
001100101101001	101101100101000	7	4015	3756	5	15	5	5	10	3	128
001100101101100	111100000011100	7	1485	1412	5	7	3	0	0	0	192
001100101110000	001100101110000	6	0	0	0	0	0	0	0	0	384
001100101110100	011001000001111	7	1887	1790	7	25	7	5	8	3	48
001100101111000	011001000001111	7	0	0	7	19	6	6	12	5	48
001100101111100	110001101101001	8	8725	8588	8	18	4	8	16	4	32
001100110010000	000010011001001	5	4743	4206	5	28	10	5	13	6	3840
001100110010100	010100101110000	6	211	155	6	33	9	5	13	5	576
001100110011000	101010000110001	6	45882	42668	6	13	5	3	3	2	480
001100110011100	011001000001111	7	1436	1350	7	19	6	4	6	3	48
001100110100000	000010011001001	5	321	313	5	27	10	4	9	5	3840
001100110100001	010100101110000	6	706	697	6	30	7	5	9	4	576
001100110100100	010100101110000	6	289	217	6	27	8	5	9	4	576
001100110101000	101010000110001	6	20195	19026	6	13	5	4	4	2	480
001100110101001	011001000001111	7	22898	22104	7	23	7	5	9	4	48
001100110101100	011001000001111	7	1082	982	5	9	4	5	9	4	48
001100110110000	001100101110000	6	25454	23967	6	28	8	5	8	4	384
001100110110100	101101100101000	7	1218	1113	6	27	8	5	13	6	128
001100110111000	010111011000001	7	220295	213052	7	22	6	3	5	2	96
001100110111100	111011000101001	8	6343	5853	6	10	3	4	6	2	96
001100111000000	000010011001001	5	241	236	5	29	10	5	13	6	3840
001100111000001	010100101110000	6	678	670	6	30	8	6	10	5	576
001100111000100	010100101110000	6	542	503	6	30	9	5	13	6	576
001100111001000	101010000110001	6	3331	3112	6	14	5	2	2	1	480
001100111001001	011001000001111	7	15211	14806	7	24	8	4	6	3	48
001100111001100	011001000001111	7	1777	1715	6	12	5	5	14	6	48
001100111010000	000011001001011	6	0	0	6	27	8	5	7	3	1440
001100111010100	001000100101111	7	1372	1296	7	22	6	5	7	3	96
001100111011000	001000100101111	7	0	0	6	15	5	5	7	3	96
001100111011100	111001000001111	8	7008	6889	8	22	5	4	6	3	32
001100111100000	001100101110000	6	434	425	5	16	4	4	9	5	384
001100111100001	101101100101000	7	96798	95855	7	18	5	5	9	4	128
001100111100100	001001000101111	7	1842	1796	7	22	7	5	8	3	576
001100111101000	010111011000001	7	9056	8610	6	16	5	3	5	2	96
001100111101001	111011000101001	8	76247	74769	7	13	4	2	2	1	96
001100111101100	011001000101111	8	17939	17583	8	18	5	6	12	4	32
001100111110000	111000010101001	7	358	316	6	14	4	4	5	2	144
001100111110100	001001100101111	8	4580	4474	7	17	5	6	8	3	24
001100111111000	111000100011101	8	1112	1070	7	15	4	4	6	2	16
001100111111100	111001100101101	9	46386	45482	9	18	4	5	8	2	8
001101000010100	000010011001001	5	1390	1214	5	23	9	5	10	4	3840
001101000011000	000010011001001	5	3068	2754	5	23	7	4	5	3	3840
001101000011100	001100101110000	6	3762	3303	4	6	3	4	4	2	384
001101000100100	000010011001001	5	39	4	5	25	9	4	6	3	3840
001101000101000	000010011001001	5	5133	4984	5	25	8	3	5	3	3840
001101000101001	010100101110000	6	2012	1984	6	17	5	2	2	1	576
001101000101100	001100101110000	6	425	329	6	17	6	3	3	1	384
001101000110000	000010011001001	5	3864	3435	5	22	8	5	13	6	3840
001101000110100	010100101110000	6	320	242	6	30	9	5	13	6	576
001101000111000	101010000110001	6	15892	14928	6	14	5	2	2	1	480
001101000111100	011001000001111	7	1569	1450	6	12	5	5	14	6	48
001101001000100	000010011001001	5	155	117	5	27	9	3	8	4	3840
001101001001000	000010011001001	5	294	287	5	23	8	5	7	3	3840
001101001001001	010100101110000	6	848	837	6	17	6	5	11	4	576
001101001001100	001100101110000	6	843	783	6	19	6	5	9	4	384
001101001010000	000010011001001	5	0	0	5	19	7	4	6	4	3840
001101001010100	101010000110001	6	337	263	6	21	7	3	3	2	480
001101001011000	010100101110000	6	0	0	6	19	7	4	6	4	576
001101001011100	011001000001111	7	1574	1460	6	19	7	4	7	4	48
001101001100100	001100101110000	6	702	651	6	22	7	3	7	3	384
001101001101000	001100101110000	6	1502	1481	6	19	7	5	10	4	384
001101001101001	101101100101000	7	4950	4914	7	22	7	7	12	4	128
001101001101100	111100000011100	7	2365	2288	6	12	4	5	5	1	192
001101001110000	001100101110000	6	0	0	5	10	4	4	5	2	384
001101001110100	011001000001111	7	1932	1828	7	21	7	5	11	5	48
001101001111000	011001000001111	7	0	0	7	25	7	4	7	4	48
001101001111100	110001101101001	8	8948	8804	8	21	5	8	20	4	32
001101010010000	000010011001001	5	3871	3386	5	35	10	5	12	6	3840
001101010010100	101010000110001	6	6104	5762	6	22	7	3	3	2	480
001101010011000	010100101110000	6	33655	31380	6	29	8	6	12	6	576
001101010011100	011001000001111	7	82601	80517	7	27	8	4	7	4	48
001101010100000	000010011001001	5	3096	2731	5	31	10	5	13	5	3840
001101010100001	010100101110000	6	226	174	6	24	7	4	8	3	576
001101010100100	101010000110001	6	300	230	6	20	7	2	2	1	480
001101010101000	010100101110000	6	13892	13008	6	27	8	5	12	5	576
001101010101001	001001011101001	7	1810	1714	7	22	8	5	9	4	576
001101010101100	011001000001111	7	1452	1341	6	22	8	6	11	4	48
001101010110000	000011001001011	6	21822	20531	6	25	7	5	7	3	1440
001101010110100	001000100101111	7	1392	1305	7	22	6	5	7	3	96
001101010111000	001000100101111	7	127819	121405	6	15	5	5	7	3	96
001101010111100	111001000001111	8	7069	6942	8	22	5	4	6	3	32
001101011000000	000010011001001	5	329	321	5	30	10	4	6	4	3840
001101011000001	010100101110000	6	1236	1219	6	24	8	4	7	4	576
001101011000100	101010000110001	6	589	546	6	21	7	3	3	2	480
001101011001000	010100101110000	6	686	677	6	19	7	4	6	4	576
001101011001001	001001011101001	7	35761	35333	7	17	6	1	1	2	576
001101011001100	011001000001111	7	3044	2930	6	19	7	4	7	4	48
001101011010000	001100101110000	6	34	14	6	21	7	3	5	4	384
001101011010100	010111011000001	7	1481	1388	7	17	4	3	5	2	96
001101011011000	101101100101000	7	288	234	5	14	6	5	14	6	128
001101011011100	111011000101001	8	2405	1820	3	5	2	3	5	2	96
001101011100000	001100101110000	6	111	75	6	26	7	4	7	4	384
001101011100001	101101100101000	7	1005	944	7	26	7	6	14	5	128
001101011100100	010111011000001	7	2087	2035	7	13	4	0	0	0	96
001101011101000	001001000101111	7	1018	943	7	19	6	5	7	3	576
001101011101001	011101011001001	8	4841	4730	7	23	6	0	0	0	192
001101011101100	011001000101111	8	5743	5612	6	10	3	6	10	3	32
001101011110000	111000010101001	7	240	187	5	8	2	3	5	2	144
001101011110100	111000100011101	8	2301	2182	5	8	2	4	6	2	16
001101011111000	001001100101111	8	1192	1107	5	7	3	5	7	3	24
001101011111100	111001100101101	9	52179	51143	9	18	4	4	7	2	8
001101100010100	001100101110000	6	244	183	5	22	7	5	9	3	384
001101100011000	001100101110000	6	16209	15125	6	24	7	4	5	3	384
001101100011100	111100000011100	7	1485	1384	6	7	2	4	6	2	192
001101100100100	001100101110000	6	279	205	4	10	4	3	4	2	384
001101100101000	001100101110000	6	110459	107600	6	13	4	2	2	1	384
001101100101001	101101100101000	7	2494	2312	5	15	5	5	10	3	128
001101100101100	111100000011100	7	1353	1237	5	7	3	0	0	0	192
001101100110000	001100101110000	6	13133	11930	5	16	4	4	9	5	384
001101100110100	001001000101111	7	1600	1511	7	22	7	5	8	3	576
001101100111000	010111011000001	7	52072	49403	6	16	5	3	5	2	96
001101100111100	011001000101111	8	7869	7740	8	18	5	6	12	4	32
001101101000100	001100101110000	6	764	711	6	22	7	3	7	3	384
001101101001000	001100101110000	6	348	322	6	19	7	5	10	4	384
001101101001001	101101100101000	7	9426	9139	7	22	7	7	12	4	128
001101101001100	111100000011100	7	2462	2382	6	12	4	5	5	1	192
001101101010000	001100101110000	6	0	0	6	26	7	4	7	4	384
001101101010100	010111011000001	7	1705	1610	7	13	4	0	0	0	96
001101101011000	001001000101111	7	0	0	7	19	6	5	7	3	576
001101101011100	011001000101111	8	3947	3812	6	10	3	6	10	3	32
001101101100100	111100000011100	7	1909	1845	6	11	4	4	6	2	192
001101101101000	111100000011100	7	2014	1963	7	11	5	5	9	3	192
001101101101001	111100100101001	8	31366	30913	8	22	6	6	14	4	192
001101101101100	111010100100101	8	2923	2827	5	8	2	3	3	1	768
001101101110000	111100000011100	7	0	0	6	9	3	5	9	3	192
001101101110100	011001000101111	8	5621	5498	7	12	4	6	10	3	32
001101101111000	011001000101111	8	0	0	8	18	5	6	10	3	32
001101101111100	111101010011100	9	7968	7751	6	9	2	0	0	0	64
001101110010000	001100101110000	6	20878	18916	5	22	7	4	7	3	384
001101110010100	011001000001111	7	1117	1049	7	33	7	6	12	5	48
001101110011000	011001000001111	7	276677	267868	7	33	8	7	15	5	48
001101110011100	110001101101001	8	6524	6406	8	16	5	4	6	2	32
001101110100000	001100101110000	6	19583	17726	5	14	6	0	0	0	384
001101110100001	101101100101000	7	1131	1057	7	17	5	2	2	1	128
001101110100100	011001000001111	7	1631	1534	7	25	7	5	8	3	48
001101110101000	011001000001111	7	163188	157887	7	19	6	6	12	5	48
001101110101001	011000101101011	8	2116	1967	4	7	3	4	7	3	32
001101110101100	110001101101001	8	7708	7569	8	18	4	8	16	4	32
001101110110000	111000010101001	7	155117	150370	7	24	6	4	5	2	144
001101110110100	001001100101111	8	4529	4409	7	17	5	6	8	3	24
001101110111000	111000100011101	8	3376797	3277796	7	15	4	4	6	2	16
001101110111100	111001100101101	9	53041	51959	9	18	4	5	8	2	8
001101111000000	001100101110000	6	124	93	6	19	7	4	5	2	384
001101111000001	101101100101000	7	863	803	7	18	6	5	7	2	128
001101111000100	011001000001111	7	2281	2225	7	21	7	5	11	5	48
001101111001000	011001000001111	7	1140	1069	7	25	7	4	7	4	48
001101111001001	011000101101011	8	7115	6994	8	20	5	7	17	5	32
001101111001100	110001101101001	8	15238	15090	8	21	5	8	20	4	32
001101111010000	111000010101001	7	203	174	6	11	4	3	5	2	144
001101111010100	111000100011101	8	1987	1887	5	8	2	4	6	2	16
001101111011000	001001100101111	8	1318	1249	5	7	3	5	7	3	24
001101111011100	111001100101101	9	50410	49372	9	18	4	4	7	2	8
001101111100000	111100000011100	7	535	487	6	11	4	5	9	3	192
001101111100001	111100100101001	8	4505	4419	8	23	6	5	7	2	192
001101111100100	011001000101111	8	5025	4952	7	12	4	6	10	3	32
001101111101000	011001000101111	8	6035	5908	8	18	5	6	10	3	32
001101111101001	111011001101001	9	19847	19679	8	14	4	2	2	1	32
001101111101100	111101010011100	9	644059	584456	6	9	2	0	0	0	64
001101111110000	111000100111001	8	1818	1749	7	7	2	5	7	2	64
001101111110100	111001100111001	9	12150	11907	7	7	2	7	7	2	8
001101111111000	111001100111001	9	13571	13380	9	25	5	5	7	2	8
001101111111100	111100011111100	10	925418	802361	7	7	2	5	7	2	16
001110010100000	000010011001001	5	0	0	5	23	9	3	5	4	3840
001110010100001	010100101110000	6	0	0	6	28	8	5	12	4	576
001110010101000	010100101110000	6	0	0	6	28	8	6	10	3	576
001110010101001	101101100101000	7	0	0	7	11	5	4	6	2	128
001110011000000	000010011001001	5	911	751	5	25	9	5	9	4	3840
001110011000001	010100101110000	6	3220	2995	6	28	9	6	8	4	576
001110011001000	010100101110000	6	6188	5937	6	27	8	6	11	4	576
001110011001001	101101100101000	7	24838	24148	7	14	4	4	6	2	128
001110011100000	001100101110000	6	0	0	6	19	7	4	7	3	384
001110011100001	101101100101000	7	0	0	7	25	7	5	9	4	128
001110011101000	011001000001111	7	0	0	7	26	7	6	14	6	48
001110011101001	011000101101011	8	0	0	6	18	5	6	11	4	32
001110100100000	000010011001001	5	104	62	5	30	10	3	3	2	3840
001110100100001	010100101110000	6	873	775	6	27	7	5	7	3	576
001110100101000	010100101110000	6	870	784	6	29	9	6	12	5	576
001110100101001	101101100101000	7	3186	3048	6	17	7	5	8	3	128
001110101000000	000010011001001	5	1143	964	5	28	10	3	5	4	3840
001110101000001	010100101110000	6	4152	3844	6	24	8	5	11	4	576
001110101001000	010100101110000	6	5697	5238	6	25	9	6	10	4	576
001110101001001	101101100101000	7	12119	11742	7	18	6	5	6	2	128
001110101100000	001100101110000	6	556	503	6	17	7	3	3	2	384
001110101100001	101101100101000	7	3216	3104	6	15	5	3	5	2	128
001110101101000	011001000001111	7	2489	2400	6	13	4	6	11	4	48
001110101101001	011000101101011	8	2290	2139	4	7	3	4	7	3	32
001110110100000	001100101110000	6	0	0	6	17	7	3	3	2	384
001110110100001	011001000001111	7	0	0	6	22	7	5	8	3	48
001110110101000	011001000001111	7	0	0	6	20	8	6	11	4	48
001110110101001	110001101101001	8	0	0	8	15	3	8	15	3	32
001110111000000	001100101110000	6	3541	3309	6	20	7	4	7	3	384
001110111000001	011001000001111	7	8112	7703	6	22	7	5	15	5	48
001110111001000	011001000001111	7	26193	25655	7	17	6	6	14	6	48
001110111001001	110001101101001	8	459973	446443	8	14	4	4	6	2	32
001110111100000	111000010101001	7	0	0	5	13	4	2	2	1	144
001110111100001	001001100101111	8	0	0	8	21	5	6	8	3	24
001110111101000	111000100011101	8	0	0	7	12	3	2	2	1	16
001110111101001	111001100101101	9	0	0	5	6	2	5	6	2	8
001111000100000	000010011001001	5	1044	1015	5	24	9	3	5	3	3840
001111000100001	010100101110000	6	2843	2802	6	24	8	5	11	4	576
001111000101000	010100101110000	6	2668	2630	6	25	9	6	10	4	576
001111000101001	101101100101000	7	11639	11551	7	15	6	5	6	2	128
001111001000000	000010011001001	5	622	605	5	27	9	1	1	2	3840
001111001000001	010100101110000	6	2138	2107	6	25	9	2	5	3	576
001111001001000	010100101110000	6	1938	1910	6	25	9	2	6	3	576
001111001001001	101101100101000	7	10978	10895	7	16	5	6	12	4	128
001111001100000	001100101110000	6	2344	2310	6	21	7	4	5	2	384
001111001100001	101101100101000	7	6563	6514	7	17	6	5	10	3	128
001111001101000	011001000001111	7	5966	5922	7	24	7	4	7	4	48
001111001101001	011000101101011	8	86849	85961	8	20	5	8	14	4	32
001111010100000	001100101110000	6	0	0	6	17	7	3	3	2	384
001111010100001	011001000001111	7	0	0	6	22	7	6	12	4	48
001111010101000	101101100101000	7	0	0	6	19	6	4	7	3	128
001111010101001	011000101101011	8	0	0	6	18	5	6	11	4	32
001111011000000	001100101110000	6	0	0	6	20	7	3	4	2	384
001111011000001	011001000001111	7	0	0	6	24	7	4	6	3	48
001111011001000	101101100101000	7	0	0	6	18	6	4	9	3	128
001111011001001	011000101101011	8	0	0	8	21	5	8	14	4	32
001111011100000	111000010101001	7	0	0	7	25	6	3	3	1	144
001111011100001	001001100101111	8	0	0	7	15	4	5	7	3	24
001111011101000	001001100101111	8	0	0	8	13	4	5	8	3	24
001111011101001	011011101101001	9	0	0	9	18	4	3	5	2	16
001111100100000	001100101110000	6	658	589	6	17	7	3	3	2	384
001111100100001	101101100101000	7	4485	4252	6	15	5	3	5	2	128
001111100101000	011001000001111	7	2885	2770	6	13	4	6	11	4	48
001111100101001	011000101101011	8	4166	3784	4	7	3	4	7	3	32
001111101000000	001100101110000	6	639	569	6	21	7	4	5	2	384
001111101000001	101101100101000	7	6057	5830	7	17	6	5	10	3	128
001111101001000	011001000001111	7	3393	3287	7	24	7	4	7	4	48
001111101001001	011000101101011	8	48928	48232	8	20	5	8	14	4	32
001111101100000	111100000011100	7	2462	2395	7	10	4	5	9	3	192
001111101100001	111100100101001	8	17122	16826	8	22	5	4	4	1	192
001111101101000	011001000101111	8	12129	12019	8	18	5	6	10	3	32
001111101101001	111011001101001	9	470388	466738	9	23	5	4	6	2	32
001111110100000	111100000011100	7	0	0	3	5	2	3	3	1	192
001111110100001	110001101101001	8	0	0	8	17	4	7	11	2	32
001111110101000	110001101101001	8	0	0	8	16	4	8	16	4	32
001111110101001	110101101101001	9	0	0	9	20	4	8	13	2	32
001111111000000	111100000011100	7	0	0	6	12	4	5	5	2	192
001111111000001	110001101101001	8	0	0	8	16	5	4	7	2	32
001111111001000	110001101101001	8	0	0	8	15	5	4	7	2	32
001111111001001	110101101101001	9	0	0	9	19	5	8	16	4	32
001111111100000	111000100111001	8	0	0	7	7	2	3	3	1	64
001111111100001	011110111001001	9	0	0	6	6	2	4	6	2	32
001111111101000	111001100111001	9	0	0	9	18	4	5	7	2	8
001111111101001	111110111001001	10	0	0	7	7	2	7	7	2	8
010000000010111	000010011001001	5	13	11	4	16	9	3	5	5	3840
010000000011011	000010011001001	5	0	0	5	29	10	3	8	5	3840
010000000011110	000010011001001	5	188	139	5	25	9	1	1	1	3840
010000000011111	010100101110000	6	4155	3655	6	25	8	6	13	4	576
010000000100111	000010011001001	5	6437	6074	5	20	8	2	2	2	3840
010000000101011	000010011001001	5	2878	2796	5	27	9	3	6	4	3840
010000000101110	000010011001001	5	12074	11285	5	29	10	3	6	4	3840
010000000101111	010100101110000	6	49494	48049	6	24	7	5	10	4	576
010000000110011	000010011001001	5	0	0	5	21	9	4	6	3	3840
010000000110111	010100101110000	6	26	24	4	12	6	2	4	3	576
010000000111010	000010011001001	5	0	0	5	25	10	5	13	5	3840
010000000111011	001100101110000	6	0	0	6	26	8	4	9	4	384
010000000111110	010100101110000	6	1069	868	6	26	8	2	3	3	576
010000000111111	101101100101000	7	17731	16412	7	32	8	5	10	4	128
010000001001011	000010011001001	5	1609	1565	5	25	9	1	1	1	3840
010000001101010	000010011001001	5	1924	1871	5	31	10	5	13	5	3840
010000001101011	010100101110000	6	7963	7847	6	31	9	2	3	3	576
010000010011100	000010011001001	5	68	45	5	17	8	5	8	4	3840
010000010100011	000010011001001	5	4367	3840	5	24	10	4	4	5	3840
010000010101001	000010011001001	5	11435	10808	5	23	7	5	14	6	3840
010000010101010	000010011001001	5	3480	3101	5	26	9	5	10	6	3840
010000010101011	101010000110001	6	21032	19735	6	18	6	4	8	3	480
010000010101100	000010011001001	5	0	0	5	13	7	3	8	4	3840
010000010111000	000010011001001	5	11487	9825	5	22	9	2	2	2	3840
010000010111100	010100101110000	6	285	261	6	26	8	2	5	3	576
010000011000011	000010011001001	5	4340	3701	5	22	9	5	9	4	3840
010000011001001	000010011001001	5	319	307	4	9	5	4	6	3	3840
010000011001010	000010011001001	5	3901	3428	5	24	8	5	10	5	3840
010000011001011	101010000110001	6	23639	21978	6	21	7	3	4	2	480
010000011001100	000010011001001	5	50	33	5	17	7	3	8	4	3840
010000011010100	000010011001001	5	1	0	5	19	9	1	1	2	3840
010000011011100	010100101110000	6	303	274	6	23	8	2	5	3	576
010000011100010	000010011001001	5	3022	2619	5	21	9	5	13	6	3840
010000011100011	010100101110000	6	25275	23549	6	25	9	4	6	5	576
010000011100100	000010011001001	5	36	23	5	25	10	3	5	3	3840
010000011101000	000010011001001	5	3389	2979	5	23	9	5	9	3	3840
010000011101001	010100101110000	6	21498	20074	6	25	8	6	11	5	576
010000011101010	000011001001011	6	11808	10752	5	18	8	1	2	2	1440
010000011101011	001000100101111	7	118579	114675	7	19	6	5	15	5	96
010000011101100	001100101110000	6	121	99	3	8	4	3	6	3	384
010000011110000	000010011001001	5	0	0	5	20	9	5	8	4	3840
010000011110100	010100101110000	6	35	27	6	28	8	4	4	1	576
010000011111000	010100101110000	6	0	0	6	29	8	4	8	3	576
010000011111100	101101100101000	7	1004	971	7	23	7	6	20	6	128
010000100010101	000010011001001	5	7632	7258	5	22	9	4	7	4	3840
010000100010111	010100101110000	6	0	0	6	26	8	5	8	4	576
010000100011001	000010011001001	5	10863	10266	5	20	8	5	13	6	3840
010000100011011	010100101110000	6	0	0	6	20	7	5	12	6	576
010000100011100	000010011001001	5	10233	9424	5	17	7	4	6	3	3840
010000100011101	010100101110000	6	44358	42848	6	21	7	5	11	4	576
010000100011110	010100101110000	6	0	0	6	18	7	5	12	5	576
010000100011111	001001011101001	7	0	0	7	17	7	6	9	4	576
010000100100101	000010011001001	5	9697	8570	5	18	8	5	8	4	3840
010000100100111	010100101110000	6	0	0	6	26	8	5	12	4	576
010000100101001	000010011001001	5	4413	4283	5	21	8	4	9	4	3840
010000100101011	010100101110000	6	17923	17653	6	18	7	6	9	5	576
010000100101100	000010011001001	5	2885	2615	5	13	6	4	9	4	3840
010000100101101	010100101110000	6	28451	26953	6	22	7	5	10	4	576
010000100101110	010100101110000	6	0	0	6	18	7	6	9	5	576
010000100101111	001001011101001	7	0	0	7	14	5	4	5	2	576
010000100110001	000010011001001	5	3465	3184	5	23	9	3	3	2	3840
010000100110011	010100101110000	6	0	0	6	30	8	4	5	3	576
010000100110101	010100101110000	6	0	0	4	11	5	4	8	3	576
010000100110111	001001011101001	7	0	0	7	24	8	4	4	2	576
010000100111000	000010011001001	5	4769	4375	5	19	8	4	5	3	3840
010000100111001	001100101110000	6	14072	13513	6	23	7	2	2	1	384
010000100111010	010100101110000	6	0	0	6	21	7	4	5	4	576
010000100111011	001001000101111	7	0	0	7	18	7	4	4	2	576
010000100111100	010100101110000	6	0	0	6	23	8	5	12	5	576
010000100111101	101101100101000	7	0	0	7	30	8	3	4	2	128
010000100111110	001001011101001	7	0	0	7	21	7	6	10	4	576
010000100111111	011101011001001	8	0	0	8	25	7	6	9	3	192
010000101001001	000010011001001	5	4221	4095	5	9	6	4	6	3	3840
010000101001011	010100101110000	6	10904	10740	6	21	7	5	12	5	576
010000101001100	000010011001001	5	82	54	5	19	6	5	13	6	3840
010000101010100	000010011001001	5	2	0	5	18	8	4	7	3	3840
010000101011100	010100101110000	6	65	44	6	28	9	5	17	5	576
010000101100100	000010011001001	5	59	39	5	22	9	3	3	2	3840
010000101101000	000010011001001	5	3041	2955	5	17	8	4	5	5	3840
010000101101001	010100101110000	6	25696	25299	6	25	9	5	12	5	576
010000101101010	010100101110000	6	11511	11340	6	19	8	4	5	4	576
010000101101011	001001011101001	7	133676	132235	7	19	6	6	10	4	576
010000101101100	001100101110000	6	373	340	6	17	7	2	2	1	384
010000101110000	000010011001001	5	30492	29321	5	16	7	5	8	4	3840
010000101110100	010100101110000	6	48	37	6	20	7	3	3	1	576
010000101111000	010100101110000	6	0	0	6	20	8	4	7	4	576
010000101111100	101101100101000	7	257	228	7	17	7	4	7	3	128
010000110011000	000010011001001	5	9270	7979	5	22	8	4	6	4	3840
010000110011100	010100101110000	6	113	94	6	22	7	4	6	3	576
010000110100001	000010011001001	5	446	434	5	15	8	4	6	4	3840
010000110100011	010100101110000	6	1841	1671	6	27	8	5	10	5	576
010000110101000	000010011001001	5	6139	5518	5	23	9	5	12	5	3840
010000110101001	001100101110000	6	4922	4426	6	24	7	4	8	4	384
010000110101010	010100101110000	6	87	64	6	32	9	6	13	4	576
010000110101011	011001000001111	7	10838	10092	7	25	7	5	8	3	48
010000110101100	010100101110000	6	0	0	6	22	7	6	12	5	576
010000110111000	001100101110000	6	67921	62960	6	16	6	4	6	2	384
010000110111100	101101100101000	7	557	519	7	23	7	5	11	4	128
010000111000001	000010011001001	5	479	467	5	25	9	5	13	5	3840
010000111000011	010100101110000	6	2681	2437	6	32	9	5	8	5	576
010000111001000	000010011001001	5	321	283	5	29	9	5	13	5	3840
010000111001001	001100101110000	6	4757	4438	6	28	8	3	7	4	384
010000111001010	010100101110000	6	0	0	6	34	9	6	18	6	576
010000111001011	011001000001111	7	10608	9808	7	28	7	5	7	3	48
010000111001100	010100101110000	6	326	298	6	31	8	5	9	5	576
010000111010000	000010011001001	5	0	0	5	26	8	3	4	3	3840
010000111010100	010100101110000	6	62	51	6	23	7	6	14	5	576
010000111011000	010100101110000	6	0	0	6	20	8	6	11	5	576
010000111011100	001001011101001	7	734	667	7	26	6	5	8	3	576
010000111100000	000010011001001	5	529	516	5	15	8	3	4	4	3840
010000111100001	010100101110000	6	1745	1721	6	20	8	6	11	5	576
010000111100010	010100101110000	6	1967	1739	6	20	8	4	5	3	576
010000111100011	001001011101001	7	12402	11611	7	31	8	6	14	5	576
010000111100100	010100101110000	6	232	209	6	17	6	5	12	5	576
010000111101000	101010000110001	6	2654	2352	6	19	6	4	5	2	480
010000111101001	011001000001111	7	38055	35986	7	26	7	5	11	4	48
010000111101010	001000100101111	7	545	511	7	15	5	5	15	5	96
010000111101011	111001000001111	8	51562	48944	7	22	6	6	9	3	32
010000111101100	011001000001111	7	852	819	6	14	6	5	7	3	48
010000111110000	001100101110000	6	63	51	6	13	5	5	7	3	384
010000111110100	101101100101000	7	458	411	7	19	8	6	8	3	128
010000111111000	011001000001111	7	182	166	7	25	7	3	5	3	48
010000111111100	011000101101011	8	3925	3792	8	22	6	3	4	2	32
010001000010101	000010011001001	5	15	13	5	25	10	5	13	6	3840
010001000010110	000010011001001	5	1611	1497	5	27	10	5	9	4	3840
010001000010111	001100101110000	6	83	79	6	28	8	4	11	5	384
010001000011001	000010011001001	5	9573	8482	5	21	9	3	8	4	3840
010001000011010	000010011001001	5	3	1	5	25	10	5	10	5	3840
010001000011011	001100101110000	6	131	101	6	23	7	5	9	4	384
010001000011100	000010011001001	5	255	186	5	21	9	4	6	3	3840
010001000011101	010100101110000	6	4086	3621	6	24	8	6	10	5	576
010001000011110	101010000110001	6	1654	1430	6	21	6	3	4	2	480
010001000011111	011001000001111	7	22200	20854	7	11	3	6	12	5	48
010001000100101	000010011001001	5	8158	7692	5	21	9	4	7	4	3840
010001000100110	000010011001001	5	10461	9747	5	23	9	4	4	5	3840
010001000100111	001100101110000	6	35129	33813	6	22	8	3	5	2	384
010001000101001	000010011001001	5	3458	3354	5	24	9	3	8	4	3840
010001000101010	000010011001001	5	14374	13026	5	28	10	5	10	6	3840
010001000101011	001100101110000	6	75715	71784	6	18	6	4	8	4	384
010001000101100	000010011001001	5	15641	14579	5	19	8	5	14	6	3840
010001000101101	010100101110000	6	54715	52861	6	28	8	6	11	4	576
010001000101110	101010000110001	6	70212	67494	6	15	6	4	8	3	480
010001000101111	011001000001111	7	472924	459583	7	11	3	3	4	2	48
010001000110001	000010011001001	5	8620	7688	5	26	10	3	5	3	3840
010001000110010	000010011001001	5	1294	1212	5	28	10	5	13	6	3840
010001000110011	001100101110000	6	0	0	6	27	8	5	10	4	384
010001000110101	010100101110000	6	43	41	6	20	7	5	8	4	576
010001000110110	010100101110000	6	5457	5273	6	21	8	4	6	5	576
010001000110111	001001000101111	7	231	227	7	28	7	1	1	1	576
010001000111000	000010011001001	5	5892	5323	5	23	9	5	9	3	3840
010001000111001	001100101110000	6	48930	46239	6	26	8	3	6	3	384
010001000111010	000011001001011	6	54	45	6	19	6	1	2	2	1440
010001000111011	111000010101001	7	391	356	7	15	5	5	7	3	144
010001000111100	010100101110000	6	1227	1029	6	31	9	6	11	5	576
010001000111101	101101100101000	7	16653	15508	7	35	8	4	6	2	128
010001000111110	001000100101111	7	7276	6698	7	18	6	5	15	5	96
010001000111111	001001100101111	8	143433	139381	8	21	6	6	9	3	24
010001001001001	000010011001001	5	3668	3559	5	12	7	5	8	4	3840
010001001001010	000010011001001	5	4172	3630	5	15	9	3	3	3	3840
010001001001011	001100101110000	6	33415	30803	6	20	7	5	10	4	384
010001001001100	000010011001001	5	88	59	5	17	8	4	6	3	3840
010001001010100	000010011001001	5	1	0	5	24	9	5	8	4	3840
010001001011100	010100101110000	6	51	28	6	26	8	6	11	4	576
010001001100100	000010011001001	5	59	37	5	27	10	4	5	4	3840
010001001101000	000010011001001	5	1182	1149	5	22	9	2	2	2	3840
010001001101001	010100101110000	6	14453	14229	6	16	7	2	5	3	576
010001001101010	101010000110001	6	18849	17662	6	16	6	5	11	4	480
010001001101011	011001000001111	7	199568	192768	7	15	7	5	6	3	48
010001001101100	001100101110000	6	447	410	6	20	7	3	5	2	384
010001001110000	000010011001001	5	0	0	5	24	9	5	8	6	3840
010001001110100	010100101110000	6	38	24	6	19	8	4	6	4	576
010001001111000	010100101110000	6	0	0	6	21	7	4	8	3	576
010001001111100	101101100101000	7	180	145	4	9	4	3	6	3	128
010001010010100	000010011001001	5	9439	8913	5	26	9	4	6	4	3840
010001010011100	010100101110000	6	110	60	6	26	8	4	6	3	576
010001010100001	000010011001001	5	4810	4240	5	23	9	5	13	5	3840
010001010100010	000010011001001	5	3501	3082	5	21	9	2	4	3	3840
010001010100011	001100101110000	6	17568	15953	5	11	6	4	8	4	384
010001010100100	000010011001001	5	7122	6719	5	33	10	5	13	5	3840
010001010101001	010100101110000	6	23643	22198	6	23	8	6	12	6	576
010001010101010	010100101110000	6	21221	20002	6	20	8	6	19	8	576
010001010101011	011001000001111	7	79184	75356	6	22	8	6	9	3	48
010001010101100	010100101110000	6	10	3	6	35	9	6	12	6	576
010001010110000	000010011001001	5	6969	6480	5	28	9	4	6	4	3840
010001010110100	010100101110000	6	30500	29507	6	21	8	5	8	4	576
010001010111000	010100101110000	6	56114	51943	6	23	8	6	14	6	576
010001010111100	001001011101001	7	675	581	7	27	7	6	11	4	576
010001011000001	000010011001001	5	1010	987	5	23	10	4	6	4	3840
010001011000010	000010011001001	5	4347	3761	5	26	10	3	4	4	3840
010001011000011	001100101110000	6	27662	25648	6	25	8	5	10	5	384
010001011000100	000010011001001	5	50	33	5	27	10	5	12	5	3840
010001011001001	010100101110000	6	1861	1837	6	21	8	4	6	3	576
010001011001010	010100101110000	6	26426	24812	6	26	8	6	16	6	576
010001011001011	011001000001111	7	212754	205158	7	28	8	2	2	1	48
010001011001100	010100101110000	6	357	328	6	26	8	6	13	6	576
010001011010100	001100101110000	6	48	30	5	17	6	3	4	2	384
010001011011100	101101100101000	7	888	776	7	23	7	4	7	3	128
010001011100000	000010011001001	5	3598	3127	5	17	8	4	6	6	3840
010001011100001	010100101110000	6	26846	25128	6	16	6	5	8	4	576
010001011100010	101010000110001	6	19614	18335	6	15	5	5	12	5	480
010001011100011	011001000001111	7	145490	140808	7	17	6	7	12	4	48
010001011100100	101010000110001	6	250	228	6	22	7	3	4	2	480
010001011101000	010100101110000	6	19377	18108	6	19	7	6	14	6	576
010001011101001	001001011101001	7	119831	113395	6	16	5	6	11	4	576
010001011101010	001000100101111	7	101434	98183	7	15	6	6	13	5	96
010001011101011	111001000001111	8	479974	433161	5	6	3	3	3	1	32
010001011101100	011001000001111	7	1020	983	6	22	8	6	11	4	48
010001011110000	001100101110000	6	0	0	5	12	5	5	9	4	384
010001011110100	011001000001111	7	224	194	7	26	8	4	5	2	48
010001011111000	101101100101000	7	0	0	7	18	8	6	8	3	128
010001011111100	011000101101011	8	3614	3473	8	21	6	3	3	2	32
010001100010100	000010011001001	5	8882	8349	5	23	8	5	13	5	3840
010001100010101	010100101110000	6	0	0	6	18	6	6	10	5	576
010001100010110	010100101110000	6	7012	6750	6	27	8	5	8	5	576
010001100010111	101101100101000	7	0	0	7	26	8	5	8	4	128
010001100011000	000010011001001	5	6820	6079	5	25	9	5	13	5	3840
010001100011001	010100101110000	6	51269	48472	6	20	7	5	9	5	576
010001100011010	010100101110000	6	103	80	6	27	8	6	18	6	576
010001100011011	101101100101000	7	664	597	7	23	8	5	9	5	128
010001100011100	001100101110000	6	0	0	3	7	4	3	7	4	384
010001100011101	101101100101000	7	0	0	7	20	7	4	6	3	128
010001100011110	011001000001111	7	402	372	7	22	7	5	7	3	48
010001100011111	011000101101011	8	2644	2571	8	23	6	7	16	5	32
010001100100100	000010011001001	5	8901	8283	5	24	9	4	6	4	3840
010001100100101	010100101110000	6	32633	31151	6	26	7	4	8	4	576
010001100100110	010100101110000	6	3448	3373	6	29	9	5	10	5	576
010001100100111	101101100101000	7	0	0	7	29	8	4	7	3	128
010001100101000	000010011001001	5	2928	2844	5	34	10	5	12	7	3840
010001100101001	010100101110000	6	21821	21486	6	28	8	6	12	5	576
010001100101010	010100101110000	6	99	71	6	34	9	6	13	4	576
010001100101011	101101100101000	7	0	0	7	34	8	5	9	3	128
010001100101100	001100101110000	6	9447	8627	5	21	6	4	8	4	384
010001100101101	101101100101000	7	125719	122387	7	25	7	5	9	4	128
010001100101110	011001000001111	7	0	0	7	26	7	5	8	3	48
010001100101111	011000101101011	8	0	0	8	23	7	7	15	5	32
010001100110000	000010011001001	5	7808	7178	5	28	9	3	4	5	3840
010001100110001	010100101110000	6	56163	53116	6	23	7	5	12	5	576
010001100110010	010100101110000	6	5193	5018	6	20	8	4	5	3	576
010001100110011	101101100101000	7	0	0	7	31	8	5	13	5	128
010001100110100	010100101110000	6	27987	27083	6	19	7	6	11	5	576
010001100110101	001001011101001	7	0	0	7	27	8	5	8	3	576
010001100110110	001001011101001	7	21741	21309	7	22	8	6	14	5	576
010001100110111	011101011001001	8	0	0	8	21	7	6	8	3	192
010001100111000	101010000110001	6	35860	33984	6	21	6	4	5	2	480
010001100111001	011001000001111	7	276408	269019	7	28	8	5	7	3	48
010001100111010	001000100101111	7	312	285	7	15	5	5	15	5	96
010001100111011	001001100101111	8	1470	1401	6	16	5	6	9	3	24
010001100111100	011001000001111	7	0	0	7	17	6	5	11	4	48
010001100111101	011000101101011	8	0	0	8	25	7	7	17	5	32
010001100111110	111001000001111	8	750	719	6	10	4	6	9	3	32
010001100111111	011011101101001	9	4393	4067	7	13	4	6	7	3	16
010001101000100	000010011001001	5	80	54	5	21	9	5	12	5	3840
010001101001000	000010011001001	5	1157	1126	5	25	10	4	6	4	3840
010001101001001	010100101110000	6	13373	13168	6	18	7	4	6	3	576
010001101001010	010100101110000	6	0	0	6	31	9	6	16	6	576
010001101001011	101101100101000	7	0	0	7	25	8	6	13	5	128
010001101001100	001100101110000	6	518	475	6	22	6	3	5	3	384
010001101010000	000010011001001	5	0	0	5	18	8	3	4	3	3840
010001101010100	101010000110001	6	64	44	6	21	6	2	2	1	480
010001101011000	010100101110000	6	0	0	6	19	7	6	11	5	576
010001101011100	011001000001111	7	357	322	7	15	5	7	14	4	48
010001101100100	001100101110000	6	285	254	5	21	8	4	5	2	384
010001101101000	001100101110000	6	12586	12393	6	21	8	4	6	2	384
010001101101001	101101100101000	7	782656	773912	7	24	8	5	11	4	128
010001101101010	011001000001111	7	626	588	7	13	4	7	13	4	48
010001101101011	011000101101011	8	0	0	8	23	5	4	4	1	32
010001101101100	111100000011100	7	985	934	5	14	5	4	8	3	192
010001101110000	001100101110000	6	0	0	5	12	5	5	7	3	384
010001101110100	011001000001111	7	252	222	7	25	7	2	2	1	48
010001101111000	011001000001111	7	0	0	7	25	8	3	5	3	48
010001101111100	110001101101001	8	1342	1297	8	14	6	6	7	2	32
010001110010000	000010011001001	5	7707	7110	5	18	7	3	4	3	3840
010001110010100	010100101110000	6	49522	47803	6	29	7	5	8	4	576
010001110011000	010100101110000	6	40023	37200	6	32	8	6	11	5	576
010001110011100	101101100101000	7	779	709	7	20	6	5	14	5	128
010001110100000	000010011001001	5	9208	8520	5	31	9	3	9	5	3840
010001110100001	010100101110000	6	5053	4423	6	29	7	6	12	5	576
010001110100010	010100101110000	6	124	94	6	31	9	2	6	4	576
010001110100011	101101100101000	7	30618	28475	7	27	8	6	8	3	128
010001110100100	010100101110000	6	41680	40322	6	18	6	6	12	5	576
010001110101000	010100101110000	6	24898	23431	6	22	8	6	12	6	576
010001110101001	101101100101000	7	14630	12792	5	11	5	5	9	4	128
010001110101010	001001011101001	7	488	457	7	20	6	6	11	4	576
010001110101011	011000101101011	8	85012	80966	7	24	7	6	12	4	32
010001110101100	101101100101000	7	165	146	7	15	6	5	9	4	128
010001110110000	001100101110000	6	34929	33567	6	20	8	4	7	3	384
010001110110100	101101100101000	7	129155	114060	5	11	5	5	7	2	128
010001110111000	011001000001111	7	217769	207566	6	20	7	6	9	3	48
010001110111100	011000101101011	8	3517	3411	8	18	5	6	10	3	32
010001111000000	000010011001001	5	18	12	5	18	9	3	4	5	3840
010001111000001	010100101110000	6	5695	5014	6	18	6	5	8	4	576
010001111000010	010100101110000	6	0	0	6	36	9	4	7	5	576
010001111000011	101101100101000	7	16675	15647	7	22	8	5	11	4	128
010001111000100	010100101110000	6	330	304	6	19	7	5	9	5	576
010001111001000	010100101110000	6	1774	1534	6	21	7	6	11	5	576
010001111001001	101101100101000	7	28784	26902	7	23	7	5	14	5	128
010001111001010	001001011101001	7	0	0	7	28	7	6	15	6	576
010001111001011	011000101101011	8	67398	64064	7	20	6	5	6	3	32
010001111001100	101101100101000	7	576	533	4	8	4	4	8	4	128
010001111010000	001100101110000	6	0	0	6	19	8	4	7	3	384
010001111010100	011001000001111	7	304	270	6	22	8	6	9	3	48
010001111011000	101101100101000	7	0	0	5	10	5	5	6	2	128
010001111011100	011000101101011	8	4601	4447	8	21	6	6	11	4	32
010001111100000	001100101110000	6	274	209	6	19	8	4	7	3	384
010001111100001	101101100101000	7	16811	14794	5	12	5	5	7	2	128
010001111100010	011001000001111	7	788	741	7	19	6	5	6	3	48
010001111100011	011000101101011	8	136349	132240	8	31	7	4	6	2	32
010001111100100	011001000001111	7	910	879	6	22	8	5	7	3	48
010001111101000	011001000001111	7	7885	7521	7	26	8	6	9	3	48
010001111101001	011000101101011	8	68659	63914	6	14	5	6	10	3	32
010001111101010	111001000001111	8	2647	2600	8	14	4	3	4	2	32
010001111101011	111001100110110	9	3044255	2982976	9	17	4	5	7	2	96
010001111101100	110001101101001	8	5585	5534	8	15	6	8	12	4	32
010001111110000	111100000011100	7	872	733	6	12	5	4	5	2	192
010001111110100	110001101101001	8	5612	5311	8	16	4	8	16	4	32
010001111111000	110001101101001	8	4328	4073	8	19	5	8	17	4	32
010001111111100	110101101101001	9	33271	32657	9	15	6	7	8	2	32
010010000000111	000010011001001	5	11	9	4	18	9	4	7	4	3840
010010000001011	000010011001001	5	4685	4225	5	32	10	5	11	4	3840
010010000001110	000010011001001	5	141	111	5	30	10	3	3	3	3840
010010000001111	010100101110000	6	3366	2988	6	34	9	6	14	6	576
010010000010111	010100101110000	6	43	41	6	16	5	6	13	6	576
010010000011011	010100101110000	6	0	0	6	30	7	6	12	6	576
010010000011110	010100101110000	6	1470	1244	6	22	6	4	4	2	576
010010000011111	001001011101001	7	24258	22684	7	25	7	6	15	6	576
010010000100011	000010011001001	5	5777	5254	5	26	10	3	5	5	3840
010010000100111	001100101110000	6	41	39	6	16	4	4	6	3	384
010010000101010	000010011001001	5	4810	4409	5	29	10	3	6	3	3840
010010000101011	101010000110001	6	20190	18712	5	8	3	4	4	2	480
010010000101110	001100101110000	6	770	658	6	14	6	3	6	3	384
010010000101111	011001000001111	7	14125	13218	7	11	4	3	4	2	48
010010000110011	010100101110000	6	0	0	6	30	8	4	6	3	576
010010000110111	101101100101000	7	117	115	7	22	7	6	10	3	128
010010000111010	010100101110000	6	0	0	6	18	6	2	3	3	576
010010000111011	011001000001111	7	0	0	7	21	6	4	5	3	48
010010000111110	101101100101000	7	6828	6266	7	19	6	6	11	3	128
010010000111111	011000101101011	8	61118	57213	6	8	3	5	5	2	32
010010001000011	000010011001001	5	6054	5449	5	20	9	4	6	3	3840
010010001001011	001100101110000	6	62054	58253	6	23	7	4	5	3	384
010010001100010	000010011001001	5	6300	5882	5	22	9	4	6	3	3840
010010001100011	010100101110000	6	30619	29369	6	31	9	4	6	3	576
010010001101010	001100101110000	6	41494	39497	6	20	7	4	9	4	384
010010001101011	011001000001111	7	241223	235002	7	18	7	4	5	3	48
010010010000011	000010011001001	5	662	541	5	27	10	5	11	7	3840
010010010001001	000010011001001	5	2229	2000	5	22	9	4	7	4	3840
010010010001010	000010011001001	5	0	0	5	29	10	3	3	4	3840
010010010001011	101010000110001	6	7120	6308	6	16	6	3	4	2	480
010010010100001	000010011001001	5	1342	1168	5	21	9	5	12	7	3840
010010010100011	001100101110000	6	2859	2544	5	13	6	4	9	5	384
010010010101000	000010011001001	5	633	544	5	26	10	3	8	4	3840
010010010101001	101010000110001	6	9068	8351	6	22	6	2	2	1	480
010010010101010	001100101110000	6	9	5	6	23	8	4	8	4	384
010010010101011	010111011000001	7	31202	29316	7	17	5	5	8	3	96
010010011000001	000010011001001	5	20234	18639	5	30	10	5	12	4	3840
010010011000010	000010011001001	5	136	72	5	29	10	3	5	3	3840
010010011000011	101010000110001	6	3544	3254	6	20	6	3	7	3	480
010010011001001	001100101110000	6	11963	11019	6	18	7	4	4	2	384
010010011001010	001100101110000	6	0	0	6	25	7	5	7	3	384
010010011001011	010111011000001	7	29365	27590	7	24	6	6	13	5	96
010010011100000	000010011001001	5	565	492	5	22	9	3	5	3	3840
010010011100001	010100101110000	6	7719	7165	6	34	9	6	13	6	576
010010011100010	001100101110000	6	2260	1941	6	22	7	5	10	4	384
010010011100011	011001000001111	7	12806	11792	6	25	8	1	1	1	48
010010011101000	001100101110000	6	4260	3975	6	20	6	3	6	3	384
010010011101001	011001000001111	7	46550	43021	6	23	8	6	10	4	48
010010011101010	111000010101001	7	661	615	7	16	5	5	7	3	144
010010011101011	111000100011101	8	65488	60676	6	9	3	6	9	3	16
010010100000101	000010011001001	5	0	0	5	22	9	3	5	5	3840
010010100000111	010100101110000	6	0	0	6	29	8	5	8	4	576
010010100001001	000010011001001	5	6807	6208	5	22	9	4	10	5	3840
010010100001011	010100101110000	6	22895	21747	6	14	7	6	13	6	576
010010100001100	000010011001001	5	0	0	5	21	8	3	4	3	3840
010010100001101	010100101110000	6	0	0	6	31	8	5	11	3	576
010010100001110	010100101110000	6	0	0	6	21	7	6	15	6	576
010010100001111	001001011101001	7	0	0	7	19	5	5	14	5	576
010010100010101	010100101110000	6	0	0	6	25	7	5	12	4	576
010010100010111	101101100101000	7	0	0	6	15	6	5	10	4	128
010010100011001	010100101110000	6	0	0	6	13	6	5	11	5	576
010010100011011	101101100101000	7	0	0	6	22	8	5	8	4	128
010010100011100	010100101110000	6	0	0	6	16	5	4	4	2	576
010010100011101	001001011101001	7	0	0	7	22	6	5	8	3	576
010010100011110	101101100101000	7	0	0	6	15	5	6	10	4	128
010010100011111	011101011001001	8	0	0	8	25	7	7	13	5	192
010010100100001	000010011001001	5	6607	6020	5	22	9	4	7	4	3840
010010100100011	010100101110000	6	36692	34722	6	20	7	5	9	4	576
010010100100101	001100101110000	6	1082	1029	5	10	4	3	4	2	384
010010100100111	011001000001111	7	0	0	7	22	6	5	14	5	48
010010100101000	000010011001001	5	6274	5770	5	33	10	5	12	5	3840
010010100101001	101010000110001	6	32103	30395	6	18	6	2	2	1	480
010010100101010	010100101110000	6	32453	30827	6	27	8	6	11	5	576
010010100101011	001000100101111	7	122827	117802	6	10	3	5	5	2	96
010010100101100	001100101110000	6	0	0	6	19	7	3	3	2	384
010010100101101	011001000001111	7	0	0	7	13	5	4	8	4	48
010010100101110	011001000001111	7	0	0	7	26	7	6	10	4	48
010010100101111	111001000001111	8	0	0	8	22	7	6	8	3	32
010010100110001	010100101110000	6	0	0	6	13	5	5	13	5	576
010010100110011	101101100101000	7	0	0	7	25	7	6	10	4	128
010010100110101	101101100101000	7	0	0	7	17	7	5	5	2	128
010010100110111	011000101101011	8	0	0	6	10	3	6	10	3	32
010010100111000	010100101110000	6	0	0	6	16	5	6	12	5	576
010010100111001	011001000001111	7	0	0	7	14	4	5	12	5	48
010010100111010	101101100101000	7	0	0	6	19	5	3	5	2	128
010010100111011	001001100101111	8	0	0	8	19	5	5	5	2	24
010010100111100	101101100101000	7	0	0	7	23	7	4	8	3	128
010010100111101	011000101101011	8	0	0	4	7	3	4	7	3	32
010010100111110	011000101101011	8	0	0	4	7	4	0	0	0	32
010010100111111	011011101101001	9	0	0	9	24	6	7	12	3	16
010010101000001	000010011001001	5	8067	7396	5	30	10	5	12	6	3840
010010101000011	010100101110000	6	31228	29670	6	27	8	5	8	5	576
010010101001001	001100101110000	6	45138	42873	6	18	7	3	6	3	384
010010101001011	011001000001111	7	185567	177267	6	15	5	5	7	3	48
010010101100000	000010011001001	5	5069	4599	5	29	9	2	3	2	3840
010010101100001	010100101110000	6	37622	35737	6	29	9	5	12	5	576
010010101100010	010100101110000	6	31478	30124	6	17	7	2	6	4	576
010010101100011	001001011101001	7	169509	165413	7	19	6	6	10	4	576
010010101101000	001100101110000	6	34316	32377	6	19	6	3	6	3	384
010010101101001	011001000001111	7	209891	203490	7	24	8	6	11	4	48
010010101101010	011001000001111	7	122330	117216	6	22	7	4	4	2	48
010010101101011	111001000001111	8	420298	384462	5	6	3	5	5	2	32
010010110000001	000010011001001	5	1206	1057	5	30	10	5	12	5	3840
010010110000011	010100101110000	6	2688	2449	6	36	8	5	8	5	576
010010110001000	000010011001001	5	2050	1875	5	26	9	4	6	4	3840
010010110001001	001100101110000	6	10041	9542	6	27	8	3	6	3	384
010010110001010	010100101110000	6	0	0	6	23	7	5	12	5	576
010010110001011	011001000001111	7	27143	25461	7	14	5	5	7	3	48
010010110100001	101010000110001	6	3839	3427	5	11	5	4	5	2	480
010010110100011	011001000001111	7	14505	13662	7	29	8	7	9	4	48
010010110101000	101010000110001	6	2890	2625	6	14	5	4	5	2	480
010010110101001	010111011000001	7	47168	44753	7	15	5	4	5	2	96
010010110101010	011001000001111	7	481	450	7	28	8	6	12	4	48
010010110101011	111000100011101	8	39263	34784	5	11	3	5	11	3	16
010010111000000	000010011001001	5	491	430	5	32	10	5	13	5	3840
010010111000001	000011001001011	6	6608	6148	6	17	6	4	6	3	1440
010010111000010	010100101110000	6	1316	1158	6	31	8	5	8	5	576
010010111000011	001000100101111	7	15032	14161	7	15	5	6	12	4	96
010010111001000	001100101110000	6	8069	7777	6	24	7	3	7	4	384
010010111001001	111000010101001	7	48072	46031	7	17	5	4	7	2	144
010010111001010	011001000001111	7	0	0	7	19	6	5	7	3	48
010010111001011	111000100011101	8	119682	115155	8	20	5	7	12	4	16
010010111100000	101010000110001	6	1403	1260	5	11	4	4	10	4	480
010010111100001	001000100101111	7	13625	12245	5	8	3	5	8	3	96
010010111100010	011001000001111	7	9367	8579	7	31	8	5	5	3	48
010010111100011	111001000001111	8	82638	79049	8	18	5	2	2	1	32
010010111101000	010111011000001	7	12351	11067	5	12	4	4	5	2	96
010010111101001	111000100011101	8	410878	398031	8	19	5	5	6	2	16
010010111101010	111000100011101	8	5655	4973	8	13	4	6	9	3	16
010010111101011	011101110111000	9	4853572	4734141	9	22	5	8	15	4	24
010011000000101	000010011001001	5	13	11	5	24	9	4	10	5	3840
010011000000110	000010011001001	5	0	0	5	35	10	5	11	6	3840
010011000000111	001100101110000	6	80	76	6	21	8	5	11	5	384
010011000001001	000010011001001	5	469	439	3	12	7	3	5	5	3840
010011000001010	000010011001001	5	0	0	5	26	9	5	11	4	3840
010011000001011	001100101110000	6	0	0	6	16	6	4	11	5	384
010011000001100	000010011001001	5	176	140	5	20	8	3	4	4	3840
010011000001101	010100101110000	6	3208	2870	6	30	9	6	12	4	576
010011000001110	101010000110001	6	806	696	5	13	5	3	4	2	480
010011000001111	011001000001111	7	8933	7993	5	13	5	5	12	4	48
010011000010101	010100101110000	6	43	41	6	30	8	6	12	6	576
010011000010110	010100101110000	6	0	0	6	24	7	6	16	5	576
010011000010111	011001000001111	7	231	227	7	23	6	5	11	4	48
010011000011001	010100101110000	6	0	0	6	21	7	6	15	5	576
010011000011010	010100101110000	6	0	0	6	21	7	6	15	6	576
010011000011011	011001000001111	7	0	0	7	15	4	6	11	4	48
010011000011100	010100101110000	6	1623	1401	6	18	6	4	4	3	576
010011000011101	001001011101001	7	26613	24964	7	15	5	6	11	4	576
010011000011110	001000100101111	7	9983	9265	7	23	7	5	17	6	96
010011000011111	111001000001111	8	157123	152084	8	24	7	7	13	4	32
010011000100001	000010011001001	5	1172	1143	5	20	8	5	12	6	3840
010011000100010	000010011001001	5	1	0	5	24	9	4	4	3	3840
010011000100011	001100101110000	6	0	0	5	13	6	4	9	4	384
010011000100101	001100101110000	6	34	32	5	8	3	4	9	4	384
010011000100110	001100101110000	6	0	0	5	16	6	5	12	5	384
010011000100111	111000010101001	7	228	224	7	19	6	5	5	2	144
010011000101000	000010011001001	5	1341	1308	5	28	9	5	14	6	3840
010011000101001	101010000110001	6	3678	3609	6	15	6	2	2	1	480
010011000101010	101010000110001	6	9	5	6	20	6	4	8	3	480
010011000101011	010111011000001	7	0	0	7	17	5	5	8	3	96
010011000101100	001100101110000	6	758	661	6	22	7	4	4	3	384
010011000101101	011001000001111	7	12772	12038	7	16	5	6	16	6	48
010011000101110	010111011000001	7	4649	4339	7	24	7	4	7	3	96
010011000101111	111000100011101	8	157923	153302	8	23	6	6	10	3	16
010011000110001	010100101110000	6	0	0	6	20	6	6	13	6	576
010011000110010	010100101110000	6	0	0	4	6	5	4	6	5	576
010011000110011	011001000001111	7	0	0	7	22	7	1	1	1	48
010011000110101	101101100101000	7	117	115	7	21	7	5	6	3	128
010011000110110	101101100101000	7	0	0	6	13	6	6	13	6	128
010011000110111	001001100101111	8	27751	27324	8	26	6	6	8	3	24
010011000111000	010100101110000	6	0	0	6	25	6	6	11	5	576
010011000111001	011001000001111	7	0	0	7	19	6	6	10	4	48
010011000111010	001000100101111	7	0	0	7	14	4	5	15	5	96
010011000111011	111000100011101	8	9952	7273	6	9	3	6	9	3	16
010011000111100	101101100101000	7	6621	6103	7	28	7	5	12	5	128
010011000111101	011000101101011	8	56306	50842	6	12	5	6	9	3	32
010011000111110	011001110110100	8	80551	77535	8	18	5	6	10	3	48
010011000111111	110010101101011	9	1563171	1521752	9	19	5	6	9	2	8
010011001000001	000010011001001	5	1378	1326	5	24	9	3	8	4	3840
010011001000010	000010011001001	5	0	0	5	34	10	4	5	5	3840
010011001000011	001100101110000	6	0	0	6	28	8	5	11	5	384
010011001001001	001100101110000	6	4021	3963	6	15	7	5	8	3	384
010011001001010	001100101110000	6	0	0	6	24	7	5	7	4	384
010011001001011	111000010101001	7	0	0	7	26	7	5	8	3	144
010011001100000	000010011001001	5	1189	1158	5	28	9	4	5	4	3840
010011001100001	010100101110000	6	2809	2770	6	23	7	6	14	5	576
010011001100010	101010000110001	6	23	11	6	23	7	5	13	6	480
010011001100011	011001000001111	7	0	0	7	21	7	7	13	5	48
010011001101000	001100101110000	6	3266	3221	6	13	6	3	5	2	384
010011001101001	011001000001111	7	8636	8573	7	27	8	4	5	2	48
010011001101010	010111011000001	7	558	518	7	18	5	5	12	4	96
010011001101011	111000100011101	8	0	0	7	14	4	7	12	3	16
010011010000001	000010011001001	5	21716	20149	5	26	9	5	13	6	3840
010011010000010	000010011001001	5	0	0	5	23	9	4	6	3	3840
010011010000011	001100101110000	6	5780	5057	6	20	7	4	6	4	384
010011010001001	010100101110000	6	5551	5055	6	25	8	5	11	5	576
010011010001010	010100101110000	6	0	0	6	20	8	6	14	6	576
010011010001011	011001000001111	7	35083	32942	7	22	7	6	18	6	48
010011010100000	000010011001001	5	221	171	5	32	10	5	13	6	3840
010011010100001	000011001001011	6	5653	5206	6	15	6	4	6	3	1440
010011010100010	001100101110000	6	10	5	6	21	7	4	8	3	384
010011010100011	111000010101001	7	22846	21159	6	16	5	4	5	2	144
010011010101000	010100101110000	6	887	820	6	34	8	6	12	6	576
010011010101001	001000100101111	7	24749	23349	7	18	5	5	5	2	96
010011010101010	011001000001111	7	55	49	7	23	7	6	9	3	48
010011010101011	111000100011101	8	103275	98507	7	15	4	4	5	2	16
010011011000001	101010000110001	6	275678	259230	4	8	3	3	3	2	480
010011011000010	101010000110001	6	0	0	5	10	4	4	5	3	480
010011011000011	010111011000001	7	25890	24328	7	24	6	5	11	3	96
010011011001001	011001000001111	7	28844	27204	7	22	7	4	6	3	48
010011011001010	011001000001111	7	0	0	7	14	5	7	14	5	48
010011011001011	111000100011101	8	176142	170559	8	23	5	7	17	5	16
010011011100000	101010000110001	6	1015	919	5	10	4	3	4	2	480
010011011100001	001000100101111	7	11853	10612	5	7	3	5	7	3	96
010011011100010	010111011000001	7	128	112	5	13	5	5	12	4	96
010011011100011	111000100011101	8	84325	81197	7	19	5	6	10	4	16
010011011101000	011001000001111	7	5223	5077	7	25	6	6	11	4	48
010011011101001	111001000001111	8	38478	34183	5	7	3	4	5	2	32
010011011101010	111000100011101	8	1035	975	5	7	3	5	7	3	16
010011011101011	011101110111000	9	5729173	5561922	9	19	5	7	11	3	24
010011100000100	000010011001001	5	0	0	5	28	9	5	13	5	3840
010011100000101	010100101110000	6	0	0	6	29	7	5	11	5	576
010011100000110	010100101110000	6	0	0	6	25	8	5	13	6	576
010011100000111	101101100101000	7	0	0	7	31	8	5	9	5	128
010011100001000	000010011001001	5	4387	4008	5	22	8	5	13	6	3840
010011100001001	010100101110000	6	23028	21747	6	27	8	5	11	5	576
010011100001010	010100101110000	6	0	0	6	33	8	5	12	6	576
010011100001011	101101100101000	7	0	0	7	29	8	5	8	4	128
010011100001100	001100101110000	6	0	0	5	16	6	3	3	2	384
010011100001101	101101100101000	7	0	0	7	21	6	4	7	3	128
010011100001110	011001000001111	7	0	0	7	19	6	5	12	5	48
010011100001111	011000101101011	8	0	0	8	27	7	7	16	6	32
010011100010100	010100101110000	6	0	0	6	33	8	5	9	5	576
010011100010101	001001011101001	7	0	0	7	29	8	5	8	3	576
010011100010110	101101100101000	7	0	0	6	14	5	5	8	3	128
010011100010111	011000101101011	8	0	0	8	13	4	7	13	5	32
010011100011000	010100101110000	6	0	0	6	24	8	5	9	5	576
010011100011001	001001011101001	7	0	0	7	15	6	6	14	5	576
010011100011010	101101100101000	7	0	0	6	16	6	5	9	5	128
010011100011011	011000101101011	8	0	0	8	31	7	7	17	5	32
010011100011100	001001000101111	7	0	0	6	13	5	3	3	1	576
010011100011101	011101011001001	8	0	0	7	15	5	7	13	4	192
010011100011110	001001100101111	8	0	0	8	21	6	6	13	4	24
010011100011111	011011101101001	9	0	0	9	18	5	7	11	4	16
010011100100000	000010011001001	5	3097	2822	5	23	8	5	13	5	3840
010011100100001	010100101110000	6	17578	16593	6	35	8	6	13	6	576
010011100100010	010100101110000	6	198	146	6	29	8	5	10	4	576
010011100100011	101101100101000	7	473	438	7	31	8	5	10	4	128
010011100100100	001100101110000	6	0	0	5	10	5	4	8	4	384
010011100100101	001001000101111	7	0	0	7	25	7	4	5	2	576
010011100100110	011001000001111	7	0	0	7	20	6	6	14	5	48
010011100100111	001001100101111	8	0	0	8	25	6	6	8	3	24
010011100101000	000011001001011	6	18019	17117	6	12	5	4	6	3	1440
010011100101001	001000100101111	7	90494	87865	7	22	6	5	7	3	96
010011100101010	001000100101111	7	324	289	5	10	4	4	6	3	96
010011100101011	011001110110100	8	0	0	7	22	6	3	3	1	48
010011100101100	111000010101001	7	0	0	7	18	5	0	0	0	144
010011100101101	001001100101111	8	0	0	8	31	7	5	9	3	24
010011100101110	111000100011101	8	0	0	8	13	3	5	9	3	16
010011100101111	110010101101011	9	0	0	8	12	3	8	12	3	8
010011100110000	010100101110000	6	0	0	6	23	7	5	9	5	576
010011100110001	001001011101001	7	0	0	6	22	7	6	11	4	576
010011100110010	101101100101000	7	0	0	7	26	7	4	7	3	128
010011100110011	011000101101011	8	0	0	8	30	7	6	7	3	32
010011100110100	101101100101000	7	0	0	7	17	7	5	9	4	128
010011100110101	011101011001001	8	0	0	8	18	6	6	12	4	192
010011100110110	011000101101011	8	0	0	8	12	4	6	8	3	32
010011100110111	011011101101001	9	0	0	9	20	5	6	9	3	16
010011100111000	001000100101111	7	0	0	7	28	7	3	4	2	96
010011100111001	111001000001111	8	0	0	8	27	7	5	7	3	32
010011100111010	011001110110100	8	0	0	7	13	4	5	7	2	48
010011100111011	110010101101011	9	0	0	8	10	3	7	10	3	8
010011100111100	001001100101111	8	0	0	8	32	7	4	5	2	24
010011100111101	011011101101001	9	0	0	9	16	5	6	10	3	16
010011100111110	110010101101011	9	0	0	9	17	4	5	8	2	8
010011100111111	011011111101001	10	27	0	9	18	4	7	11	3	20
010011101000000	000010011001001	5	4422	4048	5	32	9	5	12	5	3840
010011101000001	010100101110000	6	22787	21676	6	26	7	5	10	6	576
010011101000010	010100101110000	6	0	0	6	26	8	5	15	6	576
010011101000011	101101100101000	7	0	0	7	27	8	5	14	6	128
010011101001000	001100101110000	6	22212	21089	6	21	7	3	5	3	384
010011101001001	001001000101111	7	108109	105144	7	19	5	4	5	2	576
010011101001010	011001000001111	7	0	0	7	17	6	6	16	6	48
010011101001011	001001100101111	8	0	0	8	19	5	7	12	4	24
010011101100000	001100101110000	6	13255	12225	5	23	8	4	8	4	384
010011101100001	101101100101000	7	106509	103561	7	24	8	5	9	4	128
010011101100010	011001000001111	7	1279	1197	7	27	7	7	16	6	48
010011101100011	011000101101011	8	3342	3281	8	32	7	6	10	3	32
010011101101000	111000010101001	7	67615	64765	6	11	4	3	3	1	144
010011101101001	001001100101111	8	1488090	1464581	8	26	6	6	8	3	24
010011101101010	111000100011101	8	3592	3527	8	19	5	5	8	3	16
010011101101011	110010101101011	9	2802142	2679130	7	17	4	5	8	2	8
010011110000000	000010011001001	5	19	16	5	20	7	4	7	5	3840
010011110000001	010100101110000	6	5954	5186	6	27	7	5	13	6	576
010011110000010	010100101110000	6	0	0	6	23	7	4	6	4	576
010011110000011	101101100101000	7	21342	19737	6	28	8	6	9	4	128
010011110001000	010100101110000	6	2869	2545	6	19	7	5	17	5	576
010011110001001	101101100101000	7	42606	39855	7	18	6	4	4	2	128
010011110001010	001001011101001	7	0	0	7	24	7	6	9	4	576
010011110001011	011000101101011	8	137868	133427	8	24	7	6	12	4	32
010011110100000	101010000110001	6	234	182	6	14	5	4	5	2	480
010011110100001	001000100101111	7	32276	30139	7	22	6	4	5	2	96
010011110100010	011001000001111	7	636	597	7	29	8	5	6	3	48
010011110100011	001001100101111	8	173571	168400	8	17	5	5	6	2	24
010011110101000	001000100101111	7	11231	10753	7	14	5	3	4	2	96
010011110101001	011001110110100	8	93250	86721	6	14	4	4	6	2	48
010011110101010	111001000001111	8	2132	2093	8	18	5	5	6	3	32
010011110101011	110010101101011	9	4125955	3978924	7	19	6	5	9	3	8
010011111000000	101010000110001	6	46	43	5	13	5	2	2	1	480
010011111000001	001000100101111	7	32926	30857	7	22	6	4	5	2	96
010011111000010	001000100101111	7	0	0	7	26	7	6	7	3	96
010011111000011	011001110110100	8	112980	109929	8	14	4	6	8	3	48
010011111001000	011001000001111	7	13244	12711	7	17	6	7	14	4	48
010011111001001	001001100101111	8	219685	212753	8	25	6	4	5	2	24
010011111001010	111001000001111	8	0	0	8	21	7	8	13	4	32
010011111001011	110010101101011	9	5368173	5219057	8	20	5	7	12	3	8
010011111100000	010111011000001	7	1204	1128	7	16	5	4	5	2	96
010011111100001	011001110110100	8	36871	31600	4	4	1	0	0	0	48
010011111100010	111000100011101	8	3325	3267	8	15	4	7	10	3	16
010011111100011	110010101101011	9	3818096	3683019	8	16	4	5	7	2	8
010011111101000	111000100011101	8	35304	34591	7	12	4	3	3	1	16
010011111101001	110010101101011	9	2574626	2417606	6	10	3	4	6	2	8
010011111101010	011101110111000	9	1787968	1562873	6	11	3	5	7	2	24
010011111101011	010011111101011	10	0	0	0	0	0	0	0	0	24
010100010001001	000010011001001	5	619	603	5	22	8	4	11	5	3840
010100010001100	000010011001001	5	0	0	5	24	9	3	5	3	3840
010100010011000	000010011001001	5	7499	6454	5	23	9	3	7	4	3840
010100010011100	001100101110000	6	359	327	6	12	4	5	10	4	384
010100010101001	010100101110000	6	4528	4040	6	15	7	5	13	7	576
010100010101100	010100101110000	6	0	0	6	24	8	5	12	5	576
010100010111000	010100101110000	6	55845	51593	6	17	6	6	16	5	576
010100010111100	101101100101000	7	1118	1085	7	19	7	6	11	4	128
010100011000100	000010011001001	5	45	29	5	31	10	5	13	5	3840
010100011001000	000010011001001	5	488	476	5	32	10	5	14	5	3840
010100011001001	001100101110000	6	2366	2333	6	21	7	4	5	3	384
010100011001100	101010000110001	6	347	317	6	23	7	2	2	1	480
010100011010000	000010011001001	5	0	0	5	31	9	3	4	3	3840
010100011010100	001100101110000	6	70	60	6	16	6	4	5	2	384
010100011011000	010100101110000	6	0	0	6	28	9	6	12	4	576
010100011011100	011001000001111	7	1250	1211	7	27	8	4	7	4	48
010100011100100	010100101110000	6	223	199	6	25	7	5	8	4	576
010100011101000	010100101110000	6	3967	3545	6	24	7	6	18	6	576
010100011101001	101101100101000	7	37426	35727	7	18	6	4	8	4	128
010100011101100	011001000001111	7	1367	1330	7	23	8	5	8	4	48
010100011110000	010100101110000	6	0	0	4	8	4	4	8	4	576
010100011110100	101101100101000	7	154	140	7	21	6	5	8	3	128
010100011111000	001001011101001	7	0	0	7	18	6	6	17	6	576
010100011111100	011000101101011	8	3615	3564	8	21	6	5	6	3	32
010100100001001	000010011001001	5	427	418	5	22	8	4	8	5	3840
010100100001100	000010011001001	5	0	0	5	21	8	4	8	5	3840
010100100011000	000010011001001	5	3347	2983	5	23	9	5	12	6	3840
010100100011100	001100101110000	6	0	0	4	9	4	4	6	2	384
010100100101001	010100101110000	6	1183	1168	6	13	5	5	12	4	576
010100100101100	010100101110000	6	0	0	6	14	6	5	12	4	576
010100100111000	010100101110000	6	20080	18939	6	12	3	5	12	5	576
010100100111100	101101100101000	7	0	0	7	24	7	5	9	3	128
010100101000100	000010011001001	5	75	50	5	24	9	4	7	5	3840
010100101001000	000010011001001	5	1421	1379	5	29	10	5	12	6	3840
010100101001001	001100101110000	6	3647	3592	6	16	7	4	6	2	384
010100101001100	101010000110001	6	514	470	6	22	7	3	3	1	480
010100101010000	000010011001001	5	41941	40356	5	24	9	2	4	2	3840
010100101010100	001100101110000	6	80	66	6	19	6	4	8	3	384
010100101011000	010100101110000	6	0	0	6	32	9	5	16	7	576
010100101011100	011001000001111	7	270	241	6	22	8	6	11	4	48
010100101100100	010100101110000	6	550	488	5	12	4	5	8	2	576
010100101101000	010100101110000	6	5645	5559	6	14	4	5	12	5	576
010100101101001	101101100101000	7	14800	14686	7	23	6	5	9	3	128
010100101101100	011001000001111	7	3344	3256	7	22	7	5	9	3	48
010100101110000	010100101110000	6	0	0	0	0	0	0	0	0	576
010100101110100	101101100101000	7	684	600	7	23	6	6	9	3	128
010100101111000	001001011101001	7	0	0	7	21	6	5	8	3	576
010100101111100	011000101101011	8	3017	2906	8	19	5	6	8	3	32
010100110000001	000010011001001	5	600	583	5	27	10	4	6	4	3840
010100110001000	000010011001001	5	3830	3471	5	25	9	5	12	5	3840
010100110001001	001100101110000	6	3529	3267	6	27	8	4	6	3	384
010100110001100	010100101110000	6	0	0	6	28	8	5	7	3	576
010100110011000	101010000110001	6	43453	40423	6	15	5	4	5	2	480
010100110011100	011001000001111	7	603	525	7	20	6	5	7	3	48
010100110100001	010100101110000	6	1345	1326	6	26	6	5	8	4	576
010100110101000	010100101110000	6	25626	24185	6	20	6	5	10	6	576
010100110101001	001001000101111	7	21144	20104	7	19	7	5	7	3	576
010100110101100	001001011101001	7	0	0	7	20	6	6	10	4	576
010100110111000	011001000001111	7	314432	303720	7	29	8	6	13	4	48
010100110111100	011000101101011	8	2207	2093	6	8	3	6	8	3	32
010100111000000	000010011001001	5	345	336	5	29	10	5	13	6	3840
010100111000001	001100101110000	6	953	940	6	21	7	4	8	4	384
010100111000100	010100101110000	6	294	266	6	33	8	6	10	5	576
010100111001000	000011001001011	6	2009	1853	6	22	8	4	7	4	1440
010100111001001	111000010101001	7	13522	12721	6	11	4	3	5	2	144
010100111001100	001000100101111	7	1648	1604	7	21	6	5	6	2	96
010100111010000	101010000110001	6	0	0	6	18	6	4	5	2	480
010100111010100	011001000001111	7	198	179	6	20	6	6	17	5	48
010100111011000	001000100101111	7	0	0	6	15	5	5	8	3	96
010100111011100	111001000001111	8	3328	3219	8	19	5	5	7	3	32
010100111100000	010100101110000	6	2073	2043	6	19	4	5	8	4	576
010100111100001	101101100101000	7	208608	206636	7	27	7	5	12	5	128
010100111100100	001001011101001	7	2114	2052	7	22	7	5	8	3	576
010100111101000	001000100101111	7	13850	12909	6	15	5	5	9	3	96
010100111101001	001001100101111	8	121061	116645	7	16	5	5	9	3	24
010100111101100	111001000001111	8	4887	4651	6	11	4	5	9	3	32
010100111110000	011001000001111	7	250	230	7	18	5	4	5	2	48
010100111110100	011000101101011	8	3069	2960	8	17	5	5	6	2	32
010100111111000	111001000001111	8	583	563	7	12	4	4	5	2	32
010100111111100	111001100110110	9	9857	9625	7	18	5	6	8	3	96
010101000001001	000010011001001	5	358	344	4	13	6	3	5	3	3840
010101000001100	000010011001001	5	0	0	5	21	8	4	11	5	3840
010101000011000	000010011001001	5	2618	2308	5	24	8	5	14	5	3840
010101000011100	001100101110000	6	0	0	4	5	3	4	5	3	384
010101000101001	010100101110000	6	2581	2542	6	21	7	5	12	5	576
010101000101100	010100101110000	6	0	0	6	16	8	5	13	7	576
010101000111000	010100101110000	6	13985	13157	6	20	6	6	18	6	576
010101000111100	101101100101000	7	0	0	7	23	7	4	8	4	128
010101001000100	000010011001001	5	83	55	5	32	10	5	13	6	3840
010101001001000	000010011001001	5	386	378	5	27	9	3	7	4	3840
010101001001001	001100101110000	6	1399	1381	6	16	7	5	10	4	384
010101001001100	101010000110001	6	560	514	6	24	7	3	3	2	480
010101001010000	000010011001001	5	0	0	5	28	9	3	4	4	3840
010101001010100	001100101110000	6	72	53	6	22	6	4	7	3	384
010101001011000	010100101110000	6	0	0	6	27	8	6	12	5	576
010101001011100	011001000001111	7	317	283	7	27	8	7	15	5	48
010101001100100	010100101110000	6	411	376	6	22	7	5	12	5	576
010101001101000	010100101110000	6	2731	2690	6	18	7	6	16	5	576
010101001101001	101101100101000	7	8358	8292	7	18	6	6	11	4	128
010101001101100	011001000001111	7	2208	2152	7	13	5	6	15	5	48
010101001110000	010100101110000	6	0	0	4	8	4	4	8	4	576
010101001110100	101101100101000	7	202	179	6	16	6	6	12	5	128
010101001111000	001001011101001	7	0	0	7	20	7	6	17	6	576
010101001111100	011000101101011	8	1153	1119	8	22	5	6	12	5	32
010101010000001	000010011001001	5	972	949	5	23	9	5	13	5	3840
010101010000100	000010011001001	5	0	0	5	24	8	5	13	4	3840
010101010001001	010100101110000	6	1679	1655	6	30	9	5	12	5	576
010101010001100	010100101110000	6	35	23	6	25	8	5	12	5	576
010101010010000	000010011001001	5	3816	3353	5	25	9	5	12	7	3840
010101010010100	001100101110000	6	33	27	4	9	5	4	7	4	384
010101010011000	010100101110000	6	32119	29873	6	41	9	6	14	6	576
010101010011100	001001000101111	7	12027	11789	7	28	7	5	7	3	576
010101010100001	010100101110000	6	73	46	6	25	8	5	10	6	576
010101010100100	010100101110000	6	25	19	6	23	8	5	10	6	576
010101010101001	001001011101001	7	628	584	7	16	6	5	13	5	576
010101010101100	001001011101001	7	118	106	7	22	6	5	13	5	576
010101010110000	010100101110000	6	24242	22860	6	26	7	5	9	6	576
010101010110100	101101100101000	7	78	70	7	21	7	5	9	4	128
010101010111000	001001011101001	7	253512	244713	7	25	7	6	15	6	576
010101010111100	011101011001001	8	2726	2622	8	22	6	7	12	3	192
010101011000000	000010011001001	5	623	610	5	37	10	5	12	6	3840
010101011000001	001100101110000	6	128018	125682	6	23	7	4	7	4	384
010101011000100	000011001001011	6	363	335	6	16	7	5	7	3	1440
010101011001000	010100101110000	6	1085	1071	6	31	8	6	14	6	576
010101011001001	001001000101111	7	53554	52791	7	17	5	5	7	3	576
010101011001100	001000100101111	7	1820	1774	7	24	6	5	7	3	96
010101011010000	001100101110000	6	0	0	5	24	8	3	7	4	384
010101011010100	111000010101001	7	269	239	7	19	5	3	5	2	144
010101011011000	101101100101000	7	0	0	7	21	8	4	7	4	128
010101011011100	001001100101111	8	3709	3575	8	27	6	5	7	3	24
010101011100000	010100101110000	6	60	40	6	26	7	5	9	6	576
010101011100001	101101100101000	7	389	359	7	23	7	5	9	4	128
010101011100100	001000100101111	7	1348	1313	7	20	6	4	4	2	96
010101011101000	001001011101001	7	522	486	7	25	8	6	15	6	576
010101011101001	011101011001001	8	1838	1790	7	12	3	7	12	3	192
010101011101100	111001000001111	8	4031	3975	7	24	7	7	12	4	32
010101011110000	001001000101111	7	0	0	7	18	5	4	4	2	576
010101011110100	001001100101111	8	948	915	8	27	6	4	4	2	24
010101011111000	011101011001001	8	0	0	8	23	5	8	18	5	192
010101011111100	011011101101001	9	11651	11458	8	30	6	8	16	4	16
010101100000100	000010011001001	5	0	0	5	25	9	4	6	4	3840
010101100001000	000010011001001	5	855	830	5	25	8	5	12	5	3840
010101100001001	010100101110000	6	2196	2163	6	22	7	5	7	3	576
010101100001100	001100101110000	6	0	0	5	15	5	4	6	3	384
010101100010000	000010011001001	5	3198	2797	5	29	9	5	13	6	3840
010101100010100	001100101110000	6	0	0	6	24	7	4	8	4	384
010101100011000	000011001001011	6	13872	12956	6	16	6	4	7	4	1440
010101100011100	111000010101001	7	0	0	7	16	5	3	5	2	144
010101100100100	010100101110000	6	0	0	6	29	9	5	8	4	576
010101100101000	010100101110000	6	4193	4129	6	28	9	5	10	6	576
010101100101001	001001011101001	7	5626	5540	6	14	6	6	10	4	576
010101100101100	001001000101111	7	0	0	7	21	7	5	7	3	576
010101100110000	010100101110000	6	20523	19315	6	25	7	5	8	4	576
010101100110100	101101100101000	7	0	0	7	22	7	5	12	5	128
010101100111000	001000100101111	7	81611	79169	7	15	5	5	9	3	96
010101100111100	001001100101111	8	0	0	8	17	5	5	9	3	24
010101101000100	101010000110001	6	390	351	5	11	4	5	5	2	480
010101101001000	101010000110001	6	1987	1928	5	8	3	4	5	2	480
010101101001001	011001000001111	7	9353	9281	7	21	7	5	7	3	48
010101101001100	010111011000001	7	1790	1728	6	11	4	3	3	1	96
010101101010000	101010000110001	6	0	0	6	11	4	4	5	2	480
010101101010100	010111011000001	7	279	248	6	16	5	4	5	2	96
010101101011000	001000100101111	7	0	0	5	8	3	5	8	3	96
010101101011100	111000100011101	8	1605	1560	8	18	5	3	5	2	16
010101101100100	011001000001111	7	3134	3055	7	21	6	6	9	3	48
010101101101000	011001000001111	7	15304	15182	7	28	7	6	13	4	48
010101101101001	011000101101011	8	730856	712507	7	16	5	6	8	3	32
010101101101100	011001000101111	8	13620	13450	8	17	5	6	11	3	32
010101101110000	011001000001111	7	0	0	7	27	8	4	5	2	48
010101101110100	111011000101001	8	3506	3362	8	18	5	5	6	2	96
010101101111000	111001000001111	8	0	0	7	15	4	4	5	2	32
010101101111100	111001100101101	9	8701	8508	7	8	2	5	6	2	8
010101110000000	000010011001001	5	3467	3069	5	18	8	2	4	3	3840
010101110000001	010100101110000	6	72	46	6	16	6	5	7	3	576
010101110000100	010100101110000	6	38	31	6	24	7	5	7	3	576
010101110001000	010100101110000	6	15667	14699	6	30	8	5	16	7	576
010101110001001	101101100101000	7	507	464	6	15	7	5	7	3	128
010101110001100	101101100101000	7	151	138	7	15	5	5	7	3	128
010101110010000	101010000110001	6	20796	19541	6	22	6	4	5	2	480
010101110010100	011001000001111	7	113	104	7	17	5	7	14	5	48
010101110011000	001000100101111	7	182530	176630	7	25	7	5	8	3	96
010101110011100	001001100101111	8	3205	3099	8	29	7	6	8	3	24
010101110100000	010100101110000	6	31393	29540	6	24	8	5	14	6	576
010101110100001	001001011101001	7	466	429	7	23	8	5	8	4	576
010101110100100	001001011101001	7	368	328	7	27	7	5	8	4	576
010101110101000	001001011101001	7	123683	120016	7	31	7	5	8	4	576
010101110101001	011101011001001	8	2921	2864	8	18	5	7	12	4	192
010101110101100	011101011001001	8	1704	1647	8	16	5	7	12	4	192
010101110110000	011001000001111	7	158400	153823	7	26	8	6	9	4	48
010101110110100	011000101101011	8	1596	1543	8	16	5	7	16	5	32
010101110111000	111001000001111	8	4015055	3952959	8	27	7	6	9	4	32
010101110111100	011011101101001	9	12822	12640	8	14	4	7	12	4	16
010101111000000	101010000110001	6	55	35	5	14	5	4	5	2	480
010101111000001	011001000001111	7	383	354	7	17	6	7	14	5	48
010101111000100	001000100101111	7	1554	1515	7	13	5	4	7	3	96
010101111001000	001000100101111	7	522	486	7	25	7	5	8	3	96
010101111001001	001001100101111	8	2439	2392	8	29	7	6	8	3	24
010101111001100	011001110110100	8	2764	2702	6	16	5	4	6	2	48
010101111010000	010111011000001	7	0	0	7	18	6	5	5	2	96
010101111010100	111000100011101	8	1007	967	7	12	4	4	6	2	16
010101111011000	011001110110100	8	0	0	4	4	1	4	4	1	48
010101111011100	110010101101011	9	10433	10206	7	13	4	5	6	2	8
010101111100000	011001000001111	7	374	346	7	27	8	6	9	4	48
010101111100001	011000101101011	8	1899	1859	8	20	6	7	16	5	32
010101111100100	111001000001111	8	8701	8596	8	22	6	6	9	3	32
010101111101000	111001000001111	8	2438	2391	8	27	7	6	9	4	32
010101111101001	011011101101001	9	6683	6622	8	14	4	7	12	4	16
010101111101100	110001011101011	9	310788	294906	8	15	3	8	15	3	16
010101111110000	011001000101111	8	5553	5276	8	20	5	5	6	2	32
010101111110100	111001100101101	9	29893	29322	9	19	5	6	11	3	8
010101111111000	110001011101011	9	20419	19988	9	23	5	7	10	3	16
010101111111100	111010111100011	10	405319	367209	8	14	4	7	9	3	8
010110010000001	000010011001001	5	30520	27235	5	23	9	5	7	4	3840
010110010001000	000010011001001	5	1208	1060	4	12	7	2	2	2	3840
010110010001001	001100101110000	6	7592	7161	6	23	6	3	5	2	384
010110010100001	010100101110000	6	6148	5437	6	27	8	5	8	4	576
010110010101000	010100101110000	6	4813	4399	6	26	8	5	12	5	576
010110010101001	011001000001111	7	44025	41920	7	22	8	5	8	4	48
010110011000000	000010011001001	5	9716	9246	5	22	9	5	8	5	3840
010110011000001	001100101110000	6	596442	577680	6	17	5	5	9	3	384
010110011001000	001100101110000	6	6965	6694	6	18	5	3	5	2	384
010110011001001	111100000011100	7	19332	17044	5	12	4	4	6	2	192
010110011100000	010100101110000	6	4751	4387	6	22	7	5	8	4	576
010110011100001	101101100101000	7	34330	32184	6	13	5	5	8	4	128
010110011101000	011001000001111	7	33797	32213	7	25	7	5	8	4	48
010110011101001	110001101101001	8	377069	367528	8	14	5	7	12	4	32
010110100000001	000010011001001	5	1398	1089	5	24	8	3	3	2	3840
010110100001000	000010011001001	5	1047	825	5	19	8	4	8	5	3840
010110100001001	001100101110000	6	9842	8844	6	20	6	4	6	2	384
010110100100001	010100101110000	6	5805	5141	6	24	7	5	8	3	576
010110100101000	010100101110000	6	4822	4368	6	27	9	5	12	4	576
010110100101001	011001000001111	7	28050	26109	6	14	5	5	9	3	48
010110101000000	000010011001001	5	883	704	5	25	9	4	6	3	3840
010110101000001	001100101110000	6	8984	8070	6	15	5	4	6	2	384
010110101001000	001100101110000	6	5553	5030	6	15	5	4	6	3	384
010110101001001	111100000011100	7	25902	23392	5	11	4	3	3	1	192
010110101100000	010100101110000	6	4486	4103	6	20	7	5	9	3	576
010110101100001	101101100101000	7	49797	47331	7	17	6	5	9	3	128
010110101101000	011001000001111	7	19779	18596	6	11	4	5	11	4	48
010110101101001	110001101101001	8	337749	329284	8	14	4	7	8	2	32
010110110000001	001100101110000	6	5461	5024	6	17	6	4	6	2	384
010110110001000	001100101110000	6	8665	8321	6	17	6	4	6	2	384
010110110001001	111100000011100	7	35213	34223	7	19	5	3	3	1	192
010110110100001	011001000001111	7	20417	18957	6	17	6	5	10	3	48
010110110101000	011001000001111	7	14100	13228	6	10	3	6	10	3	48
010110110101001	011001000101111	8	117890	113569	7	17	5	6	11	3	32
010110111000000	001100101110000	6	3049	2880	6	21	7	4	8	4	384
010110111000001	111000010101001	7	17960	16806	6	10	3	5	6	2	144
010110111001000	111000010101001	7	4205	3549	3	5	2	3	5	2	144
010110111001001	111000100111001	8	539768	503989	5	8	2	5	7	2	64
010110111100000	011001000001111	7	9348	8616	5	11	4	5	11	4	48
010110111100001	001001100101111	8	208972	203945	8	17	5	6	9	3	24
010110111101000	111000100011101	8	133939	130669	8	19	5	5	7	2	16
010110111101001	111001100111001	9	6786527	6540217	8	15	4	7	8	2	8
010111000000001	000010011001001	5	934	897	5	29	10	4	6	3	3840
010111000001000	000010011001001	5	782	761	5	22	9	5	10	3	3840
010111000001001	001100101110000	6	2611	2573	6	24	7	3	3	1	384
010111000100001	010100101110000	6	2922	2880	6	28	8	5	8	4	576
010111000101000	010100101110000	6	3262	3215	6	32	9	5	13	7	576
010111000101001	011001000001111	7	9196	9127	7	20	7	5	8	4	48
010111001000000	000010011001001	5	1004	963	5	22	9	4	8	4	3840
010111001000001	001100101110000	6	96672	94872	3	7	3	3	7	3	384
010111001001000	001100101110000	6	503	461	3	8	3	3	5	3	384
010111001001001	111100000011100	7	9878	9803	7	13	4	5	5	1	192
010111001100000	010100101110000	6	2828	2787	6	21	7	5	12	5	576
010111001100001	101101100101000	7	7109	7056	7	17	6	4	7	2	128
010111001101000	011001000001111	7	8434	8371	7	27	7	6	15	5	48
010111001101001	110001101101001	8	101723	100463	8	21	5	7	17	4	32
010111010000000	000010011001001	5	11664	11117	5	20	8	5	8	4	3840
010111010000001	101010000110001	6	174560	156849	2	2	1	2	2	1	480
010111010001000	010100101110000	6	0	0	6	17	7	5	14	5	576
010111010001001	011001000001111	7	0	0	7	22	5	6	11	4	48
010111010100000	010100101110000	6	0	0	6	23	8	5	10	6	576
010111010100001	001000100101111	7	0	0	7	17	5	4	5	2	96
010111010101000	001001011101001	7	0	0	7	28	8	5	13	5	576
010111010101001	111001000001111	8	0	0	8	26	7	7	13	5	32
010111011000000	101010000110001	6	314762	293073	3	4	2	3	4	2	480
010111011000001	010111011000001	7	0	0	0	0	0	0	0	0	96
010111011001000	011001000001111	7	0	0	7	14	5	6	13	4	48
010111011001001	011001000101111	8	0	0	8	20	5	6	10	3	32
010111011100000	001000100101111	7	0	0	7	22	6	4	4	2	96
010111011100001	011001110110100	8	0	0	8	22	5	5	6	2	48
010111011101000	111001000001111	8	0	0	8	26	7	7	12	4	32
010111011101001	110001011101011	9	0	0	9	17	5	7	13	4	16
010111100000000	000010011001001	5	0	0	5	22	8	4	7	4	3840
010111100000001	010100101110000	6	0	0	6	17	6	5	11	4	576
010111100001000	101010000110001	6	0	0	6	17	6	3	3	1	480
010111100001001	011001000001111	7	0	0	7	25	8	4	7	3	48
010111100100000	010100101110000	6	0	0	6	21	8	6	12	5	576
010111100100001	001001011101001	7	0	0	6	23	8	5	7	3	576
010111100101000	001000100101111	7	0	0	6	11	4	5	7	3	96
010111100101001	111001000001111	8	0	0	8	18	5	5	8	3	32
010111101000000	101010000110001	6	0	0	5	5	2	5	5	2	480
010111101000001	011001000001111	7	0	0	7	13	5	6	11	4	48
010111101001000	010111011000001	7	0	0	3	3	1	3	3	1	96
010111101001001	011001000101111	8	0	0	8	21	5	5	9	3	32
010111101100000	011001000001111	7	0	0	7	32	8	6	14	5	48
010111101100001	011000101101011	8	0	0	7	23	7	7	14	4	32
010111101101000	111000100011101	8	0	0	7	13	4	5	6	2	16
010111101101001	111001100101101	9	0	0	8	15	4	7	8	2	8
010111110000000	001100101110000	6	0	0	4	9	4	4	8	3	384
010111110000001	011001000001111	7	0	0	7	23	7	4	7	3	48
010111110001000	011001000001111	7	0	0	7	18	5	6	11	4	48
010111110001001	110001101101001	8	0	0	8	12	4	8	12	4	32
010111110100000	011001000001111	7	0	0	7	20	6	6	9	4	48
010111110100001	111001000001111	8	0	0	8	24	6	5	8	3	32
010111110101000	111001000001111	8	0	0	8	21	6	6	9	4	32
010111110101001	110001011101011	9	0	0	8	17	4	8	17	4	16
010111111000000	010111011000001	7	0	0	4	5	2	4	5	2	96
010111111000001	111000100011101	8	0	0	5	6	2	5	6	2	16
010111111001000	111000100011101	8	0	0	4	6	2	3	5	2	16
010111111001001	111001100111001	9	0	0	5	8	2	5	8	2	8
010111111100000	111000100011101	8	0	0	7	13	4	6	11	3	16
010111111100001	110010101101011	9	0	0	7	8	2	7	8	2	8
010111111101000	011101110111000	9	0	0	0	0	0	0	0	0	24
010111111101001	110110111101001	10	0	0	5	5	1	5	5	1	4
011000000000111	000010011001001	5	2878	2720	4	18	9	4	7	5	3840
011000000001011	000010011001001	5	6121	5942	5	27	10	3	3	3	3840
011000000001110	000010011001001	5	4981	4837	5	33	10	5	11	4	3840
011000000001111	010100101110000	6	266337	261919	6	23	7	6	14	6	576
011000000010011	000010011001001	5	0	0	5	31	10	3	9	5	3840
011000000010110	000010011001001	5	2097	1952	5	27	10	4	6	3	3840
011000000010111	101010000110001	6	120	114	6	19	7	3	3	2	480
011000000011011	001100101110000	6	0	0	6	22	6	3	7	4	384
011000000011110	001100101110000	6	955	799	6	15	7	4	5	3	384
011000000011111	011001000001111	7	20393	19036	7	24	7	6	11	5	48
011000000100110	000010011001001	5	9625	8989	5	24	9	3	5	5	3840
011000000100111	001100101110000	6	31721	30661	6	13	5	4	6	3	384
011000000101010	000010011001001	5	4627	4492	5	27	9	3	6	3	3840
011000000101011	001100101110000	6	15756	15518	6	9	4	3	6	3	384
011000000101110	101010000110001	6	67293	65029	6	15	6	4	4	2	480
011000000101111	011001000001111	7	715314	699452	7	19	6	3	4	2	48
011000000110010	000010011001001	5	1612	1507	5	29	10	4	6	3	3840
011000000110011	001100101110000	6	0	0	5	15	6	5	10	4	384
011000000110110	010100101110000	6	6787	6559	6	25	8	4	6	3	576
011000000110111	011001000001111	7	406	399	7	18	7	4	5	3	48
011000000111010	001100101110000	6	0	0	6	20	7	4	9	4	384
011000000111011	111100000011100	7	0	0	5	11	3	5	5	2	192
011000000111110	011001000001111	7	5110	4650	7	18	7	4	5	3	48
011000000111111	110001101101001	8	97187	92171	8	19	5	6	11	4	32
011000001001011	010100101110000	6	11063	10895	6	26	8	4	4	2	576
011000001101010	010100101110000	6	12107	11924	6	30	8	2	3	3	576
011000001101011	101101100101000	7	196705	194144	7	17	5	6	11	3	128
011000010000011	000010011001001	5	28	18	5	31	10	5	11	6	3840
011000010001001	000010011001001	5	853	833	5	22	8	3	4	4	3840
011000010001010	000010011001001	5	0	0	5	26	9	5	11	4	3840
011000010001011	101010000110001	6	0	0	6	13	5	3	4	2	480
011000010001100	000010011001001	5	1000	864	5	16	7	3	5	5	3840
011000010010100	000010011001001	5	12465	11734	5	23	9	3	8	4	3840
011000010011100	001100101110000	6	4777	4501	6	11	4	5	8	3	384
011000010100010	000010011001001	5	162	109	5	24	9	4	4	3	3840
011000010100011	001100101110000	6	619	530	5	16	6	5	12	5	384
011000010100100	000010011001001	5	7840	7450	5	31	10	5	12	6	3840
011000010101000	000010011001001	5	18922	17725	5	31	10	5	14	6	3840
011000010101001	001100101110000	6	588147	559756	6	17	6	4	4	3	384
011000010101010	101010000110001	6	13	6	6	15	6	4	8	3	480
011000010101011	010111011000001	7	0	0	7	24	7	4	7	3	96
011000010101100	101010000110001	6	2692	2296	6	15	5	2	2	1	480
011000010110000	000010011001001	5	8142	7519	5	28	9	4	5	3	3840
011000010110100	010100101110000	6	45574	43909	6	30	9	6	14	5	576
011000010111000	001100101110000	6	70252	65292	6	13	6	3	5	2	384
011000010111100	011001000001111	7	4855	4520	7	27	8	4	5	2	48
011000011000011	010100101110000	6	1118	996	6	25	8	6	16	5	576
011000011001001	010100101110000	6	2117	2088	6	23	8	4	4	3	576
011000011001010	010100101110000	6	0	0	6	31	8	6	15	6	576
011000011001011	001000100101111	7	0	0	7	20	6	5	17	6	96
011000011001100	010100101110000	6	1803	1658	6	24	8	6	15	5	576
011000011010100	010100101110000	6	3300	2783	6	15	6	6	11	4	576
011000011011100	101101100101000	7	8890	8235	7	16	7	6	7	3	128
011000011100010	010100101110000	6	1619	1358	4	6	5	4	6	5	576
011000011100011	101101100101000	7	21304	19268	6	13	6	6	13	6	128
011000011100100	010100101110000	6	1694	1546	6	24	7	6	13	6	576
011000011101000	010100101110000	6	2000	1889	6	23	7	6	11	5	576
011000011101001	101101100101000	7	22465	21800	7	21	6	5	12	5	128
011000011101010	001000100101111	7	218	200	7	14	4	5	15	5	96
011000011101011	011001110110100	8	0	0	8	18	5	6	10	3	48
011000011101100	011001000001111	7	6620	6188	7	27	7	6	10	4	48
011000011110000	010100101110000	6	724	518	4	6	4	4	6	4	576
011000011110100	001001011101001	7	13598	12366	6	14	6	6	11	4	576
011000011111000	101101100101000	7	7703	7112	7	18	6	3	6	3	128
011000011111100	011000101101011	8	35183	33142	8	18	6	5	7	3	32
011000100000101	000010011001001	5	7597	7171	5	25	9	3	5	3	3840
011000100000111	010100101110000	6	0	0	6	29	8	5	8	4	576
011000100001001	000010011001001	5	2390	2325	5	24	8	3	4	3	3840
011000100001011	010100101110000	6	20423	20113	6	21	7	6	15	6	576
011000100001100	000010011001001	5	7991	7286	5	15	6	4	10	5	3840
011000100001101	010100101110000	6	50473	48654	6	17	6	5	11	3	576
011000100001110	010100101110000	6	0	0	6	14	7	6	13	6	576
011000100001111	001001011101001	7	0	0	7	21	7	5	14	5	576
011000100010001	000010011001001	5	7322	6942	5	30	10	5	13	5	3840
011000100010011	010100101110000	6	0	0	6	27	8	5	13	6	576
011000100010100	000010011001001	5	13626	12753	5	22	8	5	12	6	3840
011000100010101	101010000110001	6	27938	27053	6	16	6	0	0	0	480
011000100010110	010100101110000	6	8015	7720	6	23	7	5	8	5	576
011000100010111	001000100101111	7	0	0	7	16	5	5	10	4	96
011000100011001	001100101110000	6	73703	71302	6	17	6	3	3	2	384
011000100011011	011001000001111	7	0	0	6	10	3	5	12	5	48
011000100011100	001100101110000	6	21912	19711	4	7	3	3	6	3	384
011000100011101	011001000001111	7	499584	472052	6	18	5	6	13	5	48
011000100011110	011001000001111	7	0	0	7	25	7	5	7	3	48
011000100011111	111001000001111	8	0	0	8	24	7	7	10	3	32
011000100100100	000010011001001	5	10004	9415	5	26	9	4	7	4	3840
011000100100101	001100101110000	6	50621	47381	6	14	7	3	4	2	384
011000100100110	010100101110000	6	3824	3740	6	24	8	5	9	4	576
011000100100111	011001000001111	7	0	0	7	23	6	5	14	5	48
011000100101000	000010011001001	5	2383	2317	5	31	10	5	12	5	3840
011000100101001	001100101110000	6	7202	7098	6	13	5	3	3	2	384
011000100101010	010100101110000	6	24757	24382	6	25	8	6	11	5	576
011000100101011	011001000001111	7	447431	442127	7	23	5	6	10	4	48
011000100101100	101010000110001	6	15788	14897	6	18	5	2	2	1	480
011000100101101	011001000001111	7	91335	87018	6	13	5	4	8	4	48
011000100101110	001000100101111	7	0	0	6	10	3	5	5	2	96
011000100101111	111001000001111	8	0	0	8	22	7	6	8	3	32
011000100110000	000010011001001	5	8702	8040	5	27	9	2	3	3	3840
011000100110001	001100101110000	6	19599	18634	6	14	6	2	2	1	384
011000100110010	010100101110000	6	5956	5753	6	17	7	2	6	4	576
011000100110011	011001000001111	7	0	0	7	23	7	5	5	3	48
011000100110100	010100101110000	6	40827	39437	6	26	8	5	12	5	576
011000100110101	011001000001111	7	0	0	7	24	8	4	5	2	48
011000100110110	001001011101001	7	24054	23564	7	19	6	6	10	4	576
011000100110111	111001000001111	8	0	0	5	6	3	5	6	3	32
011000100111000	001100101110000	6	35893	33595	6	19	6	3	6	3	384
011000100111001	111100000011100	7	267615	241198	5	11	4	3	4	2	192
011000100111010	011001000001111	7	0	0	6	22	7	4	4	2	48
011000100111011	011001000101111	8	0	0	7	15	4	5	5	2	32
011000100111100	011001000001111	7	1106	1040	7	24	8	6	11	4	48
011000100111101	110001101101001	8	0	0	8	12	5	6	7	2	32
011000100111110	111001000001111	8	0	0	5	6	3	5	5	2	32
011000100111111	110001011101011	9	366	46	9	25	5	7	12	3	16
011000101001001	010100101110000	6	11809	11632	6	21	7	4	4	2	576
011000101001011	101101100101000	7	193019	188340	6	19	8	6	10	4	128
011000101001100	010100101110000	6	579	535	6	14	7	5	11	5	576
011000101010100	010100101110000	6	193	147	6	17	5	5	13	6	576
011000101011100	101101100101000	7	1245	1169	7	20	7	4	4	2	128
011000101100100	010100101110000	6	416	384	6	14	6	5	13	5	576
011000101101000	010100101110000	6	6957	6855	6	18	6	6	12	5	576
011000101101001	101101100101000	7	293884	290500	7	21	6	4	8	3	128
011000101101010	101101100101000	7	494895	490242	7	28	7	3	5	2	128
011000101101011	011000101101011	8	0	0	0	0	0	0	0	0	32
011000101101100	011001000001111	7	2061	2009	7	23	7	5	12	5	48
011000101110000	010100101110000	6	0	0	2	4	3	2	4	3	576
011000101110100	001001011101001	7	924	861	6	18	6	5	8	3	576
011000101111000	101101100101000	7	0	0	6	17	6	5	10	4	128
011000101111100	011000101101011	8	5339	5246	8	21	5	6	13	4	32
011000110000001	000010011001001	5	471	459	5	30	10	5	13	5	3840
011000110000011	010100101110000	6	243	216	6	34	8	5	13	6	576
011000110001000	000010011001001	5	4034	3672	5	27	9	5	13	5	3840
011000110001001	001100101110000	6	4056	3809	6	14	6	3	3	2	384
011000110001010	010100101110000	6	0	0	6	20	7	5	12	6	576
011000110001011	011001000001111	7	0	0	7	26	8	5	12	5	48
011000110001100	010100101110000	6	186	138	6	21	7	5	11	5	576
011000110010000	000010011001001	5	10078	9276	5	26	9	5	12	5	3840
011000110010100	010100101110000	6	68938	66514	6	35	8	5	10	6	576
011000110011000	001100101110000	6	28752	24980	4	10	5	3	5	3	384
011000110011100	001001000101111	7	1111	1028	7	21	6	4	5	2	576
011000110100000	000010011001001	5	531	518	5	35	10	5	13	5	3840
011000110100001	001100101110000	6	1084	1070	6	21	7	4	8	4	384
011000110100010	010100101110000	6	1142	990	6	29	8	5	10	4	576
011000110100011	011001000001111	7	5392	5013	7	20	6	6	14	5	48
011000110100100	010100101110000	6	44939	43476	6	26	7	6	13	6	576
011000110101000	000011001001011	6	27017	25434	6	16	7	4	6	3	1440
011000110101001	111000010101001	7	19755	19052	7	18	5	0	0	0	144
011000110101010	001000100101111	7	276	243	5	10	4	4	6	3	96
011000110101011	111000100011101	8	0	0	8	13	3	5	9	3	16
011000110101100	001000100101111	7	785	721	6	17	5	5	7	3	96
011000110110000	001100101110000	6	41256	39510	6	24	8	4	8	4	384
011000110110100	101101100101000	7	541888	528443	7	23	8	5	9	4	128
011000110111000	111000010101001	7	239005	226719	6	16	5	3	3	1	144
011000110111100	001001100101111	8	7493	7034	7	19	5	6	8	3	24
011000111000001	010100101110000	6	1159	1145	6	34	8	5	9	5	576
011000111000011	101101100101000	7	10084	9267	7	23	8	5	8	3	128
011000111001000	010100101110000	6	2271	2138	6	20	7	5	9	5	576
011000111001001	001001000101111	7	17217	16809	7	23	7	3	3	1	576
011000111001010	101101100101000	7	0	0	7	27	8	5	9	5	128
011000111001011	001001100101111	8	0	0	8	21	6	6	13	4	24
011000111001100	001001011101001	7	1715	1671	7	21	6	6	14	5	576
011000111010000	010100101110000	6	0	0	6	21	6	5	9	5	576
011000111010100	001001011101001	7	725	672	6	22	7	5	8	3	576
011000111011000	101101100101000	7	0	0	7	18	7	4	8	4	128
011000111011100	011101011001001	8	5262	5144	8	20	6	7	12	4	192
011000111100000	010100101110000	6	1293	1277	6	22	6	5	9	5	576
011000111100001	101101100101000	7	196124	193856	7	21	7	5	9	4	128
011000111100010	101101100101000	7	15707	14703	7	26	7	4	7	3	128
011000111100011	011000101101011	8	147993	142379	8	12	4	6	8	3	32
011000111100100	001001011101001	7	887	855	6	22	8	6	11	4	576
011000111101000	001000100101111	7	8679	8400	7	18	5	3	4	2	96
011000111101001	001001100101111	8	144796	142271	8	20	5	4	5	2	24
011000111101010	011001110110100	8	1890	1843	7	13	4	5	7	2	48
011000111101011	110010101101011	9	1653	1596	9	17	4	5	8	2	8
011000111101100	111001000001111	8	3710	3658	7	26	7	5	7	3	32
011000111110000	001001000101111	7	361	324	7	16	4	2	2	1	576
011000111110100	011101011001001	8	3144	3071	7	20	5	6	11	4	192
011000111111000	001001100101111	8	1162	1125	8	20	5	4	6	2	24
011000111111100	011011101101001	9	39797	38877	9	28	6	6	10	3	16
011001000000101	000010011001001	5	4352	4228	5	23	9	4	5	3	3840
011001000000110	000010011001001	5	8252	8007	5	32	10	5	11	7	3840
011001000000111	001100101110000	6	337976	330604	6	24	7	4	8	3	384
011001000001001	000010011001001	5	5299	5146	5	16	6	4	7	3	3840
011001000001010	000010011001001	5	10911	10589	5	23	8	3	3	4	3840
011001000001011	001100101110000	6	548389	535413	6	22	6	5	11	4	384
011001000001100	000010011001001	5	3996	3882	5	15	6	4	7	4	3840
011001000001101	010100101110000	6	43757	43015	6	17	7	4	5	2	576
011001000001110	101010000110001	6	252839	241012	5	11	5	3	4	2	480
011001000001111	011001000001111	7	15607	7197	0	0	0	0	0	0	48
011001000010001	000010011001001	5	8888	7785	5	22	9	3	8	4	3840
011001000010010	000010011001001	5	1660	1549	5	29	10	3	5	3	3840
011001000010011	001100101110000	6	0	0	6	24	7	4	9	5	384
011001000010100	000010011001001	5	8106	7657	5	24	9	5	12	4	3840
011001000010101	101010000110001	6	114	108	6	16	5	3	3	1	480
011001000010110	101010000110001	6	7361	7115	6	17	6	3	7	3	480
011001000010111	010111011000001	7	698	686	7	21	5	5	9	3	96
011001000011001	001100101110000	6	82395	76734	6	17	6	4	10	4	384
011001000011010	001100101110000	6	82	73	6	25	7	5	7	3	384
011001000011011	111000010101001	7	572	532	7	17	5	5	10	4	144
011001000011100	001100101110000	6	5010	4333	4	9	4	4	4	2	384
011001000011101	011001000001111	7	22204	20378	6	20	5	3	4	2	48
011001000011110	010111011000001	7	6369	5790	6	14	5	6	13	5	96
011001000011111	111000100011101	8	103129	98128	7	17	5	7	11	3	16
011001000100100	000010011001001	5	12064	11412	5	27	10	5	12	7	3840
011001000100101	001100101110000	6	42486	41008	6	18	7	4	5	2	384
011001000100110	001100101110000	6	57779	55617	6	23	8	4	9	5	384
011001000100111	111100000011100	7	1472235	1442229	7	24	6	5	8	3	192
011001000101000	000010011001001	5	1033	1007	5	22	9	3	8	4	3840
011001000101001	001100101110000	6	2699	2663	6	18	6	5	11	4	384
011001000101010	001100101110000	6	78323	74971	6	22	8	4	8	4	384
011001000101011	111100000011100	7	1737060	1684168	7	18	6	5	12	3	192
011001000101100	101010000110001	6	93491	90251	6	15	5	2	2	1	480
011001000101101	011001000001111	7	77623	58580	3	4	2	3	4	2	48
011001000101110	010111011000001	7	2126302	2065279	7	17	5	5	8	3	96
011001000101111	011001000101111	8	5542	1352	0	0	0	0	0	0	32
011001000110000	000010011001001	5	9456	8741	5	22	9	3	5	3	3840
011001000110001	001100101110000	6	50639	47752	6	21	6	3	7	3	384
011001000110010	001100101110000	6	5637	5467	6	22	7	5	10	4	384
011001000110011	111100000011100	7	0	0	7	20	6	5	15	4	192
011001000110100	010100101110000	6	24604	23819	6	32	9	6	13	6	576
011001000110101	011001000001111	7	245	238	6	23	8	4	7	3	48
011001000110110	011001000001111	7	14027	13584	6	25	8	1	1	1	48
011001000110111	011001000101111	8	14642	13999	7	13	3	1	1	1	32
011001000111000	001100101110000	6	45426	42975	6	20	6	3	6	3	384
011001000111001	111100000011100	7	376915	364921	7	14	4	5	5	2	192
011001000111010	111000010101001	7	182	173	7	16	5	5	7	3	144
011001000111011	111000100111001	8	6724	5037	7	11	3	7	11	3	64
011001000111100	011001000001111	7	5299	4767	6	23	8	6	10	4	48
011001000111101	110001101101001	8	76678	72810	7	13	4	7	13	4	32
011001000111110	111000100011101	8	24408	21051	6	9	3	6	9	3	16
011001000111111	111001100111001	9	2774220	2646193	7	11	3	7	11	3	8
011001001001001	010100101110000	6	1495	1475	6	21	7	5	10	3	576
011001001001010	010100101110000	6	0	0	6	17	7	4	6	4	576
011001001001011	011001000001111	7	340	307	7	20	6	7	12	4	48
011001001001100	010100101110000	6	597	553	6	16	7	4	6	4	576
011001001010100	010100101110000	6	199	148	6	12	4	6	10	5	576
011001001011100	101101100101000	7	1281	1199	7	24	7	4	8	3	128
011001001100100	010100101110000	6	470	434	6	18	5	6	14	5	576
011001001101000	010100101110000	6	2447	2413	6	16	5	2	5	3	576
011001001101001	101101100101000	7	6846	6796	7	22	6	6	11	4	128
011001001101010	011001000001111	7	216	198	7	26	7	5	6	3	48
011001001101011	110001101101001	8	1731	1677	8	16	4	7	12	3	32
011001001101100	011001000001111	7	1684	1629	6	17	5	4	5	2	48
011001001110000	010100101110000	6	0	0	4	4	1	4	4	1	576
011001001110100	001001011101001	7	1153	1080	7	23	7	6	11	4	576
011001001111000	101101100101000	7	0	0	7	25	6	6	20	6	128
011001001111100	011000101101011	8	5648	5545	8	18	5	5	7	3	32
011001010000001	000010011001001	5	735	715	5	23	9	4	6	4	3840
011001010000010	000010011001001	5	0	0	5	25	9	4	6	5	3840
011001010000011	001100101110000	6	0	0	6	24	6	4	7	3	384
011001010000100	000010011001001	5	9580	9083	5	22	8	5	13	6	3840
011001010001001	010100101110000	6	1572	1550	6	21	8	4	6	3	576
011001010001010	010100101110000	6	0	0	6	28	9	6	14	6	576
011001010001011	011001000001111	7	0	0	7	22	7	3	5	3	48
011001010001100	010100101110000	6	9091	8521	6	32	9	5	11	5	576
011001010010100	101010000110001	6	52050	50248	6	17	5	3	3	2	480
011001010011100	011001000001111	7	91583	89080	7	22	6	4	6	3	48
011001010100000	000010011001001	5	9143	8483	5	27	10	5	13	6	3840
011001010100001	001100101110000	6	2393	2226	6	23	7	4	7	4	384
011001010100010	001100101110000	6	21	10	6	21	7	4	8	3	384
011001010100011	111100000011100	7	0	0	7	19	5	7	11	4	192
011001010100100	000011001001011	6	30166	29274	6	20	8	4	6	3	1440
011001010101000	010100101110000	6	15510	14794	6	36	9	6	12	6	576
011001010101001	001001000101111	7	7736	7372	7	19	5	4	5	2	576
011001010101010	011001000001111	7	117	104	7	23	7	6	9	3	48
011001010101011	011001000101111	8	0	0	6	9	3	5	7	2	32
011001010101100	001000100101111	7	1152	1065	7	25	6	5	5	2	96
011001010110000	101010000110001	6	40480	38955	6	17	6	3	4	2	480
011001010110100	001000100101111	7	731964	710490	7	18	5	5	7	3	96
011001010111000	011001000001111	7	222743	212278	6	20	6	6	11	4	48
011001010111100	111001000001111	8	5740	5596	8	19	5	4	5	2	32
011001011000001	010100101110000	6	2193	2163	6	26	8	4	7	4	576
011001011000010	010100101110000	6	0	0	6	22	7	5	13	6	576
011001011000011	011001000001111	7	0	0	7	23	7	6	14	6	48
011001011000100	010100101110000	6	390	360	6	23	7	5	10	6	576
011001011001001	001001011101001	7	31162	30652	7	17	4	0	0	0	576
011001011001010	001001011101001	7	0	0	7	31	7	6	14	6	576
011001011001011	111001000001111	8	2220	2154	8	22	7	7	12	4	32
011001011001100	001001011101001	7	4186	4065	7	21	6	6	10	4	576
011001011010100	011001000001111	7	955	882	7	29	8	5	7	3	48
011001011011100	011000101101011	8	2394	1894	3	4	2	3	4	2	32
011001011100000	010100101110000	6	1187	1097	6	23	5	5	8	4	576
011001011100001	101101100101000	7	12627	12061	7	29	7	6	17	6	128
011001011100010	011001000001111	7	292	269	7	24	6	7	12	4	48
011001011100011	110001101101001	8	0	0	8	18	6	7	14	4	32
011001011100100	001000100101111	7	1096	1059	6	15	5	5	7	3	96
011001011101000	001001011101001	7	4083	3942	7	21	7	6	11	4	576
011001011101001	011101011001001	8	34171	32699	7	17	6	2	3	2	192
011001011101010	111001000001111	8	1100	1077	8	14	4	3	3	1	32
011001011101011	110001011101011	9	9321	9187	9	21	5	7	11	3	16
011001011101100	111001000001111	8	3770	3629	5	7	3	4	5	2	32
011001011110000	011001000001111	7	524	437	7	18	5	4	5	2	48
011001011110100	111001000001111	8	2436	2343	6	9	3	4	5	2	32
011001011111000	011000101101011	8	2136	2017	6	15	5	3	3	2	32
011001011111100	111001100110110	9	31235	30341	8	19	5	6	8	3	96
011001100000100	000010011001001	5	11524	10787	5	24	9	5	12	5	3840
011001100000101	010100101110000	6	20987	19790	6	26	7	5	9	4	576
011001100000110	010100101110000	6	4284	4186	6	29	8	5	8	5	576
011001100000111	101101100101000	7	0	0	7	28	7	4	9	4	128
011001100001000	000010011001001	5	7503	6856	5	22	8	4	6	4	3840
011001100001001	010100101110000	6	43808	41560	6	18	7	4	4	2	576
011001100001010	010100101110000	6	0	0	6	29	8	5	12	5	576
011001100001011	101101100101000	7	0	0	7	22	7	6	10	4	128
011001100001100	001100101110000	6	15335	14457	6	15	5	3	6	3	384
011001100001101	101101100101000	7	71503	67670	6	17	6	5	10	4	128
011001100001110	011001000001111	7	0	0	7	21	7	5	7	3	48
011001100001111	011000101101011	8	1349	1332	8	28	7	5	5	2	32
011001100010000	000010011001001	5	15135	13989	5	26	9	5	13	5	3840
011001100010001	010100101110000	6	64161	60917	6	33	8	5	9	5	576
011001100010010	010100101110000	6	6768	6537	6	31	8	5	8	5	576
011001100010011	101101100101000	7	0	0	7	26	7	5	8	3	128
011001100010100	000011001001011	6	46912	45328	6	19	7	4	6	3	1440
011001100010101	001000100101111	7	0	0	7	23	6	3	3	1	96
011001100010110	001000100101111	7	27954	27373	7	15	5	6	12	4	96
011001100010111	011001110110100	8	0	0	6	9	3	4	5	2	48
011001100011000	001100101110000	6	62941	59904	6	21	7	3	7	4	384
011001100011001	001001000101111	7	402610	390838	7	21	5	3	3	1	576
011001100011010	011001000001111	7	377	349	7	19	6	5	7	3	48
011001100011011	001001100101111	8	2922	2843	8	19	5	6	13	4	24
011001100011100	111000010101001	7	715	643	5	8	3	4	7	2	144
011001100011101	001001100101111	8	1691	1658	7	14	4	3	3	1	24
011001100011110	111000100011101	8	1469	1438	8	20	5	7	12	4	16
011001100011111	110010101101011	9	9489	9400	9	15	4	7	11	3	8
011001100100100	101010000110001	6	38585	37305	6	15	6	4	5	2	480
011001100100101	011001000001111	7	145424	141289	7	16	5	5	9	4	48
011001100100110	011001000001111	7	14528	14327	7	35	8	7	9	4	48
011001100100111	110001101101001	8	0	0	6	9	3	6	7	2	32
011001100101000	101010000110001	6	22735	21105	5	13	5	4	5	2	480
011001100101001	011001000001111	7	238062	231401	7	14	6	4	4	2	48
011001100101010	011001000001111	7	576	532	7	17	5	6	12	4	48
011001100101011	110001101101001	8	0	0	7	14	5	6	11	3	32
011001100101100	010111011000001	7	77844	75014	7	15	5	4	5	2	96
011001100101101	111011000101001	8	1075762	1025228	6	10	3	0	0	0	96
011001100101110	111000100011101	8	0	0	5	11	3	5	11	3	16
011001100101111	111001100101101	9	4297	4263	8	12	3	6	11	3	8
011001100110000	101010000110001	6	61328	58954	6	18	6	4	10	4	480
011001100110001	011001000001111	7	341293	332626	7	19	6	5	7	3	48
011001100110010	011001000001111	7	21488	21087	7	31	8	5	5	3	48
011001100110011	110001101101001	8	0	0	6	9	3	6	9	3	32
011001100110100	001000100101111	7	500272	464175	6	14	5	5	8	3	96
011001100110101	111001000001111	8	0	0	8	18	5	4	5	2	32
011001100110110	111001000001111	8	490735	484370	8	18	5	2	2	1	32
011001100110111	110001011101011	9	0	0	7	12	3	5	8	2	16
011001100111000	010111011000001	7	282713	276039	7	19	6	4	5	2	96
011001100111001	011001000101111	8	4891907	4796068	8	22	5	4	4	1	32
011001100111010	111000100011101	8	1197	1169	8	13	4	6	9	3	16
011001100111011	111001100111001	9	19390	18643	8	12	3	7	11	3	8
011001100111100	111000100011101	8	2521	2434	6	9	3	5	6	2	16
011001100111101	111001100101101	9	11926	11769	8	16	4	6	7	2	8
011001100111110	011101110111000	9	5354	4485	9	22	5	8	15	4	24
011001100111111	110110111101001	10	739786	663791	8	12	3	8	12	3	4
011001101000100	010100101110000	6	538	498	6	33	8	5	10	6	576
011001101001000	010100101110000	6	16078	15395	6	25	8	4	6	3	576
011001101001001	001001011101001	7	77873	76069	7	16	4	1	1	1	576
011001101001010	101101100101000	7	0	0	7	24	8	6	13	5	128
011001101001011	011000101101011	8	1194	1155	8	26	7	7	17	4	32
011001101001100	001001000101111	7	1836	1775	6	17	7	4	5	2	576
011001101010000	010100101110000	6	0	0	6	21	5	5	8	4	576
011001101010100	001000100101111	7	899	831	6	17	5	4	5	2	96
011001101011000	101101100101000	7	0	0	7	26	7	5	14	5	128
011001101011100	001001100101111	8	4055	3957	7	18	5	4	5	2	24
011001101100100	011001000001111	7	1867	1820	7	21	6	5	7	3	48
011001101101000	011001000001111	7	74628	72805	7	20	6	5	6	3	48
011001101101001	011000101101011	8	710022	695570	8	16	4	7	11	3	32
011001101101010	110001101101001	8	2776	2724	8	15	4	7	11	3	32
011001101101011	110101101101001	9	7097	6959	8	15	4	8	15	4	32
011001101101100	011001000101111	8	5492	5420	7	19	5	5	7	2	32
011001101110000	011001000001111	7	0	0	7	15	4	4	6	3	48
011001101110100	111001000001111	8	2484	2400	6	9	3	2	2	1	32
011001101111000	111011000101001	8	0	0	8	15	4	3	3	1	96
011001101111100	111001100101101	9	3156	3033	5	7	2	5	7	2	8
011001110000000	000010011001001	5	15222	14030	5	23	8	4	7	4	3840
011001110000001	010100101110000	6	2788	2441	6	24	7	5	14	4	576
011001110000010	010100101110000	6	0	0	6	23	7	4	6	4	576
011001110000011	101101100101000	7	0	0	7	21	7	5	14	5	128
011001110000100	010100101110000	6	55316	53512	6	27	7	5	13	6	576
011001110001000	010100101110000	6	26811	25031	6	27	8	5	17	5	576
011001110001001	101101100101000	7	20217	18908	7	21	6	4	9	4	128
011001110001010	001001011101001	7	0	0	7	15	5	6	9	3	576
011001110001011	011000101101011	8	0	0	7	31	7	3	5	3	32
011001110001100	101101100101000	7	881	809	6	12	6	4	4	2	128
011001110010000	101010000110001	6	55326	53225	6	19	5	2	2	1	480
011001110010100	001000100101111	7	1547243	1506918	7	22	6	4	5	2	96
011001110011000	011001000001111	7	275498	266910	7	14	4	7	14	4	48
011001110011100	001001100101111	8	6171	6029	8	25	6	4	5	2	24
011001110100000	101010000110001	6	62086	59802	6	22	6	4	5	2	480
011001110100001	011001000001111	7	16380	15243	7	16	5	6	12	5	48
011001110100010	011001000001111	7	662	614	7	29	8	5	6	3	48
011001110100011	110001101101001	8	0	0	7	19	5	2	2	1	32
011001110100100	001000100101111	7	1595787	1557269	7	22	6	4	5	2	96
011001110101000	001000100101111	7	150228	145630	7	14	5	3	4	2	96
011001110101001	001001100101111	8	94437	91359	8	17	5	4	5	2	24
011001110101010	111001000001111	8	2311	2263	8	18	5	5	6	3	32
011001110101011	111001100101101	9	268	234	7	15	4	4	6	2	8
011001110101100	011001110110100	8	3427	3336	7	20	5	4	6	2	48
011001110110000	010111011000001	7	2634644	2541359	7	16	5	4	5	2	96
011001110110100	011001110110100	8	203	124	0	0	0	0	0	0	48
011001110111000	111000100011101	8	2771282	2643525	7	12	4	3	3	1	16
011001110111100	110010101101011	9	16459	15393	6	10	3	4	6	2	8
011001111000000	010100101110000	6	152	117	6	28	7	6	14	4	576
011001111000001	001001011101001	7	17210	16141	7	27	7	5	8	3	576
011001111000010	101101100101000	7	0	0	7	27	8	6	13	6	128
011001111000011	011000101101011	8	0	0	8	31	7	4	7	2	32
011001111000100	001001011101001	7	1603	1562	7	34	8	5	8	4	576
011001111001000	001001011101001	7	9079	8665	7	24	6	5	8	3	576
011001111001001	011101011001001	8	152418	148262	8	22	6	3	4	2	192
011001111001010	011101011001001	8	0	0	8	22	6	7	13	4	192
011001111001011	011011101101001	9	8232	8131	9	20	6	7	11	3	16
011001111001100	011101011001001	8	15533	15376	8	18	5	7	12	4	192
011001111010000	011001000001111	7	420	365	7	25	8	6	9	3	48
011001111010100	111001000001111	8	4135	4055	8	28	7	7	11	4	32
011001111011000	011000101101011	8	2025	1931	6	15	5	6	11	4	32
011001111011100	011011101101001	9	30991	30149	8	13	4	8	13	4	16
011001111100000	011001000001111	7	1362	1283	7	23	7	6	15	5	48
011001111100001	011000101101011	8	45565	42274	6	12	4	6	10	3	32
011001111100010	110001101101001	8	2471	2408	7	13	4	7	13	4	32
011001111100011	110101101101001	9	537	525	8	21	5	6	11	3	32
011001111100100	111001000001111	8	5127	5079	8	24	6	5	7	3	32
011001111101000	111001000001111	8	35457	34873	8	23	6	5	6	3	32
011001111101001	011011101101001	9	730546	709646	8	18	4	3	3	1	16
011001111101010	110001011101011	9	5731	5640	7	14	3	0	0	0	16
011001111101011	111010111100011	10	174974	173362	10	18	4	6	9	2	8
011001111101100	110001011101011	9	2106738	2057898	9	29	6	5	7	2	16
011001111110000	011001000101111	8	6979	6652	8	17	4	5	7	2	32
011001111110100	110001011101011	9	31506	31002	9	19	4	7	11	3	16
011001111111000	111001100101101	9	29684	29159	9	20	5	5	7	2	8
011001111111100	111010111100011	10	438349	340332	7	10	3	7	10	3	8
011010000000011	000010011001001	5	23	13	5	26	10	5	11	4	3840
011010000000110	000010011001001	5	0	0	5	24	9	5	11	5	3840
011010000000111	001100101110000	6	136	127	6	29	7	4	10	5	384
011010000001011	010100101110000	6	0	0	6	21	7	4	5	4	576
011010000001110	010100101110000	6	668	589	6	33	8	4	5	4	576
011010000001111	101101100101000	7	15814	14906	7	36	8	5	10	4	128
011010000010011	010100101110000	6	0	0	6	30	8	5	11	5	576
011010000010110	010100101110000	6	0	0	6	25	7	4	6	3	576
011010000010111	011001000001111	7	465	455	7	17	6	6	11	4	48
011010000011011	101101100101000	7	0	0	7	22	7	4	9	3	128
011010000011110	101101100101000	7	5229	4529	5	15	5	5	11	4	128
011010000011111	011000101101011	8	145712	138792	8	15	5	6	8	3	32
011010000100010	000010011001001	5	222	164	5	21	9	2	2	3	3840
011010000100011	001100101110000	6	809	693	5	9	4	4	6	2	384
011010000100110	001100101110000	6	0	0	5	9	4	4	6	2	384
011010000100111	111100000011100	7	320	310	6	16	4	6	10	3	192
011010000101010	010100101110000	6	56	39	6	25	8	5	10	4	576
011010000101011	011001000001111	7	0	0	6	20	8	3	4	2	48
011010000101110	011001000001111	7	2644	2407	6	20	8	3	4	2	48
011010000101111	110001101101001	8	66811	64698	8	16	5	8	16	5	32
011010000110010	010100101110000	6	0	0	3	8	5	2	4	3	576
011010000110011	011001000001111	7	0	0	7	20	7	4	5	3	48
011010000110110	101101100101000	7	0	0	7	14	5	6	10	3	128
011010000110111	110001101101001	8	1386	1375	8	19	5	4	8	3	32
011010000111010	101101100101000	7	0	0	6	13	5	5	10	4	128
011010000111011	110001101101001	8	0	0	6	11	4	6	11	4	32
011010000111110	011000101101011	8	39560	38390	8	30	7	5	5	2	32
011010000111111	110101101101001	9	1796990	1733005	9	22	5	5	11	3	32
011010001000011	010100101110000	6	778	708	6	27	8	4	6	3	576
011010001001011	101101100101000	7	0	0	7	27	7	5	11	4	128
011010001100010	010100101110000	6	743	567	3	8	5	2	4	3	576
011010001100011	101101100101000	7	32096	29730	7	14	5	6	10	3	128
011010001101010	101101100101000	7	639	581	6	13	5	5	10	4	128
011010001101011	011000101101011	8	0	0	8	30	7	5	5	2	32
011010010000001	000010011001001	5	585	509	5	23	9	5	10	4	3840
011010010000010	000010011001001	5	23	12	5	21	8	5	12	5	3840
011010010000011	000011001001011	6	132	116	6	19	7	3	3	2	1440
011010010001001	010100101110000	6	5967	5728	6	19	6	5	10	4	576
011010010001010	010100101110000	6	0	0	6	20	8	4	5	4	576
011010010001011	001000100101111	7	0	0	7	19	5	4	8	3	96
011010010100000	000010011001001	5	225	177	5	23	9	4	7	4	3840
011010010100001	001100101110000	6	1707	1565	6	16	5	4	9	4	384
011010010100010	001100101110000	6	1024	902	6	23	8	3	5	2	384
011010010100011	111000010101001	7	3069	2744	6	12	5	5	5	2	144
011010010101000	010100101110000	6	845	779	6	31	8	6	11	4	576
011010010101001	011001000001111	7	5327	5112	7	24	8	6	16	6	48
011010010101010	011001000001111	7	264	239	7	17	6	3	4	2	48
011010010101011	111000100011101	8	0	0	8	14	4	6	10	3	16
011010011000001	010100101110000	6	4880	4600	6	34	9	5	7	4	576
011010011000010	010100101110000	6	678	584	6	24	8	5	8	5	576
011010011000011	001000100101111	7	4766	4332	7	30	8	5	10	4	96
011010011001001	101101100101000	7	28881	28233	7	25	6	4	8	3	128
011010011001010	101101100101000	7	0	0	6	11	5	5	7	4	128
011010011001011	011001110110100	8	0	0	7	13	4	6	11	3	48
011010011100000	010100101110000	6	1572	1429	6	23	7	5	8	4	576
011010011100001	101101100101000	7	8365	7810	6	12	5	5	6	3	128
011010011100010	001001000101111	7	12425	11654	7	17	5	1	1	1	576
011010011100011	001001100101111	8	125328	118967	7	20	6	6	8	3	24
011010011101000	101101100101000	7	3429	3286	6	6	2	4	6	2	128
011010011101001	011000101101011	8	30316	29640	8	36	7	6	9	3	32
011010011101010	001001100101111	8	4183	4078	8	16	4	6	9	3	24
011010011101011	110010101101011	9	0	0	8	15	4	6	9	2	8
011010100000001	000010011001001	5	3174	2875	5	21	8	3	5	4	3840
011010100000011	010100101110000	6	227	200	6	30	8	5	8	4	576
011010100000100	000010011001001	5	136	93	5	17	8	3	5	3	3840
011010100000101	001100101110000	6	3812	3592	6	23	7	4	5	2	384
011010100000110	010100101110000	6	0	0	6	30	8	5	8	4	576
011010100000111	001001000101111	7	0	0	6	11	4	5	7	3	576
011010100001001	010100101110000	6	18853	17835	6	15	6	5	11	3	576
011010100001011	001001011101001	7	0	0	7	29	8	5	14	5	576
011010100001100	010100101110000	6	0	0	6	26	8	5	11	3	576
011010100001101	101101100101000	7	0	0	7	31	8	5	6	2	128
011010100001110	001001011101001	7	0	0	7	27	7	5	14	5	576
011010100001111	011101011001001	8	0	0	8	31	7	7	16	5	192
011010100010001	010100101110000	6	0	0	6	22	8	5	11	5	576
011010100010011	101101100101000	7	0	0	5	15	7	5	9	5	128
011010100010100	010100101110000	6	0	0	6	27	8	5	9	4	576
011010100010101	011001000001111	7	0	0	7	20	6	5	13	5	48
011010100010110	101101100101000	7	0	0	4	9	4	4	9	4	128
011010100010111	001001100101111	8	0	0	8	18	5	6	8	3	24
011010100011001	101101100101000	7	0	0	7	20	7	4	7	3	128
011010100011011	011000101101011	8	0	0	8	22	6	7	16	6	32
011010100011100	101101100101000	7	0	0	7	21	6	5	10	4	128
011010100011101	011000101101011	8	0	0	6	15	5	6	12	4	32
011010100011110	011000101101011	8	0	0	7	15	6	5	5	2	32
011010100011111	011011101101001	9	0	0	9	21	5	8	14	4	16
011010100100000	000010011001001	5	3316	3062	5	20	8	3	7	3	3840
011010100100001	001100101110000	6	11639	10694	5	8	3	3	4	2	384
011010100100010	010100101110000	6	1703	1498	6	23	8	4	10	5	576
011010100100011	011001000001111	7	7281	6773	7	19	6	5	7	3	48
011010100100100	001100101110000	6	9726	8909	5	8	3	3	4	2	384
011010100100101	111100000011100	7	99680	95184	6	10	4	2	2	1	192
011010100100110	011001000001111	7	0	0	7	19	6	5	7	3	48
011010100100111	011001000101111	8	0	0	8	17	4	6	9	3	32
011010100101000	010100101110000	6	20371	19432	6	27	9	6	15	7	576
011010100101001	011001000001111	7	54257	51811	6	21	7	5	8	3	48
011010100101010	001001011101001	7	886	814	6	14	5	6	10	4	576
011010100101011	111001000001111	8	0	0	3	4	2	3	4	2	32
011010100101100	011001000001111	7	0	0	6	21	7	5	8	3	48
011010100101101	110001101101001	8	0	0	8	18	4	8	18	4	32
011010100101110	111001000001111	8	0	0	3	4	2	3	4	2	32
011010100101111	110001011101011	9	0	0	9	23	5	7	11	3	16
011010100110000	010100101110000	6	0	0	6	18	7	5	12	4	576
011010100110001	011001000001111	7	0	0	7	22	6	5	12	5	48
011010100110010	101101100101000	7	0	0	7	22	6	5	12	4	128
011010100110011	111011000101001	8	0	0	8	26	6	2	2	1	96
011010100110100	101101100101000	7	0	0	7	13	6	3	3	1	128
011010100110101	110001101101001	8	0	0	8	18	4	8	18	4	32
011010100110110	011000101101011	8	0	0	5	9	3	4	6	2	32
011010100110111	111001100101101	9	0	0	8	16	4	5	10	3	8
011010100111000	101101100101000	7	0	0	4	9	4	4	7	3	128
011010100111001	110001101101001	8	0	0	8	12	5	7	9	3	32
011010100111010	011000101101011	8	0	0	7	20	6	5	8	3	32
011010100111011	111001100101101	9	0	0	7	16	4	6	9	3	8
011010100111100	011000101101011	8	0	0	7	19	5	6	11	3	32
011010100111101	110101101101001	9	0	0	9	13	5	7	8	2	32
011010100111110	111001100110110	9	0	0	8	22	5	3	3	1	96
011010100111111	111010111100011	10	25	0	8	11	3	4	4	1	8
011010101000001	010100101110000	6	16302	15427	6	20	8	5	9	4	576
011010101000011	101101100101000	7	2382	1962	5	17	7	4	9	4	128
011010101001001	101101100101000	7	85787	83378	7	23	7	5	10	4	128
011010101001011	011000101101011	8	0	0	5	5	2	5	5	2	32
011010101100000	010100101110000	6	17316	16483	6	18	7	5	12	4	576
011010101100001	101101100101000	7	90768	87756	7	13	6	3	3	1	128
011010101100010	101101100101000	7	10230	9641	7	22	6	5	12	4	128
011010101100011	011000101101011	8	51313	45462	5	9	3	4	6	2	32
011010101101000	101101100101000	7	25284	22617	4	9	4	4	7	3	128
011010101101001	011000101101011	8	734250	712328	7	19	5	6	11	3	32
011010101101010	011000101101011	8	5277	5123	7	20	6	5	8	3	32
011010101101011	111001100110110	9	0	0	8	22	5	3	3	1	96
011010110000000	000010011001001	5	582	508	5	18	7	4	7	5	3840
011010110000001	101010000110001	6	264	65	0	0	0	0	0	0	480
011010110000010	010100101110000	6	185	164	6	30	8	5	8	4	576
011010110000011	001000100101111	7	899	870	7	19	6	5	10	4	96
011010110001000	010100101110000	6	8258	7943	6	17	7	5	11	4	576
011010110001001	011001000001111	7	28642	28056	7	25	6	6	13	5	48
011010110001010	001001011101001	7	0	0	7	29	8	6	9	4	576
011010110001011	111001000001111	8	0	0	8	23	7	7	10	3	32
011010110100000	101010000110001	6	1016	835	4	5	2	4	5	2	480
011010110100001	010111011000001	7	2295	1716	3	3	1	3	3	1	96
011010110100010	011001000001111	7	7442	6912	7	27	7	5	7	3	48
011010110100011	111000100011101	8	18434	16888	6	10	3	5	10	3	16
011010110101000	001000100101111	7	1134	1050	6	10	4	5	7	3	96
011010110101001	111000100011101	8	23030	22091	7	10	3	0	0	0	16
011010110101010	111001000001111	8	4637	4535	8	18	5	3	4	2	32
011010110101011	011101110111000	9	0	0	7	11	3	5	7	2	24
011010111000000	010100101110000	6	4059	3810	6	21	8	6	10	5	576
011010111000001	001000100101111	7	20693	19945	7	19	5	3	3	1	96
011010111000010	101101100101000	7	6737	6216	7	24	7	5	8	4	128
011010111000011	011001110110100	8	25785	23456	6	9	3	4	5	2	48
011010111001000	101101100101000	7	32472	31809	7	22	7	4	6	3	128
011010111001001	001001100101111	8	347046	340215	8	24	6	3	3	1	24
011010111001010	011000101101011	8	0	0	8	15	4	7	16	5	32
011010111001011	110010101101011	9	0	0	9	20	5	7	11	3	8
011010111100000	001000100101111	7	5839	5403	6	17	5	2	2	1	96
011010111100001	011001110110100	8	43572	41430	7	18	5	3	3	1	48
011010111100010	001001100101111	8	50410	47253	7	18	5	2	2	1	24
011010111100011	110010101101011	9	2145138	2030640	6	9	3	3	3	1	8
011010111101000	011001110110100	8	2959	2750	5	9	3	4	6	2	48
011010111101001	110010101101011	9	363576	320612	7	10	3	3	3	1	8
011010111101010	110010101101011	9	19642	19425	8	21	6	6	9	3	8
011010111101011	010011111101011	10	3883	3680	7	12	3	4	4	1	24
011011000000001	000010011001001	5	1068	1041	5	24	10	1	1	2	3840
011011000000010	000010011001001	5	0	0	5	24	9	5	12	5	3840
011011000000011	001100101110000	6	0	0	6	25	7	4	6	3	384
011011000000100	000010011001001	5	0	0	5	24	9	5	10	4	3840
011011000000101	001100101110000	6	130	121	6	18	5	3	4	2	384
011011000000110	000011001001011	6	0	0	6	22	8	3	3	2	1440
011011000000111	111000010101001	7	535	520	6	13	5	3	3	1	144
011011000001001	010100101110000	6	3159	3115	6	17	7	2	3	2	576
011011000001010	010100101110000	6	0	0	6	24	9	4	5	4	576
011011000001011	001001000101111	7	0	0	7	28	8	0	0	0	576
011011000001100	010100101110000	6	874	774	6	26	8	5	10	4	576
011011000001101	101101100101000	7	20188	18994	7	32	8	4	5	2	128
011011000001110	001000100101111	7	4112	3787	6	14	5	4	8	3	96
011011000001111	001001100101111	8	80442	76705	7	16	5	5	6	2	24
011011000010001	010100101110000	6	0	0	6	30	9	5	11	4	576
011011000010010	010100101110000	6	0	0	6	24	8	5	8	5	576
011011000010011	011001000001111	7	0	0	7	18	6	4	6	2	48
011011000010100	010100101110000	6	0	0	6	29	8	5	7	4	576
011011000010101	011001000001111	7	445	435	7	20	5	4	7	3	48
011011000010110	001000100101111	7	0	0	6	18	6	5	10	4	96
011011000010111	111000100011101	8	6085	5325	6	14	4	6	13	4	16
011011000011001	101101100101000	7	0	0	7	17	6	6	10	4	128
011011000011010	101101100101000	7	0	0	6	11	5	5	7	4	128
011011000011011	001001100101111	8	2475	776	8	19	5	6	13	4	24
011011000011100	101101100101000	7	11193	10492	7	20	5	4	8	3	128
011011000011101	011000101101011	8	24016	18856	3	3	1	3	3	1	32
011011000011110	011001110110100	8	41098	37479	7	12	4	6	11	3	48
011011000011111	110010101101011	9	1366082	1303782	8	16	4	6	12	3	8
011011000100000	000010011001001	5	1218	1187	5	28	10	4	7	4	3840
011011000100001	001100101110000	6	3776	3723	6	17	5	4	5	2	384
011011000100010	001100101110000	6	76	52	6	23	8	3	5	2	384
011011000100011	111100000011100	7	0	0	7	22	6	5	8	3	192
011011000100100	001100101110000	6	0	0	6	16	5	4	9	4	384
011011000100101	111100000011100	7	301	291	6	14	4	4	5	2	192
011011000100110	111000010101001	7	0	0	6	12	5	5	5	2	144
011011000100111	111000100111001	8	2133	2117	8	16	4	4	4	1	64
011011000101000	010100101110000	6	3292	3247	6	29	9	6	11	4	576
011011000101001	011001000001111	7	22908	22473	7	24	8	3	4	2	48
011011000101010	011001000001111	7	331	302	7	17	6	3	4	2	48
011011000101011	011001000101111	8	0	0	6	8	2	0	0	0	32
011011000101100	011001000001111	7	3748	3489	7	24	8	6	16	6	48
011011000101101	110001101101001	8	82242	79603	8	15	5	4	6	2	32
011011000101110	111000100011101	8	22358	21576	8	16	5	6	10	3	16
011011000101111	111001100111001	9	7087865	6975726	9	19	4	4	4	1	8
011011000110000	010100101110000	6	0	0	6	23	7	5	8	4	576
011011000110001	011001000001111	7	0	0	7	22	7	4	7	3	48
011011000110010	001001000101111	7	0	0	7	17	5	1	1	1	576
011011000110011	011001000101111	8	0	0	5	7	2	1	1	1	32
011011000110100	101101100101000	7	0	0	6	12	5	5	6	3	128
011011000110101	110001101101001	8	1264	1253	8	14	5	8	14	5	32
011011000110110	001001100101111	8	4	0	7	20	6	6	8	3	24
011011000110111	111001100111001	9	637960	535089	6	6	2	6	6	2	8
011011000111000	101101100101000	7	0	0	6	6	2	4	6	2	128
011011000111001	110001101101001	8	0	0	8	18	5	7	13	4	32
011011000111010	001001100101111	8	0	0	8	16	4	6	9	3	24
011011000111011	111001100111001	9	4370457	4179968	7	11	3	7	11	3	8
011011000111100	011000101101011	8	39362	38116	8	36	7	6	9	3	32
011011000111101	110101101101001	9	1318167	1251114	8	15	4	5	8	2	32
011011000111110	110010101101011	9	2223934	2095518	8	15	4	6	9	2	8
011011000111111	011011000111111	10	0	0	0	0	0	0	0	0	32
011011001000001	010100101110000	6	3777	3723	6	29	9	2	5	3	576
011011001000010	010100101110000	6	0	0	6	28	8	4	11	5	576
011011001000011	011001000001111	7	1234	1174	7	24	7	6	12	5	48
011011001001001	101101100101000	7	13853	13749	7	19	6	6	11	4	128
011011001001010	101101100101000	7	0	0	7	14	5	7	10	4	128
011011001001011	001001100101111	8	0	0	8	15	4	5	8	2	24
011011001100000	010100101110000	6	2949	2908	6	23	7	5	9	3	576
011011001100001	101101100101000	7	9366	9297	7	21	6	5	10	3	128
011011001100010	011001000001111	7	772	707	7	18	5	6	11	5	48
011011001100011	110001101101001	8	3763	3677	8	23	6	7	11	3	32
011011001101000	101101100101000	7	8277	8217	7	9	3	5	5	2	128
011011001101001	011000101101011	8	89305	88427	8	28	7	7	16	5	32
011011001101010	111011000101001	8	3912	3811	8	18	5	4	6	2	96
011011001101011	111001100101101	9	0	0	9	24	6	7	13	3	8
011011010000001	001100101110000	6	2242	2089	6	21	7	3	4	2	384
011011010000010	001100101110000	6	56	23	4	12	6	4	8	4	384
011011010000011	111000010101001	7	0	0	7	16	5	4	6	2	144
011011010001001	101101100101000	7	5378	4983	6	22	7	4	7	3	128
011011010001010	101101100101000	7	456	415	7	19	7	5	12	5	128
011011010001011	001001100101111	8	0	0	8	21	5	4	8	3	24
011011010100000	001100101110000	6	1029	947	6	20	7	3	6	4	384
011011010100001	111000010101001	7	10595	10095	7	14	4	3	5	2	144
011011010100010	111100000011100	7	541	464	5	11	4	5	7	3	192
011011010100011	111000100111001	8	0	0	7	14	4	5	7	2	64
011011010101000	101101100101000	7	2870	2745	6	15	6	4	6	3	128
011011010101001	001001100101111	8	35300	34127	8	21	5	5	5	2	24
011011010101010	110001101101001	8	3528	3442	8	19	7	8	16	5	32
011011010101011	111001100111001	9	0	0	6	7	2	6	7	2	8
011011011000001	011001000001111	7	8602	8080	6	13	4	4	6	3	48
011011011000010	011001000001111	7	538	483	7	16	6	6	9	3	48
011011011000011	111000100011101	8	0	0	8	20	5	7	12	4	16
011011011001001	011000101101011	8	49457	47857	8	23	5	8	16	5	32
011011011001010	011000101101011	8	2802	2737	8	21	6	6	12	5	32
011011011001011	110010101101011	9	0	0	8	17	4	8	17	4	8
011011011100000	011001000001111	7	3844	3663	6	14	5	6	12	4	48
011011011100001	001001100101111	8	35907	34339	7	16	5	5	7	3	24
011011011100010	011001000101111	8	4591	4468	8	19	5	7	11	3	32
011011011100011	111001100111001	9	0	0	9	17	4	6	11	3	8
011011011101000	011000101101011	8	8580	8307	6	17	6	6	15	6	32
011011011101001	011011101101001	9	217287	194370	4	7	2	3	4	2	16
011011011101010	111001100101101	9	16597	16401	8	20	5	6	8	3	8
011011011101011	110110111101001	10	1326	1214	8	13	3	8	13	3	4
011011100000000	000010011001001	5	3608	3304	5	23	9	4	7	5	3840
011011100000001	010100101110000	6	13985	13160	6	23	7	5	12	4	576
011011100000010	010100101110000	6	0	0	6	25	8	5	8	4	576
011011100000011	101101100101000	7	0	0	7	24	7	5	10	4	128
011011100000100	101010000110001	6	0	0	5	13	5	0	0	0	480
011011100000101	011001000001111	7	0	0	7	14	5	5	13	5	48
011011100000110	001000100101111	7	0	0	7	19	6	5	10	4	96
011011100000111	001001100101111	8	0	0	8	22	6	6	8	3	24
011011100001000	010100101110000	6	19875	18957	6	21	8	5	11	4	576
011011100001001	001001011101001	7	77575	75251	7	22	8	5	8	3	576
011011100001010	001001011101001	7	0	0	7	16	6	6	9	4	576
011011100001011	011101011001001	8	0	0	7	23	7	7	13	5	192
011011100001100	011001000001111	7	0	0	7	21	7	6	13	5	48
011011100001101	011000101101011	8	0	0	8	23	6	6	12	4	32
011011100001110	111001000001111	8	0	0	8	16	6	7	10	3	32
011011100001111	011011101101001	9	0	0	9	24	6	8	14	4	16
011011100010000	010100101110000	6	0	0	6	21	8	6	10	5	576
011011100010001	001001011101001	7	0	0	7	15	6	5	8	3	576
011011100010010	101101100101000	7	0	0	7	24	7	5	8	4	128
011011100010011	011000101101011	8	0	0	8	26	7	7	13	5	32
011011100010100	001000100101111	7	0	0	7	19	5	3	3	1	96
011011100010101	111001000001111	8	0	0	8	21	7	7	14	5	32
011011100010110	011001110110100	8	0	0	6	9	3	4	5	2	48
011011100010111	110010101101011	9	0	0	9	15	4	9	15	4	8
011011100011000	101101100101000	7	0	0	7	17	6	4	6	3	128
011011100011001	011101011001001	8	0	0	7	17	6	7	13	4	192
011011100011010	011000101101011	8	0	0	8	15	4	7	16	5	32
011011100011011	011011101101001	9	0	0	8	23	6	7	11	4	16
011011100011100	001001100101111	8	0	0	8	26	6	3	3	1	24
011011100011101	011011101101001	9	0	0	9	20	5	8	17	4	16
011011100011110	110010101101011	9	0	0	9	20	5	7	11	3	8
011011100011111	011011111101001	10	31	0	8	17	4	8	17	4	20
011011100100000	101010000110001	6	9760	9056	5	15	6	4	5	2	480
011011100100001	011001000001111	7	56967	55175	7	15	6	6	11	4	48
011011100100010	011001000001111	7	1563	1451	7	27	7	5	7	3	48
011011100100011	110001101101001	8	1657	1597	7	13	4	6	9	3	32
011011100100100	010111011000001	7	0	0	6	10	3	3	3	1	96
011011100100101	011001000101111	8	0	0	8	17	5	6	11	3	32
011011100100110	111000100011101	8	0	0	6	10	3	5	10	3	16
011011100100111	111001100111001	9	0	0	8	12	3	8	12	3	8
011011100101000	001000100101111	7	56114	53958	6	10	4	5	7	3	96
011011100101001	111001000001111	8	288143	257317	6	8	3	3	4	2	32
011011100101010	111001000001111	8	5263	5145	8	18	5	3	4	2	32
011011100101011	110001011101011	9	0	0	4	4	1	4	4	1	16
011011100101100	111000100011101	8	0	0	8	14	4	0	0	0	16
011011100101101	111001100101101	9	0	0	5	7	2	4	4	1	8
011011100101110	011101110111000	9	0	0	7	11	3	5	7	2	24
011011100101111	110110111101001	10	110	0	9	13	3	9	13	3	4
011011100110000	001000100101111	7	0	0	6	17	5	2	2	1	96
011011100110001	111001000001111	8	0	0	8	28	7	5	7	3	32
011011100110010	001001100101111	8	0	0	7	18	5	2	2	1	24
011011100110011	111001100101101	9	0	0	8	17	4	6	9	3	8
011011100110100	011001110110100	8	0	0	6	13	3	3	3	1	48
011011100110101	110001011101011	9	0	0	8	15	4	8	15	4	16
011011100110110	110010101101011	9	0	0	6	9	3	3	3	1	8
011011100110111	110110111101001	10	36	0	8	12	3	8	12	3	4
011011100111000	011001110110100	8	0	0	5	6	2	4	6	2	48
011011100111001	110001011101011	9	0	0	9	24	5	6	8	2	16
011011100111010	110010101101011	9	0	0	8	21	6	6	9	3	8
011011100111011	110110111101001	10	11	0	10	20	4	10	20	4	4
011011100111100	110010101101011	9	0	0	5	9	3	3	3	1	8
011011100111101	111010111100011	10	179	0	8	16	4	7	7	2	8
011011100111110	010011111101011	10	51	0	7	12	3	4	4	1	24
011011100111111	111001100111111	11	51099	41786	7	7	2	4	4	1	8
011011101000000	010100101110000	6	21754	20595	6	21	8	6	12	5	576
011011101000001	001001011101001	7	88053	85267	7	29	7	5	7	3	576
011011101000010	101101100101000	7	0	0	6	12	6	5	9	5	128
011011101000011	011000101101011	8	3805	3724	8	27	7	5	8	2	32
011011101001000	101101100101000	7	101642	98758	7	21	6	5	9	4	128
011011101001001	011101011001001	8	53905	38009	2	2	1	2	2	1	192
011011101001010	011000101101011	8	0	0	7	20	6	5	8	4	32
011011101001011	011011101101001	9	0	0	8	13	3	6	10	3	16
011011101100000	011001000001111	7	92533	89877	7	23	6	7	13	5	48
011011101100001	011000101101011	8	244116	226801	6	17	5	5	9	3	32
011011101100010	110001101101001	8	2318	2099	4	6	2	4	6	2	32
011011101100011	110101101101001	9	40668	40372	8	22	5	7	16	4	32
011011101101000	001001100101111	8	1972626	1936779	8	17	5	6	8	3	24
011011101101001	011011101101001	9	6416	1596	0	0	0	0	0	0	16
011011101101010	111001100101101	9	25870	25547	8	20	5	4	6	2	8
011011101101011	111010111100011	10	2710	2620	8	18	4	6	9	2	8
011011110000000	001100101110000	6	79	46	4	9	4	4	8	3	384
011011110000001	011001000001111	7	16400	15279	7	23	7	6	11	4	48
011011110000010	001001000101111	7	551	496	7	20	7	5	7	3	576
011011110000011	001001100101111	8	0	0	8	19	5	6	11	4	24
011011110001000	101101100101000	7	13628	13057	7	18	7	5	6	2	128
011011110001001	011000101101011	8	57494	53824	6	14	5	6	12	4	32
011011110001010	011101011001001	8	2560	2500	8	19	6	8	14	4	192
011011110001011	011011101101001	9	0	0	8	25	6	8	14	4	16
011011110100000	010111011000001	7	1050	932	5	5	2	4	9	3	96
011011110100001	111000100011101	8	20531	17307	4	6	2	4	4	1	16
011011110100010	011001000101111	8	3591	3440	6	9	3	6	9	3	32
011011110100011	111001100111001	9	0	0	5	7	2	5	7	2	8
011011110101000	011001110110100	8	37872	37073	7	18	5	5	8	2	48
011011110101001	110010101101011	9	488088	449465	5	9	3	4	6	2	8
011011110101010	110001011101011	9	8371	8151	6	9	3	6	9	3	16
011011110101011	110110111101001	10	13023	12888	9	17	3	9	17	3	4
011011111000000	011001000001111	7	639	586	7	22	7	6	13	4	48
011011111000001	111001000001111	8	91864	88780	8	24	6	5	7	3	32
011011111000010	001001100101111	8	2954	2879	8	25	5	7	13	4	24
011011111000011	110010101101011	9	0	0	7	11	3	7	11	3	8
011011111001000	011000101101011	8	23986	23140	6	15	5	6	15	5	32
011011111001001	011011101101001	9	1052329	1023997	8	16	4	4	5	2	16
011011111001010	011011101101001	9	12878	12787	9	29	6	9	16	4	16
011011111001011	011011111101001	10	11308	11199	10	19	4	9	14	3	20
011011111100000	111000100011101	8	6630	6435	7	12	4	4	6	2	16
011011111100001	110010101101011	9	173447	135249	3	3	1	3	3	1	8
011011111100010	111001100111001	9	33046	32787	9	19	4	5	7	2	8
011011111100011	011011000111111	10	8585	8463	9	23	5	8	13	3	32
011011111101000	110010101101011	9	647282	600969	7	16	5	5	9	3	8
011011111101001	011011111101001	10	0	0	0	0	0	0	0	0	20
011011111101010	110110111101001	10	3735118	3710923	10	21	4	10	21	4	4
011011111101011	111001100111111	11	15030	14419	6	9	2	6	9	2	8
011100010000100	000010011001001	5	1682	1481	5	23	8	4	6	3	3840
011100010001000	000010011001001	5	507	494	5	26	9	5	10	3	3840
011100010001001	010100101110000	6	2537	2501	6	18	6	5	11	4	576
011100010001100	001100101110000	6	2012	1601	3	3	1	3	3	1	384
011100010010000	000010011001001	5	5030	4436	5	24	9	4	8	4	3840
011100010010100	001100101110000	6	2298	1851	3	7	3	3	7	3	384
011100010011000	001100101110000	6	17446	14163	3	8	3	3	5	3	384
011100010011100	111100000011100	7	61575	58729	7	12	4	5	5	1	192
011100010100100	010100101110000	6	3005	2522	6	21	8	5	8	4	576
011100010101000	010100101110000	6	19475	18290	6	26	8	5	13	7	576
011100010101001	101101100101000	7	18062	17453	7	20	7	5	10	4	128
011100010101100	011001000001111	7	15455	14394	7	25	8	5	8	4	48
011100010110000	010100101110000	6	30505	28742	6	21	7	5	12	5	576
011100010110100	101101100101000	7	13544	12540	7	17	6	4	7	2	128
011100010111000	011001000001111	7	325993	315087	7	27	7	6	15	5	48
011100010111100	110001101101001	8	24668	23283	8	21	5	7	17	4	32
011100011000100	010100101110000	6	2179	1938	6	23	8	5	13	6	576
011100011001000	010100101110000	6	1463	1444	6	24	8	5	14	5	576
011100011001001	101101100101000	7	59234	58583	7	23	7	6	13	5	128
011100011001100	011001000001111	7	9075	8446	7	22	7	5	14	6	48
011100011010000	010100101110000	6	1226	970	6	20	7	5	14	5	576
011100011010100	011001000001111	7	19351	17896	7	24	7	5	11	5	48
011100011011000	101101100101000	7	9624	8877	7	13	6	4	6	2	128
011100011011100	110001101101001	8	50309	47549	8	21	5	8	20	4	32
011100011100100	101101100101000	7	5723	5086	6	15	7	5	8	4	128
011100011101000	101101100101000	7	3334	2981	4	8	4	4	8	4	128
011100011101001	011100111100001	8	132533	130862	8	21	6	6	7	2	384
011100011101100	110001101101001	8	33483	31749	8	16	5	7	12	4	32
011100011110000	101101100101000	7	6516	5960	7	26	7	6	12	5	128
011100011110100	011000101101011	8	43510	40069	6	10	4	6	10	4	32
011100011111000	011000101101011	8	43634	41855	8	15	4	6	12	5	32
011100011111100	110101101101001	9	1429175	1387941	9	16	5	5	8	2	32
011100100000100	000010011001001	5	25	2	5	20	8	3	3	2	3840
011100100001000	000010011001001	5	365	358	5	18	8	4	8	5	3840
011100100001001	010100101110000	6	1170	1156	6	16	6	5	10	3	576
011100100001100	001100101110000	6	325	251	6	13	5	4	6	2	384
011100100010000	000010011001001	5	5082	4481	5	20	8	4	6	3	3840
011100100010100	001100101110000	6	221	164	6	15	5	4	6	2	384
011100100011000	001100101110000	6	20334	19079	6	15	5	4	6	3	384
011100100011100	111100000011100	7	876	785	5	11	4	3	3	1	192
011100100100100	010100101110000	6	299	226	6	28	9	5	8	3	576
011100100101000	010100101110000	6	826	816	6	33	9	5	12	4	576
011100100101001	101101100101000	7	40225	39789	7	20	6	3	5	2	128
011100100101100	011001000001111	7	1438	1333	6	22	8	5	9	3	48
011100100110000	010100101110000	6	29581	27849	6	20	7	5	9	3	576
011100100110100	101101100101000	7	1407	1317	7	17	6	5	9	3	128
011100100111000	011001000001111	7	73429	70093	6	11	4	5	11	4	48
011100100111100	110001101101001	8	6820	6705	8	14	4	7	8	2	32
011100101000100	010100101110000	6	540	501	6	29	9	5	11	4	576
011100101001000	010100101110000	6	2131	1984	6	30	9	5	7	3	576
011100101001001	101101100101000	7	7323	7109	7	22	6	6	8	3	128
011100101001100	011001000001111	7	2467	2405	7	20	6	4	7	3	48
011100101010000	010100101110000	6	0	0	6	20	7	5	7	3	576
011100101010100	011001000001111	7	1456	1375	7	20	6	4	7	3	48
011100101011000	101101100101000	7	0	0	6	12	5	5	7	3	128
011100101011100	110001101101001	8	7282	7159	8	12	4	8	12	4	32
011100101100100	101101100101000	7	2136	2061	6	9	4	4	6	3	128
011100101101000	101101100101000	7	200	88	0	0	0	0	0	0	128
011100101101001	011100111100001	8	39794	39247	8	12	4	6	13	4	384
011100101101100	110001101101001	8	12747	12630	8	18	5	7	14	3	32
011100101110000	101101100101000	7	0	0	7	15	4	6	9	3	128
011100101110100	011000101101011	8	3517	3385	6	15	5	4	9	3	32
011100101111000	011000101101011	8	0	0	6	13	5	4	8	3	32
011100101111100	110101101101001	9	28841	28642	9	19	4	8	9	2	32
011100110000000	000010011001001	5	634	617	5	17	7	4	7	4	3840
011100110000001	010100101110000	6	1313	1295	6	17	7	5	11	4	576
011100110000100	010100101110000	6	199	144	6	23	7	5	11	4	576
011100110001000	101010000110001	6	17329	16479	6	11	5	3	3	1	480
011100110001001	011001000001111	7	17779	17269	7	21	6	5	14	4	48
011100110001100	011001000001111	7	1090	1001	6	13	6	4	7	3	48
011100110010000	101010000110001	6	27035	25449	6	15	6	5	5	2	480
011100110010100	011001000001111	7	764	694	6	16	6	6	11	4	48
011100110011000	010111011000001	7	252426	244270	7	10	3	3	3	1	96
011100110011100	011001000101111	8	4292	4162	7	15	5	5	9	3	32
011100110100000	010100101110000	6	1386	1367	6	21	8	6	12	5	576
011100110100001	101101100101000	7	310762	307268	7	22	6	6	12	5	128
011100110100100	001001011101001	7	1292	1205	7	29	7	5	7	3	576
011100110101000	001000100101111	7	71259	67684	6	11	4	5	7	3	96
011100110101001	001001100101111	8	52379	51348	7	10	3	5	9	3	24
011100110101100	111001000001111	8	3253	3141	6	11	4	5	8	3	32
011100110110000	011001000001111	7	153943	149448	7	26	7	6	14	5	48
011100110110100	011000101101011	8	5618	5504	8	21	6	7	14	4	32
011100110111000	111000100011101	8	2911139	2814743	7	18	5	5	6	2	16
011100110111100	111001100101101	9	21531	20501	7	8	2	7	8	2	8
011100111000000	010100101110000	6	871	860	6	21	8	6	10	5	576
011100111000001	101101100101000	7	226501	223894	7	18	6	5	9	4	128
011100111000100	001001011101001	7	1541	1502	7	15	6	5	9	4	576
011100111001000	001000100101111	7	11509	11151	7	19	5	5	6	2	96
011100111001001	001001100101111	8	758915	746137	8	24	6	5	6	2	24
011100111001100	111001000001111	8	4429	4367	7	23	7	6	12	5	32
011100111010000	001000100101111	7	0	0	6	19	6	4	7	3	96
011100111010100	111001000001111	8	3526	3440	7	26	7	6	11	4	32
011100111011000	011001110110100	8	0	0	7	16	4	4	6	2	48
011100111011100	110001011101011	9	10994	10799	7	13	4	7	13	4	16
011100111100000	101101100101000	7	303888	301131	7	11	4	5	9	4	128
011100111100001	011100111100001	8	1989	864	0	0	0	0	0	0	384
011100111100100	011101011001001	8	5227	5152	7	18	5	6	12	4	192
011100111101000	011001110110100	8	11763	11180	5	7	2	5	7	2	48
011100111101001	101011111001010	9	742819	721935	7	11	3	6	8	3	48
011100111101100	110001011101011	9	864895	851390	8	24	5	8	21	5	16
011100111110000	001001100101111	8	1534	1490	8	26	7	5	7	3	24
011100111110100	011011101101001	9	15589	15433	8	23	5	7	16	5	16
011100111111000	110010101101011	9	1780	1736	6	10	3	6	10	3	8
011100111111100	111010111100011	10	552579	502587	7	13	4	7	11	3	8
011101000000100	000010011001001	5	1949	1719	5	31	10	5	7	4	3840
011101000001000	000010011001001	5	269	263	5	27	10	2	2	2	3840
011101000001001	010100101110000	6	1483	1462	6	16	7	2	2	1	576
011101000001100	001100101110000	6	11433	10746	6	16	5	3	5	2	384
011101000010000	000010011001001	5	4059	3568	5	29	10	5	8	5	3840
011101000010100	001100101110000	6	9326	8863	6	17	5	5	9	3	384
011101000011000	001100101110000	6	17427	16459	6	18	5	3	5	2	384
011101000011100	111100000011100	7	31616	29350	5	12	4	4	6	2	192
011101000100100	010100101110000	6	302	226	6	32	9	5	8	4	576
011101000101000	010100101110000	6	2609	2571	6	31	9	5	12	5	576
011101000101001	101101100101000	7	7381	7326	7	18	6	7	11	4	128
011101000101100	011001000001111	7	1961	1840	7	13	5	5	8	4	48
011101000110000	010100101110000	6	23684	22335	6	22	7	5	8	4	576
011101000110100	101101100101000	7	1203	1108	6	13	5	5	8	4	128
011101000111000	011001000001111	7	87048	84474	7	25	7	5	8	4	48
011101000111100	110001101101001	8	7463	7328	8	14	5	7	12	4	32
011101001000100	010100101110000	6	579	537	6	36	9	5	13	5	576
011101001001000	010100101110000	6	922	910	6	31	9	2	4	3	576
011101001001001	101101100101000	7	45424	44924	7	20	6	7	12	4	128
011101001001100	011001000001111	7	1948	1884	6	13	4	4	6	3	48
011101001010000	010100101110000	6	0	0	6	23	7	5	10	4	576
011101001010100	011001000001111	7	1228	1138	6	14	5	6	12	5	48
011101001011000	101101100101000	7	0	0	7	20	6	5	10	3	128
011101001011100	110001101101001	8	7507	7377	8	16	5	4	6	2	32
011101001100100	101101100101000	7	1493	1442	6	18	7	4	7	2	128
011101001101000	101101100101000	7	3439	3389	6	11	4	6	11	4	128
011101001101001	011100111100001	8	56247	55920	8	25	7	6	14	4	384
011101001101100	110001101101001	8	8731	8654	8	23	5	7	17	4	32
011101001110000	101101100101000	7	0	0	7	23	7	5	8	3	128
011101001110100	011000101101011	8	3378	3262	6	12	5	6	10	4	32
011101001111000	011000101101011	8	0	0	7	17	5	5	6	3	32
011101001111100	110101101101001	9	28209	28038	9	22	4	5	8	2	32
011101010000000	000010011001001	5	386	377	5	24	9	5	8	6	3840
011101010000001	010100101110000	6	2580	2543	6	22	8	4	8	3	576
011101010000100	101010000110001	6	5537	5114	5	14	5	2	2	1	480
011101010001000	010100101110000	6	892	881	6	25	8	5	14	5	576
011101010001001	001001011101001	7	23742	23300	7	21	8	5	9	4	576
011101010001100	011001000001111	7	34158	32746	6	15	5	6	11	4	48
011101010010000	101010000110001	6	23050	21657	6	18	6	3	4	2	480
011101010010100	010111011000001	7	82147	80369	7	13	3	0	0	0	96
011101010011000	011001000001111	7	123192	116872	6	18	6	6	13	4	48
011101010011100	011001000101111	8	760175	741341	7	19	5	6	10	3	32
011101010100000	010100101110000	6	18259	17114	6	23	8	5	10	6	576
011101010100001	101101100101000	7	1186	1115	7	20	6	5	9	4	128
011101010100100	001000100101111	7	1335	1246	7	17	5	4	5	2	96
011101010101000	001001011101001	7	76919	74432	7	15	6	5	13	5	576
011101010101001	011101011001001	8	4061	3931	6	20	6	6	20	6	192
011101010101100	111001000001111	8	4969	4840	7	19	6	7	13	5	32
011101010110000	001000100101111	7	130358	126701	7	22	6	4	4	2	96
011101010110100	011001110110100	8	3729	3628	7	16	4	5	6	2	48
011101010111000	111001000001111	8	3038921	2952481	7	27	7	7	12	4	32
011101010111100	110001011101011	9	11974	11761	7	13	4	7	13	4	16
011101011000000	010100101110000	6	1363	1346	6	24	8	6	10	5	576
011101011000001	101101100101000	7	58371	57727	7	24	6	6	14	5	128
011101011000100	001000100101111	7	1702	1659	7	9	4	5	7	3	96
011101011001000	001001011101001	7	48925	48414	7	32	7	5	8	4	576
011101011001001	011101011001001	8	269	169	0	0	0	0	0	0	192
011101011001100	111001000001111	8	4253	4097	5	9	4	4	6	3	32
011101011010000	011001000001111	7	351	294	7	25	7	6	13	5	48
011101011010100	111000100011101	8	5582	5474	8	22	5	4	6	2	16
011101011011000	011000101101011	8	1742	1652	6	21	6	6	10	4	32
011101011011100	111001100101101	9	9154	7924	4	7	2	4	7	2	8
011101011100000	101101100101000	7	607	558	7	17	7	5	9	4	128
011101011100001	011100111100001	8	2378	2295	6	19	6	5	5	1	384
011101011100100	011001110110100	8	3736	3684	7	14	4	5	6	2	48
011101011101000	011101011001001	8	3130	3041	7	18	5	7	12	3	192
011101011101001	101011011101001	9	1378	1228	3	3	1	3	3	1	576
011101011101100	110001011101011	9	269657	230554	7	13	4	7	13	4	16
011101011110000	001001100101111	8	2632	2536	8	30	7	4	4	2	24
011101011110100	110010101101011	9	5909	5768	6	10	3	6	10	3	8
011101011111000	011011101101001	9	12584	12447	9	29	5	8	16	4	16
011101011111100	111010111100011	10	2200300	2114100	9	19	4	7	10	3	8
011101100000100	001100101110000	6	248	188	6	20	7	4	6	2	384
011101100001000	001100101110000	6	5644	5316	6	20	7	4	6	2	384
011101100001001	101101100101000	7	1061	1034	7	24	7	6	8	3	128
011101100001100	111100000011100	7	1369	1265	6	10	4	3	3	1	192
011101100010000	001100101110000	6	21161	19836	6	22	7	4	8	4	384
011101100010100	111000010101001	7	745	669	5	6	2	5	6	2	144
011101100011000	111000010101001	7	58724	55981	6	13	4	3	5	2	144
011101100011100	111000100111001	8	3298	3182	6	7	2	5	7	2	64
011101100100100	011001000001111	7	1527	1438	7	29	8	5	10	3	48
011101100101000	011001000001111	7	29153	28193	7	15	4	6	10	3	48
011101100101001	011000101101011	8	2078	2050	7	13	4	4	6	2	32
011101100101100	011001000101111	8	7698	7567	8	17	5	6	11	3	32
011101100110000	011001000001111	7	122408	118941	7	29	8	5	11	4	48
011101100110100	001001100101111	8	5741	5642	8	18	5	6	9	3	24
011101100111000	111000100011101	8	2937206	2812223	7	13	4	5	7	2	16
011101100111100	111001100111001	9	10940	10661	7	8	2	7	8	2	8
011101101000100	011001000001111	7	2258	2203	7	25	7	6	11	4	48
011101101001000	011001000001111	7	828	804	7	16	4	5	7	3	48
011101101001001	011000101101011	8	3495	3462	8	18	5	8	18	5	32
011101101001100	011001000101111	8	6259	6177	7	15	4	5	9	3	32
011101101010000	011001000001111	7	0	0	7	17	5	7	14	5	48
011101101010100	111000100011101	8	6273	6165	8	20	5	5	6	2	16
011101101011000	001001100101111	8	0	0	7	16	5	6	8	3	24
011101101011100	111001100111001	9	26307	26144	9	16	4	5	8	2	8
011101101100100	110001101101001	8	11558	11454	8	24	6	8	22	5	32
011101101101000	110001101101001	8	2573	2548	8	24	6	8	22	5	32
011101101101001	011111001101001	9	92158	91529	8	17	4	4	7	2	32
011101101101100	111101010011100	9	1024080	959638	7	10	2	3	3	1	64
011101101110000	110001101101001	8	0	0	8	20	6	6	8	2	32
011101101110100	111001100101101	9	7599	7399	6	9	2	6	7	2	8
011101101111000	111001100101101	9	0	0	6	7	2	6	7	2	8
011101101111100	111100011111100	10	2478924	2314608	8	8	1	0	0	0	16
011101110000000	001100101110000	6	14021	12137	4	10	4	4	8	3	384
011101110000001	101101100101000	7	1003	938	7	20	7	5	7	2	128
011101110000100	011001000001111	7	962	892	6	14	4	4	7	3	48
011101110001000	011001000001111	7	137666	133240	7	27	8	6	11	4	48
011101110001001	011000101101011	8	4739	4588	6	13	5	6	9	3	32
011101110001100	110001101101001	8	5905	5796	8	12	4	8	12	4	32
011101110010000	010111011000001	7	50178	44996	4	5	2	4	5	2	96
011101110010100	111000100011101	8	1701	1603	5	6	2	5	6	2	16
011101110011000	111000100011101	8	683869	558715	4	6	2	3	5	2	16
011101110011100	111001100111001	9	4830	4600	5	8	2	5	8	2	8
011101110100000	011001000001111	7	163010	158114	7	28	8	6	9	4	48
011101110100001	011000101101011	8	5277	5180	8	17	5	7	20	6	32
011101110100100	111001000001111	8	6025	5903	8	24	6	5	8	3	32
011101110101000	111001000001111	8	5235266	5127333	8	21	6	6	9	4	32
011101110101001	011011101101001	9	28207	26990	7	13	4	7	13	4	16
011101110101100	110001011101011	9	840038	818720	8	19	4	8	17	4	16
011101110110000	111000100011101	8	2545165	2380010	7	13	4	6	11	3	16
011101110110100	110010101101011	9	10122	9876	7	8	2	7	8	2	8
011101110111000	011101110111000	9	265	195	0	0	0	0	0	0	24
011101110111100	110110111101001	10	447373	376123	5	5	1	5	5	1	4
011101111000000	011001000001111	7	644	598	7	26	7	6	17	5	48
011101111000001	011000101101011	8	2258	2177	6	14	5	6	14	5	32
011101111000100	111001000001111	8	6164	6107	8	25	7	6	11	4	32
011101111001000	111001000001111	8	4662	4561	8	22	6	5	7	3	32
011101111001001	011011101101001	9	30811	30641	9	15	4	3	5	2	16
011101111001100	110001011101011	9	1724227	1677331	9	25	5	7	13	4	16
011101111010000	111000100011101	8	1606	1530	6	11	4	4	6	2	16
011101111010100	011101110111000	9	3410	3270	5	5	1	5	5	1	24
011101111011000	110010101101011	9	3042	2911	5	6	2	5	6	2	8
011101111011100	110110111101001	10	2194681	2052025	8	8	1	8	8	1	4
011101111100000	110001101101001	8	2938	2872	8	17	6	8	16	5	32
011101111100001	011111001101001	9	18210	18098	9	17	4	8	19	5	32
011101111100100	110001011101011	9	305738	290033	8	18	4	8	13	3	16
011101111101000	110001011101011	9	505880	474995	8	17	4	5	7	2	16
011101111101001	111011011101001	10	104190	103406	9	15	4	3	3	1	16
011101111101100	011101111101100	10	632	271	0	0	0	0	0	0	64
011101111110000	111001100111001	9	11569	11028	6	9	2	6	9	2	8
011101111110100	110110111101001	10	687515	598175	6	9	2	6	9	2	4
011101111111000	110110111101001	10	1191720	1069362	8	9	2	8	9	2	4
011101111111100	011101111111100	11	0	0	0	0	0	0	0	0	8
011110010000000	000010011001001	5	542	437	5	20	9	5	8	4	3840
011110010000001	010100101110000	6	1771	1627	6	27	8	5	9	3	576
011110010001000	010100101110000	6	6333	6089	6	17	7	4	4	2	576
011110010001001	101101100101000	7	19969	19529	7	13	5	3	3	1	128
011110010100000	010100101110000	6	0	0	6	27	8	5	8	3	576
011110010100001	101101100101000	7	0	0	6	23	7	6	12	5	128
011110010101000	001001011101001	7	0	0	7	26	8	6	8	3	576
011110010101001	011000101101011	8	0	0	8	22	6	7	15	5	32
011110011000000	010100101110000	6	5651	5253	6	29	8	5	6	3	576
011110011000001	101101100101000	7	11144	10632	6	20	7	5	10	4	128
011110011001000	101101100101000	7	28254	27670	7	21	7	3	5	3	128
011110011001001	111100100101001	8	392971	386665	8	16	5	5	9	2	192
011110011100000	101101100101000	7	0	0	7	21	7	5	12	5	128
011110011100001	011100111100001	8	0	0	6	22	7	4	7	2	384
011110011101000	011000101101011	8	0	0	8	27	6	7	16	5	32
011110011101001	011111001101001	9	0	0	6	15	4	6	15	4	32
011110100000000	000010011001001	5	562	452	5	19	8	4	6	3	3840
011110100000001	010100101110000	6	2162	1947	6	20	7	4	5	2	576
011110100001000	010100101110000	6	3668	3320	6	25	8	5	8	3	576
011110100001001	101101100101000	7	9892	9310	6	14	7	4	5	2	128
011110100100000	010100101110000	6	0	0	6	24	8	4	6	3	576
011110100100001	101101100101000	7	0	0	7	21	7	5	13	4	128
011110100101000	001001011101001	7	0	0	7	29	7	5	7	3	576
011110100101001	011000101101011	8	0	0	7	14	4	6	8	3	32
011110101000000	010100101110000	6	7485	6896	6	23	8	4	4	2	576
011110101000001	101101100101000	7	27661	26733	7	19	7	4	8	3	128
011110101001000	101101100101000	7	29026	27557	6	20	7	5	10	4	128
011110101001001	111100100101001	8	199302	195680	8	14	4	6	8	2	192
011110101100000	101101100101000	7	0	0	6	18	6	5	9	3	128
011110101100001	011100111100001	8	0	0	7	19	7	5	9	3	384
011110101101000	011000101101011	8	0	0	8	27	6	6	11	3	32
011110101101001	011111001101001	9	0	0	7	14	4	7	10	3	32
011110110000000	001100101110000	6	1919	1780	6	16	6	4	9	3	384
011110110000001	011001000001111	7	4597	4314	6	12	4	4	7	3	48
011110110001000	011001000001111	7	19823	19263	6	14	6	3	4	2	48
011110110001001	110001101101001	8	312020	293165	8	13	5	6	7	2	32
011110110100000	011001000001111	7	0	0	5	11	4	4	6	2	48
011110110100001	111011000101001	8	0	0	6	10	3	3	3	1	96
011110110101000	111001000001111	8	0	0	7	15	5	3	4	2	32
011110110101001	111001100101101	9	0	0	5	7	2	5	7	2	8
011110111000000	001001000101111	7	11811	11278	6	20	5	4	5	2	576
011110111000001	001001100101111	8	403646	390328	7	10	3	7	9	2	24
011110111001000	001001100101111	8	217597	203335	5	7	2	5	7	2	24
011110111001001	011110111001001	9	4826	2055	0	0	0	0	0	0	32
011110111100000	001001100101111	8	0	0	4	5	2	4	5	2	24
011110111100001	101011111001010	9	0	0	8	15	4	7	11	3	48
011110111101000	110010101101011	9	0	0	5	6	2	5	6	2	8
011110111101001	111100111101001	10	0	0	9	17	4	8	9	2	8
011111000000000	000010011001001	5	1074	1044	5	21	8	5	8	4	3840
011111000000001	010100101110000	6	2726	2686	6	23	8	4	6	2	576
011111000001000	010100101110000	6	2784	2743	6	21	8	4	4	2	576
011111000001001	101101100101000	7	7814	7755	7	16	6	6	17	5	128
011111000100000	010100101110000	6	3792	3736	6	25	8	5	8	3	576
011111000100001	101101100101000	7	10059	9983	7	23	7	5	8	3	128
011111000101000	001001011101001	7	9693	9620	7	17	6	6	8	3	576
011111000101001	011000101101011	8	159767	158683	8	25	6	5	5	2	32
011111001000000	010100101110000	6	3693	3638	6	27	8	4	8	3	576
011111001000001	101101100101000	7	9872	9797	7	25	7	6	16	5	128
011111001001000	101101100101000	7	10500	10420	7	25	7	6	17	5	128
011111001001001	111100100101001	8	83914	82517	8	17	4	7	13	4	192
011111001100000	101101100101000	7	9916	9841	7	20	7	5	8	3	128
011111001100001	011100111100001	8	32998	32546	7	20	7	6	15	5	384
011111001101000	011000101101011	8	14433	13389	6	12	4	5	7	3	32
011111001101001	011111001101001	9	162	53	0	0	0	0	0	0	32
011111010000000	001100101110000	6	0	0	6	16	6	5	9	4	384
011111010000001	011001000001111	7	0	0	6	13	5	5	8	3	48
011111010001000	101101100101000	7	0	0	6	15	7	6	9	3	128
011111010001001	011000101101011	8	0	0	6	14	5	4	5	2	32
011111010100000	001001000101111	7	0	0	6	19	5	4	5	2	576
011111010100001	001001100101111	8	0	0	7	13	3	4	5	2	24
011111010101000	011101011001001	8	0	0	8	22	6	8	14	4	192
011111010101001	011011101101001	9	0	0	9	28	6	8	18	5	16
011111011000000	011001000001111	7	0	0	6	12	5	5	6	2	48
011111011000001	111011000101001	8	0	0	8	15	4	4	5	2	96
011111011001000	011000101101011	8	0	0	6	19	6	4	8	3	32
011111011001001	111011001101001	9	0	0	9	18	4	4	5	2	32
011111011100000	001001100101111	8	0	0	7	10	3	5	10	3	24
011111011100001	101011111001010	9	0	0	7	14	4	6	9	3	48
011111011101000	011011101101001	9	0	0	9	31	6	8	16	4	16
011111011101001	111011011101001	10	154357	153675	10	19	4	5	6	2	16
011111100000000	001100101110000	6	0	0	6	17	6	4	9	3	384
011111100000001	101101100101000	7	0	0	7	18	7	6	9	3	128
011111100001000	011001000001111	7	0	0	7	17	5	3	4	2	48
011111100001001	011000101101011	8	0	0	6	14	5	4	6	2	32
011111100100000	011001000001111	7	0	0	7	22	7	4	6	2	48
011111100100001	011000101101011	8	0	0	7	17	5	4	6	2	32
011111100101000	111001000001111	8	0	0	7	17	4	3	4	2	32
011111100101001	111001100110110	9	0	0	9	27	6	6	10	3	96
011111101000000	011001000001111	7	0	0	7	17	5	5	8	3	48
011111101000001	011000101101011	8	0	0	6	17	6	3	6	3	32
011111101001000	111011000101001	8	0	0	7	14	4	3	5	2	96
011111101001001	111011001101001	9	5473	5420	8	16	4	3	5	2	32
011111101100000	110001101101001	8	0	0	8	15	6	6	8	2	32
011111101100001	011111001101001	9	0	0	8	25	5	8	16	4	32
011111101101000	111001100101101	9	0	0	7	12	3	4	4	1	8
011111101101001	101111101101001	10	951	220	0	0	0	0	0	0	16
011111110000000	111100000011100	7	0	0	5	10	4	4	6	2	192
011111110000001	110001101101001	8	0	0	8	15	4	7	11	3	32
011111110001000	110001101101001	8	0	0	8	14	4	8	14	4	32
011111110001001	110101101101001	9	0	0	9	14	4	7	8	2	32
011111110100000	011001000101111	8	0	0	5	7	2	5	7	2	32
011111110100001	111001100101101	9	0	0	8	12	3	6	11	3	8
011111110101000	110001011101011	9	0	0	7	13	4	7	11	3	16
011111110101001	111010111100011	10	0	0	8	15	4	7	11	3	8
011111111000000	011001000101111	8	0	0	6	8	2	6	8	2	32
011111111000001	111001100101101	9	0	0	9	16	4	5	7	2	8
011111111001000	111001100101101	9	0	0	8	16	4	5	7	2	8
011111111001001	111110111001001	10	0	0	8	12	3	5	5	1	8
011111111100000	111001100111001	9	0	0	9	19	4	4	4	1	8
011111111100001	111100111101001	10	0	0	10	21	4	5	5	1	8
011111111101000	110110111101001	10	0	0	8	9	2	8	9	2	4
011111111101001	111011111101010	11	24385	23539	8	13	3	8	13	3	4
100000010001011	000010011001001	5	5842	5220	5	29	10	3	8	5	3840
100000010011100	000010011001001	5	135	96	5	24	8	5	8	4	3840
100000010101001	000010011001001	5	17396	16400	5	20	7	5	13	6	3840
100000010101011	010100101110000	6	26180	24638	6	20	7	5	12	6	576
100000010101100	000010011001001	5	0	0	5	20	7	4	6	3	3840
100000010111000	000010011001001	5	0	0	5	25	9	4	6	4	3840
100000010111100	010100101110000	6	468	427	6	22	7	4	6	3	576
100000011001001	000010011001001	5	3061	2365	3	10	5	3	8	4	3840
100000011001010	000010011001001	5	4178	3792	5	26	8	5	10	5	3840
100000011001011	001100101110000	6	32341	30337	6	23	7	5	9	4	384
100000011001100	000010011001001	5	0	0	5	19	7	4	6	3	3840
100000011010100	000010011001001	5	0	0	5	22	8	4	6	4	3840
100000011011100	010100101110000	6	516	468	6	26	8	4	6	3	576
100000011100100	000010011001001	5	0	0	5	27	9	5	13	5	3840
100000011101000	000010011001001	5	4875	4321	5	25	8	5	13	5	3840
100000011101001	010100101110000	6	26390	24737	6	20	7	5	9	5	576
100000011101010	010100101110000	6	27988	26234	6	32	8	6	18	6	576
100000011101011	101101100101000	7	137855	133760	7	23	8	5	9	5	128
100000011101100	001100101110000	6	0	0	3	7	4	3	7	4	384
100000011110000	000010011001001	5	0	0	5	22	8	3	4	3	3840
100000011110100	010100101110000	6	0	0	6	29	7	5	8	4	576
100000011111000	010100101110000	6	0	0	6	32	8	6	11	5	576
100000011111100	101101100101000	7	1623	1574	7	20	6	5	14	5	128
100000100000111	000010011001001	5	0	0	5	20	8	2	2	2	3840
100000100001011	000010011001001	5	5026	4540	5	27	9	3	6	4	3840
100000100001110	000010011001001	5	0	0	5	29	10	3	6	4	3840
100000100001111	010100101110000	6	0	0	6	24	7	5	10	4	576
100000100010011	000010011001001	5	0	0	5	24	9	4	4	5	3840
100000100010101	000010011001001	5	13984	13164	5	28	10	4	7	4	3840
100000100010111	001100101110000	6	0	0	6	27	8	3	5	2	384
100000100011001	000010011001001	5	11700	11032	5	26	9	5	14	6	3840
100000100011010	000010011001001	5	0	0	5	31	10	5	10	6	3840
100000100011011	101010000110001	6	0	0	6	18	6	4	8	3	480
100000100011100	000010011001001	5	10124	9424	5	24	8	3	8	4	3840
100000100011101	010100101110000	6	64080	61632	6	25	7	6	11	4	576
100000100011110	001100101110000	6	0	0	6	18	7	4	8	4	384
100000100011111	011001000001111	7	0	0	7	11	3	3	4	2	48
100000100100101	000010011001001	5	7067	6219	5	25	9	5	8	4	3840
100000100100111	010100101110000	6	0	0	6	26	8	5	12	4	576
100000100101001	000010011001001	5	4141	4016	5	24	9	4	9	4	3840
100000100101011	010100101110000	6	59809	56603	6	18	7	6	9	5	576
100000100101100	000010011001001	5	3025	2728	5	21	7	4	9	4	3840
100000100101101	010100101110000	6	22279	20997	6	22	7	5	10	4	576
100000100101110	010100101110000	6	0	0	6	18	7	6	9	5	576
100000100101111	001001011101001	7	0	0	7	14	5	4	5	2	576
100000100110001	000010011001001	5	2004	1835	5	30	10	4	6	4	3840
100000100110011	010100101110000	6	0	0	6	32	8	5	10	5	576
100000100110101	010100101110000	6	0	0	4	8	4	4	8	4	576
100000100110111	101101100101000	7	0	0	7	27	8	4	7	3	128
100000100111000	000010011001001	5	1433	1324	5	30	9	5	12	5	3840
100000100111001	001100101110000	6	8366	7900	6	24	7	4	8	4	384
100000100111010	010100101110000	6	0	0	6	26	7	6	13	4	576
100000100111011	011001000001111	7	0	0	7	25	7	5	8	3	48
100000100111100	010100101110000	6	0	0	6	22	7	6	12	5	576
100000100111101	101101100101000	7	0	0	7	32	8	5	9	4	128
100000100111110	101101100101000	7	0	0	7	31	8	5	9	3	128
100000100111111	011000101101011	8	0	0	8	15	4	7	15	5	32
100000101001001	000010011001001	5	1866	1759	4	15	7	3	8	4	3840
100000101001010	000010011001001	5	3410	3124	5	29	9	5	10	6	3840
100000101001011	001100101110000	6	38329	36258	6	18	6	4	8	4	384
100000101001100	000010011001001	5	0	0	5	21	7	5	14	6	3840
100000101010100	000010011001001	5	0	0	5	23	8	5	13	5	3840
100000101011100	010100101110000	6	0	0	6	35	9	6	12	6	576
100000101100100	000010011001001	5	0	0	5	24	9	4	6	4	3840
100000101101000	000010011001001	5	2717	2637	5	22	8	5	12	6	3840
100000101101001	010100101110000	6	21453	21116	6	28	8	6	12	5	576
100000101101010	010100101110000	6	52154	49214	6	35	8	6	13	4	576
100000101101011	101101100101000	7	320413	311269	7	34	8	5	9	3	128
100000101101100	001100101110000	6	0	0	5	21	6	4	8	4	384
100000101110000	000010011001001	5	0	0	5	16	7	3	9	5	3840
100000101110100	010100101110000	6	0	0	6	18	6	6	12	5	576
100000101111000	010100101110000	6	0	0	6	22	8	6	12	6	576
100000101111100	101101100101000	7	0	0	7	15	6	5	9	4	128
100000110000011	000010011001001	5	80	36	5	21	9	4	6	3	3840
100000110001010	000010011001001	5	1027	959	5	25	10	5	13	5	3840
100000110001011	001100101110000	6	0	0	6	26	8	4	9	4	384
100000110011000	000010011001001	5	0	0	5	26	9	2	2	2	3840
100000110011100	010100101110000	6	0	0	6	26	8	2	5	3	576
100000110100001	000010011001001	5	725	631	5	19	8	3	3	2	3840
100000110100011	010100101110000	6	1189	1035	6	30	8	4	5	3	576
100000110101000	000010011001001	5	1194	986	5	23	9	4	5	3	3840
100000110101001	001100101110000	6	6689	6070	6	23	7	2	2	1	384
100000110101010	010100101110000	6	150	115	6	21	7	4	5	4	576
100000110101011	001001000101111	7	0	0	7	18	7	4	4	2	576
100000110101100	010100101110000	6	0	0	6	23	8	5	12	5	576
100000110111000	001100101110000	6	0	0	6	15	5	4	6	3	384
100000110111100	101101100101000	7	0	0	7	15	5	5	11	4	128
100000111000001	000010011001001	5	826	714	5	25	10	3	5	3	3840
100000111000010	000010011001001	5	1121	1040	5	22	9	5	13	5	3840
100000111000011	001100101110000	6	1991	1749	6	27	8	5	10	4	384
100000111001000	000010011001001	5	1416	1320	5	31	10	5	9	3	3840
100000111001001	001100101110000	6	4674	4312	6	26	8	3	6	3	384
100000111001010	000011001001011	6	4267	4142	6	24	8	1	2	2	1440
100000111001011	111000010101001	7	0	0	7	15	5	5	7	3	144
100000111001100	010100101110000	6	0	0	6	31	9	6	11	5	576
100000111010000	000010011001001	5	0	0	5	27	9	4	6	4	3840
100000111010100	010100101110000	6	0	0	6	21	8	5	8	4	576
100000111011000	010100101110000	6	0	0	6	23	8	6	14	6	576
100000111011100	001001011101001	7	0	0	7	27	7	6	11	4	576
100000111100000	000010011001001	5	572	495	5	23	9	3	4	4	3840
100000111100001	010100101110000	6	3573	3288	6	23	7	5	12	5	576
100000111100010	010100101110000	6	1757	1545	6	30	8	4	5	3	576
100000111100011	101101100101000	7	8806	8157	7	31	8	5	13	5	128
100000111100100	010100101110000	6	0	0	6	19	7	6	11	5	576
100000111101000	101010000110001	6	6040	5410	6	10	4	4	5	2	480
100000111101001	011001000001111	7	36767	34858	7	19	5	5	7	3	48
100000111101010	001000100101111	7	674	598	5	15	5	5	15	5	96
100000111101011	001001100101111	8	0	0	6	16	5	6	9	3	24
100000111101100	011001000001111	7	0	0	7	18	6	5	11	4	48
100000111110000	001100101110000	6	0	0	4	7	3	4	7	3	384
100000111110100	101101100101000	7	0	0	7	14	6	5	7	2	128
100000111111000	011001000001111	7	0	0	7	29	8	6	9	3	48
100000111111100	011000101101011	8	0	0	8	30	7	6	10	3	32
100001000000111	000010011001001	5	4392	4022	4	16	8	3	5	3	3840
100001000001011	000010011001001	5	7857	7408	5	25	9	1	1	1	3840
100001000001110	000010011001001	5	9702	9218	5	28	10	3	8	5	3840
100001000001111	010100101110000	6	36128	34721	6	30	9	6	13	4	576
100001000010011	000010011001001	5	0	0	5	26	9	5	9	4	3840
100001000010101	000010011001001	5	0	0	5	31	10	5	13	5	3840
100001000010111	001100101110000	6	0	0	6	29	9	4	11	5	384
100001000011001	000010011001001	5	8576	7602	5	27	9	4	6	3	3840
100001000011010	000010011001001	5	2	0	5	34	10	5	10	5	3840
100001000011011	101010000110001	6	71	50	6	21	7	3	4	2	480
100001000011100	000010011001001	5	3	0	5	22	9	3	8	4	3840
100001000011101	010100101110000	6	48	32	6	30	8	6	10	5	576
100001000011110	001100101110000	6	76	52	6	24	8	5	9	4	384
100001000011111	011001000001111	7	482	436	7	11	3	6	12	5	48
100001000100101	000010011001001	5	5083	4609	5	28	9	4	7	5	3840
100001000100111	010100101110000	6	0	0	6	29	8	5	8	4	576
100001000101001	000010011001001	5	4909	4760	5	27	9	4	6	3	3840
100001000101011	010100101110000	6	23631	22206	6	21	7	5	12	5	576
100001000101100	000010011001001	5	2142	1943	5	21	8	5	13	6	3840
100001000101101	010100101110000	6	19454	18491	6	30	8	5	11	4	576
100001000101110	010100101110000	6	50	24	6	20	7	5	12	6	576
100001000101111	001001011101001	7	271	233	7	15	5	6	9	4	576
100001000110001	000010011001001	5	7019	6235	5	33	10	5	13	5	3840
100001000110011	010100101110000	6	0	0	6	34	8	5	8	5	576
100001000110101	010100101110000	6	0	0	6	24	6	6	10	5	576
100001000110111	101101100101000	7	0	0	7	33	8	5	8	4	128
100001000111000	000010011001001	5	3343	3001	5	26	9	5	13	5	3840
100001000111001	001100101110000	6	41860	39532	6	28	8	3	7	4	384
100001000111010	010100101110000	6	30	22	6	19	7	6	18	6	576
100001000111011	011001000001111	7	255	229	7	28	7	5	7	3	48
100001000111100	010100101110000	6	50	28	6	31	8	5	9	5	576
100001000111101	101101100101000	7	267	240	7	33	8	4	6	3	128
100001000111110	101101100101000	7	391	350	7	29	8	5	9	5	128
100001000111111	011000101101011	8	2115	2051	8	31	7	7	16	5	32
100001001001001	000010011001001	5	5614	5443	5	19	7	5	8	4	3840
100001001001010	000010011001001	5	3800	3461	5	30	9	3	3	3	3840
100001001001011	001100101110000	6	34816	32418	6	20	7	5	10	4	384
100001001001100	000010011001001	5	0	0	5	19	8	4	6	3	3840
100001001010100	000010011001001	5	0	0	5	27	8	5	12	5	3840
100001001011100	010100101110000	6	0	0	6	26	8	6	13	6	576
100001001100100	000010011001001	5	0	0	5	29	9	5	12	5	3840
100001001101000	000010011001001	5	2310	2242	5	25	8	4	6	4	3840
100001001101001	010100101110000	6	21331	21001	6	18	7	4	6	3	576
100001001101010	010100101110000	6	21933	20558	6	23	8	6	16	6	576
100001001101011	101101100101000	7	204402	198306	7	25	8	6	13	5	128
100001001101100	001100101110000	6	0	0	6	22	6	3	5	3	384
100001001110000	000010011001001	5	0	0	5	26	8	3	4	5	3840
100001001110100	010100101110000	6	0	0	6	19	7	5	9	5	576
100001001111000	010100101110000	6	0	0	6	21	7	6	11	5	576
100001001111100	101101100101000	7	0	0	4	8	4	4	8	4	128
100001010000011	000010011001001	5	7042	6213	5	27	9	5	12	4	3840
100001010001011	010100101110000	6	42982	40518	6	26	9	2	5	4	576
100001010010100	000010011001001	5	0	0	5	22	8	1	1	2	3840
100001010011100	010100101110000	6	0	0	6	23	8	2	5	3	576
100001010100001	000010011001001	5	5246	4625	5	23	8	4	7	3	3840
100001010100011	010100101110000	6	34955	32704	6	23	8	4	6	4	576
100001010100100	000010011001001	5	0	0	5	26	9	4	7	3	3840
100001010101001	010100101110000	6	28209	26562	6	22	8	5	17	5	576
100001010101011	001001011101001	7	180102	174671	7	18	6	6	9	3	576
100001010101100	010100101110000	6	0	0	6	28	9	5	17	5	576
100001010110000	000010011001001	5	0	0	5	25	8	3	4	3	3840
100001010110100	010100101110000	6	0	0	6	23	7	6	14	5	576
100001010111000	010100101110000	6	0	0	6	20	8	6	11	5	576
100001010111100	001001011101001	7	0	0	7	26	6	5	8	4	576
100001011000001	000010011001001	5	6407	5633	5	25	10	1	1	2	3840
100001011000010	000010011001001	5	5800	5232	5	23	9	5	12	7	3840
100001011000011	001100101110000	6	40461	37858	6	23	8	5	8	4	384
100001011000100	000010011001001	5	0	0	5	28	10	5	8	4	3840
100001011001001	010100101110000	6	42663	39618	6	21	8	2	5	3	576
100001011001010	010100101110000	6	30459	28726	6	25	8	4	7	5	576
100001011001011	001001000101111	7	252735	244113	7	29	7	2	2	1	576
100001011001100	010100101110000	6	0	0	6	26	8	6	11	4	576
100001011010100	001100101110000	6	0	0	6	14	5	3	4	2	384
100001011011100	101101100101000	7	0	0	7	21	6	4	7	3	128
100001011100000	000010011001001	5	5149	4512	5	18	8	3	4	3	3840
100001011100001	010100101110000	6	31571	29627	6	17	6	6	14	5	576
100001011100010	010100101110000	6	33365	31254	6	26	8	4	7	5	576
100001011100011	101101100101000	7	185697	179709	7	27	8	6	13	5	128
100001011100100	101010000110001	6	0	0	6	20	7	2	2	1	480
100001011101000	010100101110000	6	28868	27082	6	19	7	6	11	5	576
100001011101001	001001011101001	7	207143	200376	7	17	5	5	8	3	576
100001011101010	001001011101001	7	194121	188398	7	33	8	6	15	6	576
100001011101011	011101011001001	8	1908904	1869476	8	15	4	7	13	5	192
100001011101100	011001000001111	7	0	0	7	15	5	7	14	4	48
100001011110000	001100101110000	6	0	0	4	7	3	4	7	3	384
100001011110100	011001000001111	7	0	0	7	25	7	6	9	3	48
100001011111000	101101100101000	7	0	0	7	16	7	5	6	2	128
100001011111100	011000101101011	8	0	0	8	31	7	6	11	4	32
100001100000110	000010011001001	5	1231	1166	5	22	9	4	6	4	3840
100001100000111	010100101110000	6	0	0	6	31	8	2	4	3	576
100001100001010	000010011001001	5	1044	972	5	31	10	5	13	5	3840
100001100001011	010100101110000	6	0	0	6	31	9	2	3	3	576
100001100001110	001100101110000	6	55	35	6	21	7	4	9	4	384
100001100001111	101101100101000	7	210	180	7	21	7	5	10	4	128
100001100010010	000010011001001	5	1818	1681	5	28	9	5	13	5	3840
100001100010011	010100101110000	6	0	0	6	25	9	4	6	5	576
100001100010100	000010011001001	5	3277	3030	5	16	7	3	5	3	3840
100001100010101	010100101110000	6	0	0	6	19	7	5	8	4	576
100001100010110	001100101110000	6	9618	9198	6	28	9	5	10	4	384
100001100010111	001001000101111	7	0	0	7	16	6	1	1	1	576
100001100011000	000010011001001	5	5744	5113	5	28	9	5	9	3	3840
100001100011001	010100101110000	6	48578	45802	6	25	8	6	11	5	576
100001100011010	000011001001011	6	51	35	6	24	8	1	2	2	1440
100001100011011	001000100101111	7	450	406	7	19	6	5	15	5	96
100001100011100	001100101110000	6	47	31	3	8	4	3	6	3	384
100001100011101	101101100101000	7	201	181	7	22	7	4	6	2	128
100001100011110	111000010101001	7	1477	1374	7	23	7	5	7	3	144
100001100011111	001001100101111	8	5931	5758	8	21	6	6	9	3	24
100001100100100	000010011001001	5	3587	3289	5	16	8	3	3	2	3840
100001100100101	010100101110000	6	30464	28914	6	25	8	4	8	3	576
100001100100110	010100101110000	6	3875	3771	6	26	8	4	5	3	576
100001100100111	001001011101001	7	0	0	7	24	7	4	4	2	576
100001100101000	000010011001001	5	2991	2908	5	27	9	4	5	5	3840
100001100101001	010100101110000	6	27749	27322	6	25	9	5	12	5	576
100001100101010	010100101110000	6	207	158	6	19	8	4	5	4	576
100001100101011	001001011101001	7	0	0	7	19	6	6	10	4	576
100001100101100	001100101110000	6	19297	18173	6	17	7	2	2	1	384
100001100101101	101101100101000	7	132624	128781	7	22	7	3	4	2	128
100001100101110	001001000101111	7	303	258	7	17	7	4	4	2	576
100001100101111	011101011001001	8	1276	1228	8	20	5	6	9	3	192
100001100110000	000010011001001	5	5728	5280	5	21	8	3	4	5	3840
100001100110001	010100101110000	6	69168	65214	6	20	8	6	11	5	576
100001100110010	010100101110000	6	5736	5509	6	29	8	4	5	3	576
100001100110011	001001011101001	7	0	0	7	31	8	6	14	5	576
100001100110100	010100101110000	6	10064	9681	6	17	6	5	12	5	576
100001100110101	001001011101001	7	0	0	7	17	7	5	8	3	576
100001100110110	101101100101000	7	29775	29051	7	27	8	5	13	5	128
100001100110111	011101011001001	8	0	0	8	23	5	6	8	3	192
100001100111000	101010000110001	6	14125	12573	4	5	2	4	5	2	480
100001100111001	011001000001111	7	346256	336738	7	27	7	5	11	4	48
100001100111010	001000100101111	7	164	147	6	11	4	5	15	5	96
100001100111011	111001000001111	8	1236	1191	7	22	6	6	9	3	32
100001100111100	011001000001111	7	216	181	5	12	5	5	7	3	48
100001100111101	011000101101011	8	1175	1138	8	18	5	7	17	5	32
100001100111110	001001100101111	8	4466	4293	7	12	4	6	9	3	24
100001100111111	011011101101001	9	16118	15759	8	20	5	6	7	3	16
100001101000100	000010011001001	5	0	0	5	17	9	4	5	4	3840
100001101001000	000010011001001	5	2921	2836	5	26	10	2	2	2	3840
100001101001001	010100101110000	6	22288	21945	6	16	7	2	5	3	576
100001101001010	101010000110001	6	4751	4608	6	14	5	5	11	4	480
100001101001011	011001000001111	7	0	0	5	6	3	5	6	3	48
100001101001100	001100101110000	6	0	0	6	20	7	3	5	2	384
100001101010000	000010011001001	5	0	0	5	17	8	4	6	6	3840
100001101010100	101010000110001	6	0	0	6	21	7	3	4	2	480
100001101011000	010100101110000	6	0	0	6	19	7	6	14	6	576
100001101011100	011001000001111	7	0	0	6	22	8	6	11	4	48
100001101100100	001100101110000	6	0	0	6	18	6	4	5	2	384
100001101101000	001100101110000	6	17187	16924	6	19	6	4	6	3	384
100001101101001	101101100101000	7	1271345	1256358	7	23	7	5	11	4	128
100001101101010	011001000001111	7	1407	1317	7	19	6	7	13	4	48
100001101101011	011000101101011	8	0	0	8	27	7	4	4	1	32
100001101101100	111100000011100	7	0	0	6	10	4	4	8	3	192
100001101110000	001100101110000	6	0	0	4	8	3	4	7	3	384
100001101110100	011001000001111	7	0	0	7	25	7	5	7	3	48
100001101111000	011001000001111	7	0	0	7	18	5	6	9	3	48
100001101111100	110001101101001	8	0	0	8	12	4	8	12	4	32
100001110000010	000010011001001	5	714	659	5	26	9	5	10	4	3840
100001110000011	010100101110000	6	0	0	6	30	8	5	11	4	576
100001110001010	010100101110000	6	2999	2902	6	22	7	5	12	5	576
100001110001011	101101100101000	7	0	0	5	13	6	5	7	3	128
100001110010000	000010011001001	5	0	0	5	20	8	5	8	4	3840
100001110010100	010100101110000	6	0	0	6	28	8	4	4	1	576
100001110011000	010100101110000	6	0	0	6	29	8	4	8	3	576
100001110011100	101101100101000	7	0	0	7	23	7	6	20	6	128
100001110100000	000010011001001	5	21	7	5	26	9	5	8	4	3840
100001110100001	010100101110000	6	83	50	6	27	8	3	3	1	576
100001110100010	010100101110000	6	462	363	6	19	7	4	6	2	576
100001110100011	001001011101001	7	0	0	7	27	7	1	2	2	576
100001110100100	010100101110000	6	0	0	6	20	7	3	3	1	576
100001110101000	010100101110000	6	217	160	6	20	8	4	7	4	576
100001110101001	101101100101000	7	459	408	5	11	5	4	7	3	128
100001110101010	001001011101001	7	1626	1499	7	24	6	1	1	1	576
100001110101011	011101011001001	8	0	0	8	21	5	3	5	2	192
100001110101100	101101100101000	7	0	0	7	17	7	4	7	3	128
100001110110000	001100101110000	6	0	0	6	15	6	5	7	3	384
100001110110100	101101100101000	7	0	0	6	8	3	6	8	3	128
100001110111000	011001000001111	7	0	0	5	11	5	3	5	3	48
100001110111100	011000101101011	8	0	0	8	28	7	3	4	2	32
100001111000000	000010011001001	5	890	827	5	20	9	5	8	4	3840
100001111000001	010100101110000	6	68	44	6	17	6	4	4	1	576
100001111000010	101010000110001	6	3152	3044	6	12	5	5	6	2	480
100001111000011	011001000001111	7	0	0	7	15	6	7	12	4	48
100001111000100	010100101110000	6	0	0	6	19	8	4	6	4	576
100001111001000	010100101110000	6	3485	3380	6	21	7	4	8	3	576
100001111001001	101101100101000	7	564	524	7	22	7	6	20	6	128
100001111001010	001000100101111	7	9390	9087	6	9	3	3	3	1	96
100001111001011	001001100101111	8	0	0	7	12	3	3	3	1	24
100001111001100	101101100101000	7	0	0	4	9	4	3	6	3	128
100001111010000	001100101110000	6	0	0	6	16	6	5	9	4	384
100001111010100	011001000001111	7	0	0	6	16	6	4	5	2	48
100001111011000	101101100101000	7	0	0	6	8	3	6	8	3	128
100001111011100	011000101101011	8	0	0	8	31	7	3	3	2	32
100001111100000	001100101110000	6	233	173	6	16	6	5	7	3	384
100001111100001	101101100101000	7	445	409	7	12	4	6	8	3	128
100001111100010	011001000001111	7	2457	2275	7	19	7	6	8	3	48
100001111100011	011000101101011	8	0	0	8	27	7	7	14	4	32
100001111100100	011001000001111	7	0	0	6	16	6	2	2	1	48
100001111101000	011001000001111	7	1151	1077	7	22	7	3	5	3	48
100001111101001	011000101101011	8	1485	1430	6	15	5	3	4	2	32
100001111101010	111001000001111	8	8413	8177	8	21	6	6	8	3	32
100001111101011	011011101101001	9	0	0	8	13	3	7	11	3	16
100001111101100	110001101101001	8	0	0	6	7	2	6	7	2	32
100001111110000	111100000011100	7	0	0	5	6	2	4	5	2	192
100001111110100	110001101101001	8	0	0	8	16	4	8	16	4	32
100001111111000	110001101101001	8	0	0	8	19	5	8	17	4	32
100001111111100	110101101101001	9	0	0	9	14	4	7	8	2	32
100010000000111	000010011001001	5	0	0	4	18	9	4	7	4	3840
100010000001011	000010011001001	5	6433	5741	5	32	10	5	11	4	3840
100010000001110	000010011001001	5	0	0	5	30	10	3	3	3	3840
100010000001111	010100101110000	6	0	0	6	34	9	6	14	6	576
100010000010011	000010011001001	5	0	0	5	27	10	5	11	7	3840
100010000010101	000010011001001	5	0	0	5	27	10	4	5	3	3840
100010000010111	001100101110000	6	0	0	6	23	7	4	8	3	384
100010000011001	000010011001001	5	0	0	5	22	9	4	7	4	3840
100010000011010	000010011001001	5	0	0	5	29	10	3	3	4	3840
100010000011011	101010000110001	6	0	0	6	16	6	3	4	2	480
100010000011100	000010011001001	5	0	0	5	25	9	4	7	3	3840
100010000011101	010100101110000	6	0	0	6	30	8	4	5	2	576
100010000011110	001100101110000	6	0	0	6	17	6	5	11	4	384
100010000011111	011001000001111	7	0	0	0	0	0	0	0	0	48
100010000100101	000010011001001	5	0	0	5	22	9	3	5	5	3840
100010000100111	010100101110000	6	0	0	6	29	8	5	8	4	576
100010000101001	000010011001001	5	7603	7012	5	22	9	4	10	5	3840
100010000101011	010100101110000	6	51965	49202	6	14	7	6	13	6	576
100010000101100	000010011001001	5	0	0	5	21	8	3	4	3	3840
100010000101101	010100101110000	6	0	0	6	31	8	5	11	3	576
100010000101110	010100101110000	6	0	0	6	21	7	6	15	6	576
100010000101111	001001011101001	7	0	0	7	19	5	5	14	5	576
100010000110001	000010011001001	5	294781	284562	5	30	10	5	12	5	3840
100010000110011	010100101110000	6	0	0	6	36	8	5	8	5	576
100010000110101	010100101110000	6	0	0	6	18	5	5	9	4	576
100010000110111	101101100101000	7	0	0	7	31	7	4	9	4	128
100010000111000	000010011001001	5	0	0	5	26	9	4	6	4	3840
100010000111001	001100101110000	6	0	0	6	27	8	3	6	3	384
100010000111010	010100101110000	6	0	0	6	23	7	5	12	5	576
100010000111011	011001000001111	7	0	0	7	14	5	5	7	3	48
100010000111100	010100101110000	6	0	0	6	22	7	4	4	2	576
100010000111101	101101100101000	7	0	0	7	26	7	5	10	4	128
100010000111110	101101100101000	7	0	0	7	24	7	6	10	4	128
100010000111111	011000101101011	8	0	0	8	21	5	5	5	2	32
100010001001001	000010011001001	5	3633	2951	3	12	7	3	5	5	3840
100010001001010	000010011001001	5	4695	4237	5	26	9	5	11	4	3840
100010001001011	001100101110000	6	59789	56231	6	16	6	4	11	5	384
100010001101000	000010011001001	5	6808	6222	5	22	8	5	13	6	3840
100010001101001	010100101110000	6	35742	33840	6	27	8	5	11	5	576
100010001101010	010100101110000	6	69150	64864	6	33	8	5	12	6	576
100010001101011	101101100101000	7	356039	345383	7	29	8	5	8	4	128
100010010001011	010100101110000	6	0	0	6	30	7	6	12	6	576
100010010101001	010100101110000	6	9469	8724	6	13	6	5	11	5	576
100010010101011	101101100101000	7	0	0	6	22	8	5	8	4	128
100010011001001	010100101110000	6	18019	16302	6	21	7	6	15	5	576
100010011001010	010100101110000	6	4349	4212	6	21	7	6	15	6	576
100010011001011	011001000001111	7	0	0	7	15	4	6	11	4	48
100010011101000	010100101110000	6	4551	4251	6	24	8	5	9	5	576
100010011101001	001001011101001	7	67920	64507	7	15	6	6	14	5	576
100010011101010	101101100101000	7	620	563	6	16	6	5	9	5	128
100010011101011	011000101101011	8	0	0	8	31	7	7	17	5	32
100010100000011	000010011001001	5	4907	4420	5	26	10	3	5	5	3840
100010100000111	001100101110000	6	0	0	6	16	4	4	6	3	384
100010100001010	000010011001001	5	3861	3531	5	29	10	3	6	3	3840
100010100001011	101010000110001	6	20364	18773	5	8	3	4	4	2	480
100010100001110	001100101110000	6	0	0	6	14	6	3	6	3	384
100010100001111	011001000001111	7	0	0	7	11	4	3	4	2	48
100010100010001	000010011001001	5	0	0	5	30	10	5	12	7	3840
100010100010011	001100101110000	6	0	0	6	18	5	4	9	5	384
100010100010101	001100101110000	6	0	0	5	11	4	4	5	2	384
100010100010111	111100000011100	7	0	0	7	24	6	5	8	3	192
100010100011000	000010011001001	5	0	0	5	23	9	3	8	4	3840
100010100011001	101010000110001	6	0	0	6	22	6	2	2	1	480
100010100011010	001100101110000	6	0	0	6	18	5	4	8	4	384
100010100011011	010111011000001	7	0	0	7	17	5	5	8	3	96
100010100011100	001100101110000	6	0	0	6	21	7	5	11	4	384
100010100011101	011001000001111	7	0	0	6	13	6	3	4	2	48
100010100011110	111100000011100	7	0	0	6	12	4	5	12	3	192
100010100011111	011001000101111	8	0	0	0	0	0	0	0	0	32
100010100100001	000010011001001	5	7720	6971	5	25	8	4	7	4	3840
100010100100011	010100101110000	6	64313	60825	6	20	7	5	9	4	576
100010100100101	001100101110000	6	972	910	5	10	4	3	4	2	384
100010100100111	011001000001111	7	0	0	7	23	6	5	14	5	48
100010100101000	000010011001001	5	9119	8138	5	28	9	5	12	5	3840
100010100101001	101010000110001	6	46203	43666	6	18	6	2	2	1	480
100010100101010	010100101110000	6	62792	59409	6	27	8	6	11	5	576
100010100101011	001000100101111	7	203797	194886	6	10	3	5	5	2	96
100010100101100	001100101110000	6	0	0	6	19	7	3	3	2	384
100010100101101	011001000001111	7	0	0	7	13	5	4	8	4	48
100010100101110	011001000001111	7	0	0	7	23	5	6	10	4	48
100010100101111	111001000001111	8	0	0	8	22	7	6	8	3	32
100010100110001	101010000110001	6	0	0	6	27	8	4	5	2	480
100010100110011	011001000001111	7	0	0	7	17	6	7	9	4	48
100010100110101	011001000001111	7	0	0	7	22	7	5	9	4	48
100010100110111	110001101101001	8	0	0	7	16	5	6	7	2	32
100010100111000	101010000110001	6	0	0	6	22	7	4	5	2	480
100010100111001	010111011000001	7	0	0	7	15	5	4	5	2	96
100010100111010	011001000001111	7	0	0	6	19	6	6	12	4	48
100010100111011	111000100011101	8	0	0	5	11	3	5	11	3	16
100010100111100	011001000001111	7	0	0	7	16	5	4	4	2	48
100010100111101	111011000101001	8	0	0	8	20	5	0	0	0	96
100010100111110	110001101101001	8	0	0	7	11	3	6	11	3	32
100010100111111	111001100101101	9	0	0	8	12	3	6	11	3	8
100010101000001	000010011001001	5	7538	6772	5	30	10	5	12	6	3840
100010101000010	000010011001001	5	3387	3133	5	27	9	4	4	3	3840
100010101000011	001100101110000	6	23556	21807	5	13	6	4	9	4	384
100010101001000	000010011001001	5	5774	5266	5	32	10	5	14	5	3840
100010101001001	101010000110001	6	61294	57733	6	15	6	2	2	1	480
100010101001010	101010000110001	6	25587	24257	6	22	7	4	8	3	480
100010101001011	010111011000001	7	292925	284696	7	17	5	5	8	3	96
100010101100000	000010011001001	5	9000	7977	5	33	9	5	13	5	3840
100010101100001	010100101110000	6	46845	44243	6	35	8	6	13	6	576
100010101100010	010100101110000	6	67214	63385	6	29	8	5	10	4	576
100010101100011	101101100101000	7	342850	332717	7	31	8	5	10	4	128
100010101101000	000011001001011	6	58308	54765	6	24	8	4	6	3	1440
100010101101001	001000100101111	7	344579	333673	7	22	6	5	7	3	96
100010101101010	001000100101111	7	152026	141405	5	10	4	4	6	3	96
100010101101011	011001110110100	8	2648235	2575714	7	22	6	3	3	1	48
100010110000011	010100101110000	6	3144	2882	6	30	8	4	6	3	576
100010110001010	010100101110000	6	6038	5841	6	18	6	2	3	3	576
100010110001011	011001000001111	7	0	0	7	21	6	4	5	3	48
100010110100001	010100101110000	6	5648	5250	6	30	8	5	13	5	576
100010110100011	101101100101000	7	16072	15309	7	25	7	6	10	4	128
100010110101000	010100101110000	6	6413	5876	6	27	7	6	12	5	576
100010110101001	011001000001111	7	46903	44685	7	14	4	5	12	5	48
100010110101010	101101100101000	7	593	533	6	19	5	3	5	2	128
100010110101011	001001100101111	8	0	0	8	19	5	5	5	2	24
100010111000001	010100101110000	6	6426	5972	6	35	9	6	13	6	576
100010111000010	010100101110000	6	5333	5143	6	20	8	4	6	5	576
100010111000011	011001000001111	7	16528	15698	7	22	7	1	1	1	48
100010111001000	010100101110000	6	11517	11100	6	28	7	6	11	5	576
100010111001001	011001000001111	7	59600	56246	7	19	6	6	10	4	48
100010111001010	001000100101111	7	41740	41126	7	18	6	5	15	5	96
100010111001011	111000100011101	8	0	0	6	9	3	6	9	3	16
100010111100000	010100101110000	6	3557	3322	6	28	8	5	9	5	576
100010111100001	001001011101001	7	18487	17332	6	22	7	6	11	4	576
100010111100010	101101100101000	7	21571	20518	7	30	7	4	7	3	128
100010111100011	011000101101011	8	77778	75272	8	30	7	6	7	3	32
100010111101000	001000100101111	7	32938	31139	7	18	5	3	4	2	96
100010111101001	111001000001111	8	383940	373089	8	27	7	5	7	3	32
100010111101010	011001110110100	8	3528	3409	7	11	3	5	7	2	48
100010111101011	110010101101011	9	0	0	8	10	3	7	10	3	8
100011000000011	000010011001001	5	0	0	5	20	9	4	6	3	3840
100011000000110	000010011001001	5	0	0	5	31	10	3	9	5	3840
100011000000111	101010000110001	6	0	0	5	12	5	3	3	2	480
100011000001011	001100101110000	6	0	0	6	23	7	4	5	3	384
100011000001110	001100101110000	6	0	0	6	21	7	3	7	4	384
100011000001111	011001000001111	7	0	0	7	11	4	6	11	5	48
100011000010001	000010011001001	5	0	0	5	25	9	5	12	4	3840
100011000010010	000010011001001	5	0	0	5	23	9	3	5	3	3840
100011000010011	101010000110001	6	0	0	6	27	8	3	7	3	480
100011000010100	000010011001001	5	0	0	5	22	8	3	8	4	3840
100011000010101	101010000110001	6	0	0	6	23	6	3	3	1	480
100011000010110	001100101110000	6	0	0	6	24	7	4	9	5	384
100011000010111	010111011000001	7	0	0	7	21	5	5	9	3	96
100011000011001	001100101110000	6	0	0	6	18	7	4	4	2	384
100011000011010	001100101110000	6	0	0	6	25	7	5	7	3	384
100011000011011	010111011000001	7	0	0	7	24	6	6	13	5	96
100011000011100	001100101110000	6	0	0	6	20	7	4	10	4	384
100011000011101	011001000001111	7	0	0	6	13	6	3	4	2	48
100011000011110	111000010101001	7	0	0	7	19	6	5	10	4	144
100011000011111	111000100011101	8	0	0	7	17	5	7	11	3	16
100011000100001	000010011001001	5	2301	2129	5	19	7	5	12	6	3840
100011000100011	010100101110000	6	0	0	6	27	8	5	8	5	576
100011000100100	000010011001001	5	0	0	5	28	9	5	13	5	3840
100011000100101	101010000110001	6	0	0	6	16	6	0	0	0	480
100011000100110	010100101110000	6	0	0	6	29	8	5	13	6	576
100011000100111	001000100101111	7	0	0	6	14	4	5	10	4	96
100011000101001	001100101110000	6	26692	25685	6	18	7	3	6	3	384
100011000101011	011001000001111	7	0	0	7	25	7	5	7	3	48
100011000101100	001100101110000	6	0	0	6	20	7	3	3	2	384
100011000101101	011001000001111	7	0	0	7	13	5	6	13	5	48
100011000101110	011001000001111	7	0	0	6	10	3	5	12	5	48
100011000101111	111001000001111	8	0	0	8	22	7	7	10	3	32
100011000110000	000010011001001	5	0	0	5	21	7	5	13	5	3840
100011000110001	000011001001011	6	0	0	6	22	7	4	6	3	1440
100011000110010	010100101110000	6	0	0	6	31	8	5	8	5	576
100011000110011	001000100101111	7	0	0	7	15	5	6	12	4	96
100011000110100	010100101110000	6	0	0	6	29	7	5	9	5	576
100011000110101	001000100101111	7	0	0	7	16	4	3	3	1	96
100011000110110	101101100101000	7	0	0	7	26	7	5	8	3	128
100011000110111	011001110110100	8	0	0	6	9	3	4	5	2	48
100011000111000	001100101110000	6	0	0	6	24	7	3	7	4	384
100011000111001	111000010101001	7	0	0	7	17	5	4	7	2	144
100011000111010	011001000001111	7	0	0	7	19	6	5	7	3	48
100011000111011	111000100011101	8	0	0	8	20	5	7	12	4	16
100011000111100	001001000101111	7	0	0	7	18	6	3	3	1	576
100011000111101	001001100101111	8	0	0	8	11	3	3	3	1	24
100011000111110	001001100101111	8	0	0	8	19	5	6	13	4	24
100011000111111	110010101101011	9	0	0	7	11	3	7	11	3	8
100011001000001	000010011001001	5	1396	1292	5	20	9	3	8	4	3840
100011001000010	000010011001001	5	502	467	5	28	9	4	5	5	3840
100011001000011	001100101110000	6	0	0	6	28	8	5	11	5	384
100011001001001	001100101110000	6	8011	7727	6	15	7	5	8	3	384
100011001001010	001100101110000	6	3648	3531	6	24	7	5	7	4	384
100011001001011	111000010101001	7	0	0	7	26	7	5	8	3	144
100011001100000	000010011001001	5	1364	1268	5	27	9	5	12	5	3840
100011001100001	010100101110000	6	6297	6079	6	26	7	5	10	6	576
100011001100010	010100101110000	6	218	172	6	26	8	5	15	6	576
100011001100011	101101100101000	7	0	0	7	27	8	5	14	6	128
100011001101000	001100101110000	6	7255	6993	6	21	7	3	5	3	384
100011001101001	001001000101111	7	35355	34778	7	19	5	4	5	2	576
100011001101010	011001000001111	7	1002	930	7	28	7	6	16	6	48
100011001101011	001001100101111	8	0	0	8	19	5	7	12	4	24
100011010000011	010100101110000	6	0	0	6	15	7	4	8	5	576
100011010001011	101101100101000	7	0	0	7	24	6	5	7	3	128
100011010100001	010100101110000	6	2010	1855	6	23	7	5	13	6	576
100011010100011	101101100101000	7	0	0	7	23	7	6	9	4	128
100011010101001	101101100101000	7	5051	4881	7	18	6	4	4	2	128
100011010101011	011000101101011	8	0	0	6	12	4	6	12	4	32
100011011000001	010100101110000	6	1635	1522	6	25	8	6	11	4	576
100011011000010	010100101110000	6	1479	1428	6	32	8	4	13	6	576
100011011000011	011001000001111	7	0	0	7	31	7	4	9	5	48
100011011001001	101101100101000	7	5261	5104	7	17	6	6	7	3	128
100011011001010	101101100101000	7	10045	9786	6	15	6	5	7	3	128
100011011001011	001001100101111	8	0	0	8	22	6	6	15	5	24
100011011100000	010100101110000	6	982	910	6	28	8	5	9	5	576
100011011100001	001001011101001	7	8191	7834	6	22	8	5	8	3	576
100011011100010	101101100101000	7	897	834	7	28	7	6	9	5	128
100011011100011	011000101101011	8	0	0	8	19	6	6	11	5	32
100011011101000	101101100101000	7	3185	3080	7	20	7	4	8	4	128
100011011101001	011101011001001	8	121854	120517	8	14	4	7	12	4	192
100011011101010	011000101101011	8	3796	3696	8	22	6	6	15	6	32
100011011101011	011011101101001	9	0	0	9	23	5	8	13	4	16
100011100000010	000010011001001	5	1067	990	5	22	9	4	6	3	3840
100011100000011	010100101110000	6	0	0	6	31	9	4	6	3	576
100011100000110	001100101110000	6	0	0	5	15	6	5	10	4	384
100011100000111	011001000001111	7	0	0	7	18	7	4	5	3	48
100011100001010	001100101110000	6	4217	4085	6	20	7	4	9	4	384
100011100001011	011001000001111	7	0	0	7	18	7	4	5	3	48
100011100001110	111100000011100	7	0	0	5	11	3	5	5	2	192
100011100001111	110001101101001	8	0	0	8	17	5	6	11	4	32
100011100010000	000010011001001	5	0	0	5	28	10	3	5	3	3840
100011100010001	010100101110000	6	0	0	6	34	9	6	13	6	576
100011100010010	001100101110000	6	0	0	6	19	6	5	10	4	384
100011100010011	011001000001111	7	0	0	6	11	3	1	1	1	48
100011100010100	001100101110000	6	0	0	6	22	7	3	7	3	384
100011100010101	011001000001111	7	0	0	6	23	8	4	7	3	48
100011100010110	111100000011100	7	0	0	7	20	6	5	15	4	192
100011100010111	011001000101111	8	0	0	7	13	3	1	1	1	32
100011100011000	001100101110000	6	0	0	6	21	7	3	6	3	384
100011100011001	011001000001111	7	0	0	6	23	8	6	10	4	48
100011100011010	111000010101001	7	0	0	7	17	6	5	7	3	144
100011100011011	111000100011101	8	0	0	6	9	3	6	9	3	16
100011100011100	111100000011100	7	0	0	7	13	4	5	5	2	192
100011100011101	110001101101001	8	0	0	8	15	4	7	13	4	32
100011100011110	111000100111001	8	0	0	7	11	3	7	11	3	64
100011100011111	111001100111001	9	0	0	7	11	3	7	11	3	8
100011100100000	000010011001001	5	71	42	5	25	10	2	3	2	3840
100011100100001	010100101110000	6	527	471	6	29	9	5	12	5	576
100011100100010	010100101110000	6	337	269	6	17	7	2	6	4	576
100011100100011	001001011101001	7	1009	935	7	19	6	6	10	4	576
100011100100100	001100101110000	6	0	0	5	11	5	2	2	1	384
100011100100101	011001000001111	7	0	0	7	24	8	4	5	2	48
100011100100110	011001000001111	7	0	0	7	16	4	5	5	3	48
100011100100111	111001000001111	8	0	0	5	6	3	5	6	3	32
100011100101000	001100101110000	6	654	600	6	24	7	3	6	3	384
100011100101001	011001000001111	7	3119	3021	7	24	8	6	11	4	48
100011100101010	011001000001111	7	754	682	6	13	4	4	4	2	48
100011100101011	111001000001111	8	0	0	5	6	3	5	5	2	32
100011100101100	111100000011100	7	0	0	5	9	3	3	4	2	192
100011100101101	110001101101001	8	0	0	8	13	4	6	7	2	32
100011100101110	011001000101111	8	0	0	8	17	4	5	5	2	32
100011100101111	110001011101011	9	0	0	9	22	5	7	12	3	16
100011100110000	101010000110001	6	0	0	6	21	8	4	10	4	480
100011100110001	001000100101111	7	0	0	5	8	3	5	8	3	96
100011100110010	011001000001111	7	0	0	7	16	6	5	5	3	48
100011100110011	111001000001111	8	0	0	8	18	5	2	2	1	32
100011100110100	011001000001111	7	0	0	7	22	7	5	7	3	48
100011100110101	111001000001111	8	0	0	6	10	4	4	5	2	32
100011100110110	110001101101001	8	0	0	6	9	3	6	9	3	32
100011100110111	110001011101011	9	0	0	7	12	3	5	8	2	16
100011100111000	010111011000001	7	0	0	6	11	3	4	5	2	96
100011100111001	111000100011101	8	0	0	8	19	5	5	6	2	16
100011100111010	111000100011101	8	0	0	8	19	5	6	9	3	16
100011100111011	011101110111000	9	0	0	9	22	5	8	15	4	24
100011100111100	011001000101111	8	0	0	6	10	3	4	4	1	32
100011100111101	111001100101101	9	0	0	6	7	2	6	7	2	8
100011100111110	111001100111001	9	0	0	8	12	3	7	11	3	8
100011100111111	110110111101001	10	0	0	8	12	3	8	12	3	4
100011101000000	000010011001001	5	1334	1241	5	30	10	4	5	4	3840
100011101000001	010100101110000	6	716	655	6	23	7	6	14	5	576
100011101000010	101010000110001	6	4640	4490	6	18	6	5	13	6	480
100011101000011	011001000001111	7	0	0	7	13	5	7	13	5	48
100011101001000	001100101110000	6	2340	2153	4	10	5	3	5	2	384
100011101001001	011001000001111	7	3898	3789	7	27	8	4	5	2	48
100011101001010	010111011000001	7	11072	10563	5	12	4	5	12	4	96
100011101001011	111000100011101	8	0	0	7	14	4	7	12	3	16
100011101100000	001100101110000	6	488	443	6	20	6	4	8	4	384
100011101100001	101101100101000	7	2728	2636	7	21	7	5	9	4	128
100011101100010	011001000001111	7	1475	1366	7	16	6	7	16	6	48
100011101100011	011000101101011	8	3760	3656	8	26	7	6	10	3	32
100011101101000	111000010101001	7	2023	1951	6	13	4	3	3	1	144
100011101101001	001001100101111	8	13103	12941	8	26	6	6	8	3	24
100011101101010	111000100011101	8	4438	4311	7	20	5	5	8	3	16
100011101101011	110010101101011	9	0	0	7	17	4	5	8	2	8
100011110000010	010100101110000	6	2842	2742	6	15	5	5	11	4	576
100011110000011	001001011101001	7	0	0	7	24	7	2	3	3	576
100011110001010	101101100101000	7	6750	6451	5	13	6	5	7	3	128
100011110001011	011000101101011	8	0	0	8	17	5	8	17	5	32
100011110100000	010100101110000	6	169	115	6	19	7	2	4	3	576
100011110100001	001001011101001	7	0	0	5	11	5	5	8	3	576
100011110100010	101101100101000	7	1745	1610	7	17	6	6	11	4	128
100011110100011	011101011001001	8	0	0	8	27	6	3	4	2	192
100011110101000	101101100101000	7	623	560	6	22	7	5	10	4	128
100011110101001	011000101101011	8	0	0	8	26	6	6	13	5	32
100011110101010	011000101101011	8	5777	5603	8	22	5	7	14	5	32
100011110101011	011011101101001	9	0	0	4	9	3	3	3	2	16
100011111000000	010100101110000	6	3418	3306	6	29	7	4	6	4	576
100011111000001	001001011101001	7	0	0	6	21	7	6	11	4	576
100011111000010	001000100101111	7	17467	17133	7	18	6	5	9	3	96
100011111000011	111001000001111	8	0	0	7	12	4	6	11	3	32
100011111001000	101101100101000	7	31109	30650	7	17	7	3	6	3	128
100011111001001	011000101101011	8	0	0	8	18	5	5	7	3	32
100011111001010	011001110110100	8	399162	388818	7	17	5	6	11	4	48
100011111001011	110010101101011	9	0	0	8	12	3	8	12	3	8
100011111100000	001001000101111	7	981	915	7	22	7	2	2	1	576
100011111100001	011101011001001	8	0	0	7	21	6	6	11	4	192
100011111100010	001001100101111	8	8887	8645	8	21	6	6	10	3	24
100011111100011	011011101101001	9	0	0	9	17	6	6	9	3	16
100011111101000	001001100101111	8	3950	3873	8	11	3	4	6	2	24
100011111101001	011011101101001	9	0	0	8	21	5	6	10	3	16
100011111101010	110010101101011	9	20896	20584	8	12	4	8	12	4	8
100011111101011	011011111101001	10	0	0	9	17	4	7	11	3	20
100100000011100	000010011001001	5	1814	1761	5	24	9	3	5	3	3840
100100000101001	000010011001001	5	1756	1703	5	22	8	4	8	5	3840
100100000101100	000010011001001	5	0	0	5	21	8	4	8	5	3840
100100000111000	000010011001001	5	0	0	5	25	9	5	12	5	3840
100100000111100	010100101110000	6	0	0	6	28	8	5	7	3	576
100100001001001	000010011001001	5	591	559	4	13	6	3	5	3	3840
100100001001100	000010011001001	5	0	0	5	21	8	4	11	5	3840
100100001010100	000010011001001	5	0	0	5	24	8	5	13	4	3840
100100001011100	010100101110000	6	0	0	6	25	8	5	12	5	576
100100001100100	000010011001001	5	0	0	5	25	9	4	6	4	3840
100100001101000	000010011001001	5	1086	1054	5	25	8	5	12	5	3840
100100001101001	010100101110000	6	4313	4247	6	22	7	5	7	3	576
100100001101100	001100101110000	6	0	0	5	15	5	4	6	3	384
100100001110000	000010011001001	5	0	0	5	18	8	2	4	3	3840
100100001110100	010100101110000	6	0	0	6	24	7	5	7	3	576
100100001111000	010100101110000	6	0	0	6	30	8	5	16	7	576
100100001111100	101101100101000	7	0	0	7	15	5	5	7	3	128
100100010011000	000010011001001	5	0	0	5	29	9	3	7	4	3840
100100010011100	001100101110000	6	789	724	6	12	4	5	10	4	384
100100010100001	000010011001001	5	930	725	5	22	8	4	7	5	3840
100100010101000	000010011001001	5	1152	937	5	29	9	5	12	6	3840
100100010101001	101010000110001	6	7890	7139	6	16	5	3	3	1	480
100100010101100	001100101110000	6	0	0	4	9	4	4	6	2	384
100100010111000	101010000110001	6	0	0	6	19	6	4	5	2	480
100100010111100	011001000001111	7	2423	2357	7	17	5	5	7	3	48
100100011000001	000010011001001	5	1210	1053	5	29	10	5	13	5	3840
100100011001000	000010011001001	5	746	639	5	34	10	5	14	7	3840
100100011001001	101010000110001	6	7002	6508	6	17	7	2	2	1	480
100100011001100	001100101110000	6	0	0	4	5	3	4	5	3	384
100100011010000	000010011001001	5	0	0	5	35	9	5	12	7	3840
100100011010100	001100101110000	6	0	0	4	9	5	4	7	4	384
100100011011000	010100101110000	6	0	0	6	41	9	6	14	6	576
100100011011100	001001000101111	7	2637	2563	7	28	7	5	7	3	576
100100011100000	000010011001001	5	620	475	5	24	8	5	13	5	3840
100100011100001	010100101110000	6	6287	5669	6	29	7	6	10	5	576
100100011100100	001100101110000	6	0	0	6	24	7	4	8	4	384
100100011101000	000011001001011	6	5407	4886	6	24	8	4	7	4	1440
100100011101001	001000100101111	7	41158	39296	7	20	5	5	6	2	96
100100011101100	111000010101001	7	0	0	7	16	5	3	5	2	144
100100011110000	101010000110001	6	0	0	6	21	7	4	5	2	480
100100011110100	011001000001111	7	0	0	7	20	6	7	14	5	48
100100011111000	001000100101111	7	0	0	7	21	6	5	8	3	96
100100011111100	001001100101111	8	8462	8349	8	29	7	6	8	3	24
100100100011100	010100101110000	6	0	0	6	24	8	5	12	5	576
100100100101001	010100101110000	6	5786	5697	6	13	5	5	12	4	576
100100100101100	010100101110000	6	0	0	6	14	6	5	12	4	576
100100100111000	010100101110000	6	0	0	6	20	6	5	10	6	576
100100100111100	001001011101001	7	0	0	7	20	6	6	10	4	576
100100101001001	010100101110000	6	3382	3331	6	21	7	5	12	5	576
100100101001100	010100101110000	6	0	0	6	16	8	5	13	7	576
100100101010100	010100101110000	6	0	0	6	23	8	5	10	6	576
100100101011100	001001011101001	7	0	0	7	22	6	5	13	5	576
100100101100100	010100101110000	6	0	0	6	29	9	5	8	4	576
100100101101000	010100101110000	6	4497	4428	6	28	9	5	10	6	576
100100101101001	001001011101001	7	6637	6535	6	14	6	6	10	4	576
100100101101100	001001000101111	7	0	0	7	21	7	5	7	3	576
100100101110000	010100101110000	6	0	0	6	24	8	5	14	6	576
100100101110100	001001011101001	7	0	0	7	27	7	5	8	4	576
100100101111000	001001011101001	7	0	0	7	31	7	5	8	4	576
100100101111100	011101011001001	8	0	0	8	16	5	7	12	4	192
100100110011000	010100101110000	6	0	0	6	33	8	6	16	5	576
100100110011100	101101100101000	7	0	0	7	19	7	6	11	4	128
100100110100001	010100101110000	6	6207	5561	6	16	5	5	8	2	576
100100110101000	010100101110000	6	7185	6453	6	31	8	5	12	5	576
100100110101001	011001000001111	7	47142	44869	7	20	7	5	9	3	48
100100110101100	101101100101000	7	0	0	7	24	7	5	9	3	128
100100110111000	011001000001111	7	0	0	7	16	5	6	13	4	48
100100110111100	011000101101011	8	0	0	6	8	3	6	8	3	32
100100111000001	010100101110000	6	4388	4110	6	26	7	5	8	4	576
100100111001000	010100101110000	6	2950	2730	6	38	9	6	18	6	576
100100111001001	011001000001111	7	23944	22941	7	27	7	5	8	4	48
100100111001100	101101100101000	7	0	0	7	23	7	4	8	4	128
100100111010000	010100101110000	6	0	0	6	31	8	5	9	6	576
100100111010100	101101100101000	7	0	0	7	21	7	5	9	4	128
100100111011000	001001011101001	7	0	0	7	25	7	6	15	6	576
100100111011100	011101011001001	8	0	0	8	22	6	7	12	3	192
100100111100000	010100101110000	6	4197	3753	6	22	7	5	8	4	576
100100111100001	001001011101001	7	35597	33766	7	22	8	5	8	3	576
100100111100100	101101100101000	7	0	0	7	22	7	5	12	5	128
100100111101000	001000100101111	7	25895	24070	6	11	4	5	9	3	96
100100111101001	111001000001111	8	237786	231823	8	18	5	5	9	3	32
100100111101100	001001100101111	8	0	0	8	17	5	5	9	3	24
100100111110000	011001000001111	7	0	0	7	26	8	6	9	4	48
100100111110100	011000101101011	8	0	0	8	16	5	7	16	5	32
100100111111000	111001000001111	8	0	0	8	26	7	6	9	4	32
100100111111100	011011101101001	9	0	0	7	12	4	7	12	4	16
100101000010100	000010011001001	5	0	0	5	27	8	5	13	5	3840
100101000011000	000010011001001	5	0	0	5	24	8	5	14	7	3840
100101000011100	101010000110001	6	0	0	6	23	7	2	2	1	480
100101000100100	000010011001001	5	0	0	5	27	9	4	7	5	3840
100101000101000	000010011001001	5	3003	2918	5	21	8	5	12	6	3840
100101000101001	001100101110000	6	4359	4292	6	16	7	4	6	2	384
100101000101100	101010000110001	6	0	0	6	22	7	3	3	1	480
100101000110000	000010011001001	5	0	0	5	21	8	5	13	5	3840
100101000110100	010100101110000	6	0	0	6	33	8	6	10	5	576
100101000111000	000011001001011	6	0	0	6	23	7	4	7	4	1440
100101000111100	001000100101111	7	0	0	7	21	6	5	6	2	96
100101001000100	000010011001001	5	0	0	5	35	10	5	13	6	3840
100101001001000	000010011001001	5	912	885	5	23	9	3	7	4	3840
100101001001001	001100101110000	6	2828	2785	6	16	7	5	10	4	384
100101001001100	101010000110001	6	0	0	6	24	7	3	3	2	480
100101001010000	000010011001001	5	0	0	5	28	9	5	12	6	3840
100101001010100	000011001001011	6	0	0	6	26	7	5	7	3	1440
100101001011000	010100101110000	6	0	0	6	31	8	6	14	6	576
100101001011100	001000100101111	7	0	0	7	24	6	5	7	3	96
100101001100100	101010000110001	6	0	0	6	25	8	5	5	2	480
100101001101000	101010000110001	6	3275	3225	6	21	7	4	5	2	480
100101001101001	011001000001111	7	11497	11408	7	16	5	5	7	3	48
100101001101100	010111011000001	7	0	0	6	11	4	3	3	1	96
100101001110000	101010000110001	6	0	0	6	24	8	4	5	2	480
100101001110100	001000100101111	7	0	0	7	20	6	4	7	3	96
100101001111000	001000100101111	7	0	0	7	21	6	5	8	3	96
100101001111100	011001110110100	8	0	0	6	16	5	4	6	2	48
100101010010000	000010011001001	5	0	0	5	24	10	3	4	3	3840
100101010010100	001100101110000	6	0	0	4	10	5	4	5	2	384
100101010011000	010100101110000	6	0	0	6	28	9	6	12	4	576
100101010011100	011001000001111	7	6694	6569	7	27	8	4	7	4	48
100101010100000	000010011001001	5	8	3	5	28	10	2	4	2	3840
100101010100001	001100101110000	6	76	49	6	20	7	4	8	3	384
100101010100100	001100101110000	6	0	0	6	20	7	4	8	3	384
100101010101000	010100101110000	6	106	72	6	32	9	5	16	7	576
100101010101001	011001000001111	7	520	476	6	22	8	6	11	4	48
100101010101100	011001000001111	7	0	0	6	22	8	6	11	4	48
100101010110000	101010000110001	6	0	0	6	14	5	4	5	2	480
100101010110100	011001000001111	7	0	0	6	17	5	6	17	5	48
100101010111000	001000100101111	7	0	0	6	15	5	5	8	3	96
100101010111100	111001000001111	8	0	0	8	19	5	5	7	3	32
100101011000000	000010011001001	5	7	3	5	33	10	3	4	4	3840
100101011000001	001100101110000	6	51	32	4	10	5	4	5	2	384
100101011000100	001100101110000	6	0	0	6	27	7	4	7	3	384
100101011001000	010100101110000	6	87	62	6	27	8	6	12	5	576
100101011001001	011001000001111	7	513	479	7	27	8	4	7	4	48
100101011001100	011001000001111	7	0	0	7	27	8	7	15	5	48
100101011010000	001100101110000	6	0	0	6	19	6	3	7	4	384
100101011010100	111000010101001	7	0	0	4	5	2	3	5	2	144
100101011011000	101101100101000	7	0	0	6	19	7	4	7	4	128
100101011011100	001001100101111	8	0	0	8	27	6	5	7	3	24
100101011100000	101010000110001	6	60	40	6	20	8	4	5	2	480
100101011100001	011001000001111	7	395	365	7	21	7	6	17	5	48
100101011100100	010111011000001	7	0	0	7	11	3	4	5	2	96
100101011101000	001000100101111	7	341	305	5	8	3	5	8	3	96
100101011101001	111001000001111	8	1330	1282	6	9	4	5	7	3	32
100101011101100	111000100011101	8	0	0	8	18	5	3	5	2	16
100101011110000	010111011000001	7	0	0	7	13	4	5	5	2	96
100101011110100	111000100011101	8	0	0	4	6	2	4	6	2	16
100101011111000	011001110110100	8	0	0	7	16	4	4	4	1	48
100101011111100	110010101101011	9	0	0	5	9	3	5	6	2	8
100101100010100	010100101110000	6	0	0	6	27	8	5	8	4	576
100101100011000	010100101110000	6	0	0	6	27	7	6	18	6	576
100101100011100	011001000001111	7	0	0	7	23	8	5	8	4	48
100101100100100	010100101110000	6	0	0	6	25	8	5	8	2	576
100101100101000	010100101110000	6	58984	57846	6	23	7	5	12	5	576
100101100101001	101101100101000	7	14451	14339	7	23	6	5	9	3	128
100101100101100	011001000001111	7	0	0	7	22	7	5	9	3	48
100101100110000	010100101110000	6	0	0	6	22	7	5	8	4	576
100101100110100	001001011101001	7	0	0	7	22	7	5	8	3	576
100101100111000	001000100101111	7	0	0	6	11	4	5	9	3	96
100101100111100	111001000001111	8	0	0	6	11	4	5	9	3	32
100101101000100	010100101110000	6	0	0	6	37	9	5	12	5	576
100101101001000	010100101110000	6	3343	3292	6	27	8	6	16	5	576
100101101001001	101101100101000	7	9837	9761	7	18	6	6	11	4	128
100101101001100	011001000001111	7	0	0	7	13	5	6	15	5	48
100101101010000	010100101110000	6	0	0	6	31	8	5	9	6	576
100101101010100	001000100101111	7	0	0	7	16	5	4	4	2	96
100101101011000	001001011101001	7	0	0	7	25	8	6	15	6	576
100101101011100	111001000001111	8	0	0	7	24	7	7	12	4	32
100101101100100	011001000001111	7	0	0	7	27	8	6	9	3	48
100101101101000	011001000001111	7	13937	13829	7	13	4	6	13	4	48
100101101101001	011000101101011	8	639432	620470	7	16	5	6	8	3	32
100101101101100	011001000101111	8	0	0	8	17	5	6	11	3	32
100101101110000	011001000001111	7	0	0	7	26	8	6	9	4	48
100101101110100	111001000001111	8	0	0	8	24	6	6	9	3	32
100101101111000	111001000001111	8	0	0	8	26	7	6	9	4	32
100101101111100	110001011101011	9	0	0	8	15	3	8	15	3	16
100101110010000	010100101110000	6	0	0	6	22	7	4	8	4	576
100101110010100	101101100101000	7	0	0	7	21	7	5	8	3	128
100101110011000	001001011101001	7	0	0	7	18	6	6	17	6	576
100101110011100	011000101101011	8	0	0	8	21	6	5	6	3	32
100101110100000	010100101110000	6	75	46	6	19	6	0	0	0	576
100101110100001	101101100101000	7	489	450	7	19	7	6	9	3	128
100101110100100	101101100101000	7	0	0	7	19	7	6	9	3	128
100101110101000	001001011101001	7	654	607	7	21	6	5	8	3	576
100101110101001	011000101101011	8	3004	2945	8	21	6	6	8	3	32
100101110101100	011000101101011	8	0	0	8	19	5	6	8	3	32
100101110110000	011001000001111	7	0	0	6	19	7	4	5	2	48
100101110110100	011000101101011	8	0	0	8	17	5	5	6	2	32
100101110111000	111001000001111	8	0	0	7	12	4	4	5	2	32
100101110111100	111001100110110	9	0	0	7	18	5	6	8	3	96
100101111000000	010100101110000	6	62	42	6	29	7	4	8	4	576
100101111000001	101101100101000	7	391	362	7	21	7	5	8	3	128
100101111000100	101101100101000	7	0	0	6	26	7	6	12	5	128
100101111001000	001001011101001	7	525	489	7	20	7	6	17	6	576
100101111001001	011000101101011	8	2449	2402	8	18	5	5	6	3	32
100101111001100	011000101101011	8	0	0	8	22	5	6	12	5	32
100101111010000	001001000101111	7	0	0	6	21	7	4	4	2	576
100101111010100	001001100101111	8	0	0	4	4	2	4	4	2	24
100101111011000	011101011001001	8	0	0	8	26	6	8	18	5	192
100101111011100	011011101101001	9	0	0	8	30	6	8	16	4	16
100101111100000	011001000001111	7	391	361	7	17	6	4	5	2	48
100101111100001	011000101101011	8	1980	1938	8	26	7	5	6	2	32
100101111100100	111011000101001	8	0	0	6	7	2	5	6	2	96
100101111101000	111001000001111	8	1870	1821	7	15	4	4	5	2	32
100101111101001	111001100110110	9	9993	9930	9	21	5	6	8	3	96
100101111101100	111001100101101	9	0	0	7	8	2	5	6	2	8
100101111110000	011001000101111	8	0	0	5	6	2	5	6	2	32
100101111110100	111001100101101	9	0	0	8	18	5	6	11	3	8
100101111111000	110001011101011	9	0	0	7	13	4	7	10	3	16
100101111111100	111010111100011	10	16	14	8	14	4	7	9	3	8
100110000100001	000010011001001	5	1563	1306	5	24	8	3	3	2	3840
100110000101000	000010011001001	5	1710	1433	5	19	8	4	8	5	3840
100110000101001	001100101110000	6	11955	11003	6	20	6	4	6	2	384
100110001000001	000010011001001	5	1825	1536	5	29	10	4	6	3	3840
100110001001000	000010011001001	5	1213	1040	5	22	9	5	10	3	3840
100110001001001	001100101110000	6	12406	11431	6	24	7	3	3	1	384
100110001100000	000010011001001	5	907	770	5	22	8	4	7	4	3840
100110001100001	010100101110000	6	8886	8201	6	17	6	5	11	4	576
100110001101000	101010000110001	6	7461	6946	6	17	6	3	3	1	480
100110001101001	011001000001111	7	56768	54470	7	25	8	4	7	3	48
100110010100001	010100101110000	6	8129	7321	6	24	8	5	11	4	576
100110010101000	010100101110000	6	7345	6758	6	25	8	5	7	3	576
100110010101001	011001000001111	7	60064	57454	7	16	5	4	7	3	48
100110011000001	010100101110000	6	9021	8367	6	29	9	5	13	6	576
100110011001000	010100101110000	6	6610	6143	6	31	8	5	14	5	576
100110011001001	011001000001111	7	86977	82634	7	25	6	5	14	6	48
100110011100000	010100101110000	6	4756	4375	6	21	8	6	10	5	576
100110011100001	001001011101001	7	50138	47927	7	30	8	5	9	4	576
100110011101000	001000100101111	7	36729	35004	7	19	5	5	6	2	96
100110011101001	111001000001111	8	423035	412818	8	25	7	6	12	5	32
100110100100001	010100101110000	6	6873	6323	6	24	7	5	8	3	576
100110100101000	010100101110000	6	6723	6224	6	27	9	5	12	4	576
100110100101001	011001000001111	7	30171	28337	6	14	5	5	9	3	48
100110101000001	010100101110000	6	7650	7064	6	28	8	5	8	4	576
100110101001000	010100101110000	6	5156	4795	6	32	9	5	13	7	576
100110101001001	011001000001111	7	46249	44197	7	20	7	5	8	4	48
100110101100000	010100101110000	6	3733	3511	6	21	8	6	12	5	576
100110101100001	001001011101001	7	18997	17776	6	23	8	5	7	3	576
100110101101000	001000100101111	7	17143	16292	6	11	4	5	7	3	96
100110101101001	111001000001111	8	230546	224240	8	18	5	5	8	3	32
100110110100001	101101100101000	7	19507	17660	5	11	6	4	6	3	128
100110110101000	101101100101000	7	25883	24255	6	11	5	0	0	0	128
100110110101001	110001101101001	8	269549	263232	8	22	6	7	14	3	32
100110111000001	101101100101000	7	14324	13074	5	16	7	5	8	4	128
100110111001000	101101100101000	7	15549	14600	6	13	5	4	8	4	128
100110111001001	110001101101001	8	271905	263505	8	24	6	7	12	4	32
100110111100000	101101100101000	7	16697	15716	6	18	7	5	9	4	128
100110111100001	011101011001001	8	213089	207987	8	16	5	6	12	4	192
100110111101000	011001110110100	8	180721	176032	8	21	6	5	7	2	48
100110111101001	110001011101011	9	5622173	5455618	9	19	5	8	21	5	16
100111000100000	000010011001001	5	60	25	5	28	10	4	6	4	3840
100111000100001	001100101110000	6	982	863	6	15	5	4	6	2	384
100111000101000	001100101110000	6	455	381	6	15	5	4	6	3	384
100111000101001	111100000011100	7	2583	2379	5	11	4	3	3	1	192
100111001000000	000010011001001	5	65	25	5	23	10	4	8	5	3840
100111001000001	001100101110000	6	659	519	3	7	3	3	7	3	384
100111001001000	001100101110000	6	290	214	3	8	3	3	5	3	384
100111001001001	111100000011100	7	6726	6498	7	13	4	5	5	1	192
100111001100000	101010000110001	6	418	344	6	22	8	5	5	2	480
100111001100001	011001000001111	7	5670	5441	7	21	7	6	11	4	48
100111001101000	010111011000001	7	637	537	3	3	1	3	3	1	96
100111001101001	011001000101111	8	23977	23622	8	21	5	5	9	3	32
100111010100000	010100101110000	6	0	0	6	20	7	5	7	3	576
100111010100001	011001000001111	7	0	0	7	20	6	4	7	3	48
100111010101000	101101100101000	7	0	0	6	12	5	5	7	3	128
100111010101001	110001101101001	8	0	0	8	12	4	8	12	4	32
100111011000000	010100101110000	6	0	0	6	20	7	5	14	5	576
100111011000001	011001000001111	7	0	0	7	24	7	5	11	5	48
100111011001000	101101100101000	7	0	0	7	13	6	4	6	2	128
100111011001001	110001101101001	8	0	0	8	21	5	8	20	4	32
100111011100000	001000100101111	7	0	0	6	8	3	4	7	3	96
100111011100001	111001000001111	8	0	0	8	25	7	6	11	4	32
100111011101000	011001110110100	8	0	0	7	17	5	4	6	2	48
100111011101001	110001011101011	9	0	0	9	19	5	7	13	4	16
100111100100000	010100101110000	6	642	573	6	20	7	5	9	3	576
100111100100001	101101100101000	7	5645	5450	7	17	6	5	9	3	128
100111100101000	011001000001111	7	3335	3206	6	11	4	5	11	4	48
100111100101001	110001101101001	8	24509	24188	8	14	4	7	8	2	32
100111101000000	010100101110000	6	610	529	6	21	7	5	12	5	576
100111101000001	101101100101000	7	5427	5239	7	17	6	4	7	2	128
100111101001000	011001000001111	7	4638	4495	7	27	7	6	15	5	48
100111101001001	110001101101001	8	25250	24930	8	21	5	7	17	4	32
100111101100000	011001000001111	7	2491	2422	7	21	6	6	14	5	48
100111101100001	011000101101011	8	11045	10820	7	23	7	7	14	4	32
100111101101000	111000100011101	8	8488	8370	7	13	4	5	6	2	16
100111101101001	111001100101101	9	316733	313266	8	15	4	7	8	2	8
100111110100000	101101100101000	7	0	0	7	22	7	6	9	3	128
100111110100001	011000101101011	8	0	0	6	15	5	4	9	3	32
100111110101000	011000101101011	8	0	0	6	13	5	4	8	3	32
100111110101001	110101101101001	9	0	0	9	19	4	8	9	2	32
100111111000000	101101100101000	7	0	0	7	27	7	6	12	5	128
100111111000001	011000101101011	8	0	0	6	10	4	6	10	4	32
100111111001000	011000101101011	8	0	0	8	15	4	6	12	5	32
100111111001001	110101101101001	9	0	0	9	16	5	5	8	2	32
100111111100000	001001100101111	8	0	0	8	16	4	5	7	3	24
100111111100001	011011101101001	9	0	0	8	14	4	7	16	5	16
100111111101000	110010101101011	9	0	0	7	14	4	6	10	3	8
100111111101001	111010111100011	10	0	0	8	12	3	7	11	3	8
101000000000111	000010011001001	5	2813	2590	4	18	9	4	7	5	3840
101000000001011	000010011001001	5	6346	6011	5	27	10	3	3	3	3840
101000000001110	000010011001001	5	6391	6114	5	33	10	5	11	4	3840
101000000001111	010100101110000	6	23912	23111	6	23	7	6	14	6	576
101000000010011	000010011001001	5	0	0	5	31	10	5	11	6	3840
101000000010101	000010011001001	5	13886	12995	5	26	10	4	10	6	3840
101000000010111	001100101110000	6	0	0	6	37	9	5	11	5	384
101000000011001	000010011001001	5	18917	17711	5	22	8	3	4	4	3840
101000000011010	000010011001001	5	0	0	5	26	9	5	11	4	3840
101000000011011	101010000110001	6	0	0	6	13	5	3	4	2	480
101000000011100	000010011001001	5	3386	3276	5	16	7	3	5	5	3840
101000000011101	010100101110000	6	87750	84302	6	19	6	6	12	4	576
101000000011110	001100101110000	6	0	0	6	25	8	4	11	5	384
101000000011111	011001000001111	7	0	0	5	13	5	5	12	4	48
101000000100101	000010011001001	5	5930	5166	5	25	9	3	5	3	3840
101000000100111	010100101110000	6	0	0	6	29	8	5	8	4	576
101000000101001	000010011001001	5	1173	1133	5	24	8	3	4	3	3840
101000000101011	010100101110000	6	0	0	6	21	7	6	15	6	576
101000000101100	000010011001001	5	3841	3373	5	15	6	4	10	5	3840
101000000101101	010100101110000	6	31800	29838	6	17	6	5	11	3	576
101000000101110	010100101110000	6	0	0	6	14	7	6	13	6	576
101000000101111	001001011101001	7	0	0	7	21	7	5	14	5	576
101000000110001	000010011001001	5	175371	169448	5	30	10	5	13	5	3840
101000000110011	010100101110000	6	0	0	6	34	8	5	13	6	576
101000000110101	010100101110000	6	0	0	6	17	5	5	11	5	576
101000000110111	101101100101000	7	0	0	7	26	8	5	9	5	128
101000000111000	000010011001001	5	1452	1319	5	27	9	5	13	5	3840
101000000111001	001100101110000	6	27713	26656	6	14	6	3	3	2	384
101000000111010	010100101110000	6	0	0	6	20	7	5	12	6	576
101000000111011	011001000001111	7	0	0	7	26	8	5	12	5	48
101000000111100	010100101110000	6	2647	2243	6	21	7	5	11	5	576
101000000111101	101101100101000	7	0	0	7	27	8	4	7	3	128
101000000111110	101101100101000	7	0	0	7	24	8	5	8	4	128
101000000111111	011000101101011	8	0	0	8	20	5	7	16	6	32
101000001001001	000010011001001	5	836	776	5	16	6	4	7	3	3840
101000001001010	000010011001001	5	824	765	5	23	8	3	3	4	3840
101000001001011	001100101110000	6	0	0	6	22	6	5	11	4	384
101000001001100	000010011001001	5	618	422	5	15	6	4	7	4	3840
101000001010100	000010011001001	5	613	403	5	22	8	5	13	6	3840
101000001011100	010100101110000	6	3979	3374	6	32	9	5	11	5	576
101000001100100	000010011001001	5	616	437	5	24	9	5	12	5	3840
101000001101000	000010011001001	5	755	701	5	22	8	4	6	4	3840
101000001101001	010100101110000	6	3198	3073	6	18	7	4	4	2	576
101000001101010	010100101110000	6	192	157	6	29	8	5	12	5	576
101000001101011	101101100101000	7	0	0	7	22	7	6	10	4	128
101000001101100	001100101110000	6	3141	2715	6	15	5	3	6	3	384
101000001110000	000010011001001	5	213	128	5	23	8	4	7	4	3840
101000001110100	010100101110000	6	3265	2774	6	27	7	5	13	6	576
101000001111000	010100101110000	6	1599	1307	6	27	8	5	17	5	576
101000001111100	101101100101000	7	15289	13937	6	12	6	4	4	2	128
101000010000011	000010011001001	5	38	24	5	31	10	3	9	5	3840
101000010001011	001100101110000	6	0	0	6	22	6	3	7	4	384
101000010010100	000010011001001	5	1239	1085	5	25	8	3	8	4	3840
101000010011100	001100101110000	6	4673	4367	6	11	4	5	8	3	384
101000010100001	000010011001001	5	29906	27943	5	27	8	5	13	5	3840
101000010100011	010100101110000	6	898	797	6	27	8	5	13	6	576
101000010100100	000010011001001	5	754	512	5	29	9	5	12	6	3840
101000010101001	001100101110000	6	410495	388655	6	17	6	3	3	2	384
101000010101011	011001000001111	7	0	0	7	25	7	5	12	5	48
101000010101100	001100101110000	6	2493	1950	4	7	3	3	6	3	384
101000010110000	000010011001001	5	0	0	5	30	8	5	12	5	3840
101000010110100	010100101110000	6	3558	3033	6	35	8	5	10	6	576
101000010111000	001100101110000	6	0	0	4	10	5	3	5	3	384
101000010111100	001001000101111	7	8387	7896	7	21	6	4	5	2	576
101000011000001	000010011001001	5	1238	1071	5	28	10	3	8	4	3840
101000011000010	000010011001001	5	529	489	5	23	9	3	5	3	3840
101000011000011	001100101110000	6	1627	1452	6	24	7	4	9	5	384
101000011000100	000010011001001	5	966	691	5	33	10	5	12	4	3840
101000011001001	001100101110000	6	7704	7173	6	17	6	4	10	4	384
101000011001010	001100101110000	6	2345	2265	6	25	7	5	7	3	384
101000011001011	111000010101001	7	0	0	7	17	5	5	10	4	144
101000011001100	001100101110000	6	3128	2537	4	9	4	4	4	2	384
101000011010100	101010000110001	6	5048	4353	6	16	5	3	3	2	480
101000011011100	011001000001111	7	15351	14447	7	17	5	4	6	3	48
101000011100000	000010011001001	5	646	549	5	24	9	5	13	5	3840
101000011100001	010100101110000	6	5627	5240	6	33	8	5	9	5	576
101000011100010	010100101110000	6	1477	1314	6	31	8	5	8	5	576
101000011100011	101101100101000	7	11162	10366	7	26	7	5	8	3	128
101000011100100	000011001001011	6	4383	3832	6	22	7	4	6	3	1440
101000011101000	001100101110000	6	2614	2484	6	21	7	3	7	4	384
101000011101001	001001000101111	7	25583	24893	7	21	5	3	3	1	576
101000011101010	011001000001111	7	763	712	7	19	6	5	7	3	48
101000011101011	001001100101111	8	0	0	8	19	5	6	13	4	24
101000011101100	111000010101001	7	12018	10712	5	8	3	4	7	2	144
101000011110000	101010000110001	6	1700	1395	6	20	7	2	2	1	480
101000011110100	001000100101111	7	22951	21445	7	18	5	4	5	2	96
101000011111000	011001000001111	7	12499	11604	7	19	6	7	14	4	48
101000011111100	001001100101111	8	55370	52789	8	25	6	4	5	2	24
101000100000110	000010011001001	5	1415	1339	5	24	9	3	5	5	3840
101000100000111	001100101110000	6	0	0	6	13	5	4	6	3	384
101000100001010	000010011001001	5	1291	1192	5	27	9	3	6	3	3840
101000100001011	001100101110000	6	0	0	6	9	4	3	6	3	384
101000100001110	101010000110001	6	0	0	6	15	6	4	4	2	480
101000100001111	011001000001111	7	0	0	7	19	6	3	4	2	48
101000100010010	000010011001001	5	2165	1988	5	27	9	4	4	3	3840
101000100010011	001100101110000	6	0	0	5	16	6	5	12	5	384
101000100010100	000010011001001	5	9087	8453	5	19	7	5	12	6	3840
101000100010101	001100101110000	6	62611	60429	6	19	7	4	9	4	384
101000100010110	001100101110000	6	9418	9001	6	24	9	4	9	4	384
101000100010111	111000010101001	7	0	0	7	20	6	5	5	2	144
101000100011000	000010011001001	5	10265	9534	5	31	9	5	14	5	3840
101000100011001	001100101110000	6	78697	75978	6	17	6	4	4	3	384
101000100011010	101010000110001	6	0	0	6	19	7	4	8	3	480
101000100011011	010111011000001	7	0	0	7	24	7	4	7	3	96
101000100011100	101010000110001	6	52140	50106	6	15	5	2	2	1	480
101000100011101	011001000001111	7	478473	443835	6	16	6	6	16	6	48
101000100011110	010111011000001	7	0	0	7	17	5	5	8	3	96
101000100011111	111000100011101	8	0	0	8	23	6	6	10	3	16
101000100100100	000010011001001	5	3871	3566	5	19	8	4	7	4	3840
101000100100101	001100101110000	6	37126	34710	6	14	7	3	4	2	384
101000100100110	010100101110000	6	4606	4485	6	24	8	5	9	4	576
101000100100111	011001000001111	7	0	0	7	22	6	5	14	5	48
101000100101000	000010011001001	5	4036	3921	5	31	9	5	12	5	3840
101000100101001	001100101110000	6	4082	4014	6	13	5	3	3	2	384
101000100101010	010100101110000	6	167	131	6	25	8	6	11	5	576
101000100101011	011001000001111	7	0	0	7	26	7	6	10	4	48
101000100101100	101010000110001	6	14745	13986	6	18	5	2	2	1	480
101000100101101	011001000001111	7	65586	62534	6	13	5	4	8	4	48
101000100101110	001000100101111	7	0	0	6	10	3	5	5	2	96
101000100101111	111001000001111	8	0	0	8	22	7	6	8	3	32
101000100110000	000010011001001	5	3030	2823	5	24	8	5	13	6	3840
101000100110001	001100101110000	6	8274	7845	6	21	7	4	8	4	384
101000100110010	010100101110000	6	7469	7179	6	29	8	5	10	4	576
101000100110011	011001000001111	7	0	0	7	29	7	6	14	5	48
101000100110100	010100101110000	6	10559	10175	6	26	7	6	13	6	576
101000100110101	001001000101111	7	0	0	7	15	4	4	5	2	576
101000100110110	101101100101000	7	31324	30554	7	31	8	5	10	4	128
101000100110111	001001100101111	8	0	0	8	25	6	6	8	3	24
101000100111000	000011001001011	6	5778	5355	6	21	6	4	6	3	1440
101000100111001	111000010101001	7	875492	843242	7	18	5	0	0	0	144
101000100111010	001000100101111	7	0	0	5	10	4	4	6	3	96
101000100111011	111000100011101	8	0	0	8	13	3	5	9	3	16
101000100111100	001000100101111	7	0	0	6	17	5	5	7	3	96
101000100111101	001001100101111	8	0	0	7	17	5	5	9	3	24
101000100111110	011001110110100	8	0	0	7	22	6	3	3	1	48
101000100111111	110010101101011	9	776	543	8	12	3	8	12	3	8
101000101000100	000010011001001	5	0	0	5	22	9	5	12	7	3840
101000101001000	000010011001001	5	1688	1567	5	28	10	3	8	4	3840
101000101001001	001100101110000	6	3342	3086	6	18	6	5	11	4	384
101000101001010	001100101110000	6	5880	5682	6	20	6	4	8	4	384
101000101001011	111100000011100	7	0	0	7	18	6	5	12	3	192
101000101001100	101010000110001	6	0	0	6	15	5	2	2	1	480
101000101010000	000010011001001	5	0	0	5	22	9	5	13	6	3840
101000101010100	000011001001011	6	0	0	6	25	7	4	6	3	1440
101000101011000	010100101110000	6	0	0	6	36	9	6	12	6	576
101000101011100	001000100101111	7	0	0	7	25	6	5	5	2	96
101000101100100	101010000110001	6	0	0	6	20	6	4	5	2	480
101000101101000	101010000110001	6	1537	1449	6	16	5	4	5	2	480
101000101101001	011001000001111	7	3769	3534	5	7	3	4	4	2	48
101000101101010	011001000001111	7	1031	958	6	12	4	6	12	4	48
101000101101011	110001101101001	8	0	0	7	14	5	6	11	3	32
101000101101100	010111011000001	7	0	0	7	15	5	4	5	2	96
101000101110000	101010000110001	6	0	0	6	18	6	4	5	2	480
101000101110100	001000100101111	7	0	0	7	18	5	4	5	2	96
101000101111000	001000100101111	7	0	0	7	20	6	3	4	2	96
101000101111100	011001110110100	8	0	0	7	20	5	4	6	2	48
101000110000010	000010011001001	5	954	875	5	29	10	4	6	3	3840
101000110000011	001100101110000	6	379	304	5	15	6	5	10	4	384
101000110001010	001100101110000	6	3696	3567	6	20	7	4	9	4	384
101000110001011	111100000011100	7	0	0	5	11	3	5	5	2	192
101000110010000	000010011001001	5	0	0	5	26	10	4	5	3	3840
101000110010100	010100101110000	6	0	0	6	30	9	6	14	5	576
101000110011000	001100101110000	6	0	0	4	10	5	3	5	2	384
101000110011100	011001000001111	7	0	0	7	27	8	4	5	2	48
101000110100000	000010011001001	5	548	457	5	31	10	2	3	3	3840
101000110100001	001100101110000	6	3047	2725	5	11	5	2	2	1	384
101000110100010	010100101110000	6	1436	1251	6	17	7	2	6	4	576
101000110100011	011001000001111	7	6657	6224	7	16	4	5	5	3	48
101000110100100	010100101110000	6	0	0	6	26	8	5	12	5	576
101000110101000	001100101110000	6	3100	2841	6	24	7	3	6	3	384
101000110101001	111100000011100	7	11610	10844	5	11	4	3	4	2	192
101000110101010	011001000001111	7	570	517	6	13	4	4	4	2	48
101000110101011	011001000101111	8	0	0	7	15	4	5	5	2	32
101000110101100	011001000001111	7	0	0	7	24	8	6	11	4	48
101000110110000	001100101110000	6	0	0	6	19	6	4	8	4	384
101000110110100	101101100101000	7	0	0	6	17	6	5	9	4	128
101000110111000	111000010101001	7	0	0	3	3	1	3	3	1	144
101000110111100	001001100101111	8	0	0	7	19	5	6	8	3	24
101000111000000	000010011001001	5	1343	1238	5	26	10	3	5	3	3840
101000111000001	001100101110000	6	5948	5468	6	22	7	3	7	3	384
101000111000010	001100101110000	6	4615	4403	6	19	6	5	10	4	384
101000111000011	111100000011100	7	22114	19978	7	20	6	5	15	4	192
101000111000100	010100101110000	6	0	0	6	32	9	6	13	6	576
101000111001000	001100101110000	6	4791	4624	6	21	7	3	6	3	384
101000111001001	111100000011100	7	26559	25764	7	14	4	5	5	2	192
101000111001010	111000010101001	7	15161	14924	7	17	6	5	7	3	144
101000111001011	111000100111001	8	0	0	7	11	3	7	11	3	64
101000111001100	011001000001111	7	0	0	6	23	8	6	10	4	48
101000111010000	101010000110001	6	0	0	6	13	5	3	4	2	480
101000111010100	001000100101111	7	0	0	7	18	5	5	7	3	96
101000111011000	011001000001111	7	0	0	6	17	5	6	11	4	48
101000111011100	111001000001111	8	0	0	8	19	5	4	5	2	32
101000111100000	101010000110001	6	2280	2072	6	11	4	4	10	4	480
101000111100001	011001000001111	7	22435	21324	7	16	5	5	7	3	48
101000111100010	011001000001111	7	12146	11316	7	16	6	5	5	3	48
101000111100011	110001101101001	8	51402	46178	6	9	3	6	9	3	32
101000111100100	001000100101111	7	0	0	6	14	5	5	8	3	96
101000111101000	010111011000001	7	4271	3861	4	6	2	4	5	2	96
101000111101001	011001000101111	8	113175	111782	8	22	5	4	4	1	32
101000111101010	111000100011101	8	4634	4526	8	19	5	6	9	3	16
101000111101011	111001100111001	9	0	0	8	12	3	7	11	3	8
101000111101100	111000100011101	8	0	0	6	9	3	5	6	2	16
101000111110000	010111011000001	7	0	0	7	14	4	4	5	2	96
101000111110100	011001110110100	8	0	0	6	12	3	0	0	0	48
101000111111000	111000100011101	8	0	0	4	5	2	3	3	1	16
101000111111100	110010101101011	9	0	0	4	6	2	4	6	2	8
101001000000111	010100101110000	6	25989	25101	6	26	8	6	13	6	576
101001000001011	010100101110000	6	40345	38788	6	26	8	4	4	2	576
101001000001110	010100101110000	6	33716	32415	6	29	8	6	12	6	576
101001000001111	001001011101001	7	455691	444772	7	26	8	6	15	6	576
101001000010011	010100101110000	6	0	0	6	25	8	6	16	5	576
101001000010101	010100101110000	6	0	0	6	32	9	6	12	6	576
101001000010111	011001000001111	7	0	0	7	20	7	5	11	4	48
101001000011001	010100101110000	6	76077	70700	6	23	8	4	4	3	576
101001000011010	010100101110000	6	51	44	6	31	8	6	15	6	576
101001000011011	001000100101111	7	374	347	7	20	6	5	17	6	96
101001000011100	010100101110000	6	8019	7581	6	24	8	6	15	5	576
101001000011101	001001011101001	7	611	585	7	26	8	6	11	4	576
101001000011110	011001000001111	7	255	242	7	24	8	6	11	4	48
101001000011111	111001000001111	8	2732	2686	8	24	7	7	13	4	32
101001000100101	010100101110000	6	17648	16622	6	27	8	5	12	4	576
101001000100111	101101100101000	7	0	0	6	19	7	5	10	4	128
101001000101001	010100101110000	6	40776	38745	6	21	7	4	4	2	576
101001000101011	101101100101000	7	0	0	6	19	8	6	10	4	128
101001000101100	010100101110000	6	9639	9120	6	14	7	5	11	5	576
101001000101101	001001011101001	7	81658	78690	7	24	7	5	8	3	576
101001000101110	101101100101000	7	273	235	6	22	8	5	8	4	128
101001000101111	011101011001001	8	2586	2539	8	23	7	7	13	5	192
101001000110001	010100101110000	6	42300	39764	6	34	8	5	9	5	576
101001000110011	101101100101000	7	0	0	7	23	8	5	8	3	128
101001000110101	001001011101001	7	0	0	7	25	7	5	8	3	576
101001000110111	011000101101011	8	0	0	8	24	7	7	13	5	32
101001000111000	010100101110000	6	25894	24328	6	20	7	5	9	5	576
101001000111001	001001000101111	7	318672	308159	7	23	7	3	3	1	576
101001000111010	101101100101000	7	142	135	7	27	8	5	9	5	128
101001000111011	001001100101111	8	1162	1133	8	21	6	6	13	4	24
101001000111100	001001011101001	7	222	201	7	21	6	6	14	5	576
101001000111101	011101011001001	8	3648	3572	8	29	7	7	13	4	192
101001000111110	011000101101011	8	827	813	8	23	6	7	17	5	32
101001000111111	011011101101001	9	13745	13337	9	18	5	7	11	4	16
101001001001001	010100101110000	6	3808	3665	6	21	7	5	10	3	576
101001001001010	010100101110000	6	3236	3122	6	17	7	4	6	4	576
101001001001011	011001000001111	7	448	404	7	20	6	7	12	4	48
101001001001100	010100101110000	6	0	0	6	16	7	4	6	4	576
101001001010100	010100101110000	6	0	0	6	23	7	5	10	6	576
101001001011100	001001011101001	7	0	0	7	21	6	6	10	4	576
101001001100100	010100101110000	6	0	0	6	33	8	5	10	6	576
101001001101000	010100101110000	6	3647	3517	6	25	8	4	6	3	576
101001001101001	001001011101001	7	15264	14931	7	16	4	1	1	1	576
101001001101010	101101100101000	7	1025	960	7	24	8	6	13	5	128
101001001101011	011000101101011	8	2087	2023	8	26	7	7	17	4	32
101001001101100	001001000101111	7	0	0	6	17	7	4	5	2	576
101001001110000	010100101110000	6	0	0	6	28	7	6	14	4	576
101001001110100	001001011101001	7	0	0	7	34	8	5	8	4	576
101001001111000	001001011101001	7	0	0	7	24	6	5	8	3	576
101001001111100	011101011001001	8	0	0	8	18	5	7	12	4	192
101001010000011	010100101110000	6	0	0	6	29	8	2	7	4	576
101001010001011	101101100101000	7	0	0	7	26	6	6	17	6	128
101001010010100	010100101110000	6	4736	4482	6	31	8	6	11	4	576
101001010011100	101101100101000	7	69227	67429	7	16	7	6	7	3	128
101001010100001	010100101110000	6	2214	2048	6	26	8	5	14	4	576
101001010100011	101101100101000	7	0	0	7	21	7	5	14	5	128
101001010100100	010100101110000	6	0	0	6	34	9	5	13	6	576
101001010101001	101101100101000	7	4860	4672	7	21	6	4	9	4	128
101001010101011	011000101101011	8	0	0	5	16	6	3	5	3	32
101001010101100	101101100101000	7	0	0	7	20	7	4	4	2	128
101001010110000	010100101110000	6	0	0	6	28	8	5	9	5	576
101001010110100	001001011101001	7	0	0	6	22	7	5	8	3	576
101001010111000	101101100101000	7	0	0	7	18	7	4	8	4	128
101001010111100	011101011001001	8	0	0	8	20	6	7	12	4	192
101001011000001	010100101110000	6	1875	1739	6	26	8	2	5	3	576
101001011000010	010100101110000	6	1682	1614	6	19	7	4	6	4	576
101001011000011	011001000001111	7	0	0	7	23	7	5	9	4	48
101001011000100	010100101110000	6	0	0	6	29	8	6	10	5	576
101001011001001	101101100101000	7	8364	8053	7	21	6	5	10	4	128
101001011001010	101101100101000	7	9162	9005	7	21	6	7	16	5	128
101001011001011	001001100101111	8	3140	3050	8	23	6	3	6	2	24
101001011001100	101101100101000	7	0	0	7	24	7	4	8	3	128
101001011010100	011001000001111	7	0	0	7	20	5	5	7	3	48
101001011011100	011000101101011	8	0	0	3	4	2	3	4	2	32
101001011100000	010100101110000	6	977	905	6	22	7	5	8	4	576
101001011100001	001001011101001	7	13497	13072	7	22	7	5	8	4	576
101001011100010	101101100101000	7	1111	1037	7	16	6	5	11	4	128
101001011100011	011000101101011	8	0	0	8	34	7	4	7	2	32
101001011100100	001000100101111	7	0	0	6	11	4	4	5	2	96
101001011101000	101101100101000	7	2967	2843	7	26	7	5	14	5	128
101001011101001	011101011001001	8	124102	122536	8	14	6	3	4	2	192
101001011101010	011000101101011	8	1285	1194	5	6	3	5	6	3	32
101001011101011	011011101101001	9	12001	11876	9	23	6	7	11	3	16
101001011101100	001001100101111	8	0	0	7	18	5	4	5	2	24
101001011110000	011001000001111	7	0	0	7	24	7	6	9	3	48
101001011110100	111001000001111	8	0	0	8	28	7	7	11	4	32
101001011111000	011000101101011	8	0	0	6	15	5	6	11	4	32
101001011111100	011011101101001	9	0	0	8	13	4	8	13	4	16
101001100000110	010100101110000	6	5024	4889	6	22	7	4	6	3	576
101001100000111	101101100101000	7	0	0	6	12	4	6	10	3	128
101001100001010	010100101110000	6	3906	3761	6	30	8	2	3	3	576
101001100001011	101101100101000	7	0	0	7	17	5	6	11	3	128
101001100001110	011001000001111	7	341	303	7	20	6	4	5	3	48
101001100001111	011000101101011	8	1895	1838	7	14	5	5	5	2	32
101001100010010	010100101110000	6	7569	7274	6	20	8	4	6	5	576
101001100010011	101101100101000	7	0	0	6	13	6	6	13	6	128
101001100010100	010100101110000	6	13765	13274	6	24	7	6	13	6	576
101001100010101	101101100101000	7	0	0	7	17	6	5	6	3	128
101001100010110	011001000001111	7	40505	39440	7	21	7	1	1	1	48
101001100010111	001001100101111	8	0	0	7	17	5	6	8	3	24
101001100011000	010100101110000	6	45999	43566	6	24	8	6	11	5	576
101001100011001	101101100101000	7	382235	370268	7	21	6	5	12	5	128
101001100011010	001000100101111	7	264	247	7	18	6	5	15	5	96
101001100011011	011001110110100	8	1914	1864	8	18	5	6	10	3	48
101001100011100	011001000001111	7	269	244	7	27	7	6	10	4	48
101001100011101	011000101101011	8	1043	1013	6	9	3	6	9	3	32
101001100011110	111000100011101	8	2855	2708	6	9	3	6	9	3	16
101001100011111	110010101101011	9	21953	21573	9	19	5	6	9	2	8
101001100100100	010100101110000	6	14283	13486	6	24	8	5	13	5	576
101001100100101	101101100101000	7	101796	98521	7	16	6	5	5	2	128
101001100100110	101101100101000	7	16471	16171	7	23	7	6	10	4	128
101001100100111	011000101101011	8	0	0	6	10	3	6	10	3	32
101001100101000	010100101110000	6	98014	96414	6	34	9	6	12	5	576
101001100101001	101101100101000	7	207934	201768	7	21	6	4	8	3	128
101001100101010	101101100101000	7	1029	952	7	28	7	3	5	2	128
101001100101011	011000101101011	8	0	0	4	7	4	0	0	0	32
101001100101100	011001000001111	7	66526	64132	7	23	7	5	12	5	48
101001100101101	011000101101011	8	338604	310196	5	14	5	4	7	3	32
101001100101110	001001100101111	8	1571	1523	8	19	5	5	5	2	24
101001100101111	011011101101001	9	8269	8180	9	24	6	7	12	3	16
101001100110000	010100101110000	6	34415	32978	6	28	8	5	9	5	576
101001100110001	101101100101000	7	347989	338188	7	21	7	5	9	4	128
101001100110010	101101100101000	7	27670	26965	7	30	7	4	7	3	128
101001100110011	011000101101011	8	0	0	8	11	3	6	8	3	32
101001100110100	001001011101001	7	27719	26674	6	22	8	6	11	4	576
101001100110101	011101011001001	8	0	0	7	16	4	6	12	4	192
101001100110110	011000101101011	8	891242	877972	8	30	7	6	7	3	32
101001100110111	011011101101001	9	0	0	9	20	5	6	9	3	16
101001100111000	001000100101111	7	199567	194565	7	18	5	3	4	2	96
101001100111001	001001100101111	8	5033539	4938835	8	20	5	4	5	2	24
101001100111010	011001110110100	8	667	650	7	11	3	5	7	2	48
101001100111011	110010101101011	9	6200	5876	9	17	4	5	8	2	8
101001100111100	111001000001111	8	759	731	7	26	7	5	7	3	32
101001100111101	011011101101001	9	15951	15203	9	22	5	6	10	3	16
101001100111110	110010101101011	9	12956	12429	8	10	3	7	10	3	8
101001100111111	011011111101001	10	1401945	1356678	9	18	4	7	11	3	20
101001101000100	010100101110000	6	0	0	6	25	7	6	14	5	576
101001101001000	010100101110000	6	4737	4575	6	27	8	2	5	3	576
101001101001001	101101100101000	7	7108	6883	7	22	6	6	11	4	128
101001101001010	011001000001111	7	18426	18124	7	18	5	5	6	3	48
101001101001011	110001101101001	8	1588	1537	8	16	4	7	12	3	32
101001101001100	011001000001111	7	0	0	6	17	5	4	5	2	48
101001101010000	010100101110000	6	0	0	6	24	7	5	8	4	576
101001101010100	001000100101111	7	0	0	7	9	4	5	7	3	96
101001101011000	001001011101001	7	0	0	7	21	7	6	11	4	576
101001101011100	111001000001111	8	0	0	5	7	3	4	5	2	32
101001101100100	011001000001111	7	0	0	7	29	8	5	7	3	48
101001101101000	011001000001111	7	2209	2154	7	20	5	5	6	3	48
101001101101001	011000101101011	8	26092	25720	8	16	4	7	11	3	32
101001101101010	110001101101001	8	6011	5884	8	17	5	7	11	3	32
101001101101011	110101101101001	9	8499	8351	8	15	4	8	15	4	32
101001101101100	011001000101111	8	0	0	7	19	5	5	7	2	32
101001101110000	011001000001111	7	0	0	7	30	8	6	15	5	48
101001101110100	111001000001111	8	0	0	8	28	7	5	7	3	32
101001101111000	111001000001111	8	0	0	8	20	5	5	6	3	32
101001101111100	110001011101011	9	0	0	9	29	6	5	7	2	16
101001110000010	010100101110000	6	2848	2731	6	22	6	5	11	4	576
101001110000011	101101100101000	7	0	0	6	15	6	6	9	4	128
101001110001010	101101100101000	7	3720	3535	5	13	6	5	7	3	128
101001110001011	111100100101001	8	0	0	8	19	5	7	11	3	192
101001110010000	010100101110000	6	0	0	6	19	7	4	6	4	576
101001110010100	001001011101001	7	0	0	6	14	6	6	11	4	576
101001110011000	101101100101000	7	0	0	7	17	7	3	6	3	128
101001110011100	011000101101011	8	0	0	8	18	6	5	7	3	32
101001110100000	010100101110000	6	240	181	6	26	7	2	4	3	576
101001110100001	101101100101000	7	1093	1022	7	17	7	4	8	3	128
101001110100010	101101100101000	7	2019	1856	7	23	6	6	11	4	128
101001110100011	011000101101011	8	0	0	8	14	3	8	12	3	32
101001110100100	001001011101001	7	0	0	6	18	6	5	8	3	576
101001110101000	101101100101000	7	1161	1073	6	22	7	5	10	4	128
101001110101001	111100100101001	8	8273	8137	8	18	5	6	11	3	192
101001110101010	011000101101011	8	6889	6685	8	22	5	7	14	5	32
101001110101011	111011001101001	9	0	0	9	22	5	3	5	2	32
101001110101100	011000101101011	8	0	0	8	21	5	6	13	4	32
101001110110000	001001000101111	7	0	0	6	20	7	2	2	1	576
101001110110100	011101011001001	8	0	0	7	23	6	6	11	4	192
101001110111000	001001100101111	8	0	0	4	6	2	4	6	2	24
101001110111100	011011101101001	9	0	0	9	28	6	6	10	3	16
101001111000000	010100101110000	6	3601	3466	6	21	6	4	4	1	576
101001111000001	101101100101000	7	801	745	7	23	7	6	14	4	128
101001111000010	011001000001111	7	12690	12463	7	16	5	7	12	4	48
101001111000011	110001101101001	8	0	0	8	22	6	7	11	3	32
101001111000100	001001011101001	7	0	0	7	23	7	6	11	4	576
101001111001000	101101100101000	7	12100	11892	7	22	7	6	20	6	128
101001111001001	111100100101001	8	8532	8351	8	16	5	7	11	3	192
101001111001010	001001100101111	8	181895	172789	7	12	3	3	3	1	24
101001111001011	011110111001001	9	10875	10754	9	18	4	9	14	3	32
101001111001100	011000101101011	8	0	0	8	18	5	5	7	3	32
101001111010000	011001000001111	7	0	0	6	18	7	4	5	2	48
101001111010100	111001000001111	8	0	0	6	9	3	4	5	2	32
101001111011000	011000101101011	8	0	0	6	15	5	3	3	2	32
101001111011100	111001100110110	9	0	0	8	19	5	6	8	3	96
101001111100000	011001000001111	7	1238	1158	7	23	7	4	6	3	48
101001111100001	011000101101011	8	2325	2244	6	13	4	1	1	1	32
101001111100010	110001101101001	8	7464	7183	7	19	5	6	9	3	32
101001111100011	110101101101001	9	0	0	8	18	5	8	18	5	32
101001111100100	111001000001111	8	0	0	6	9	3	2	2	1	32
101001111101000	111011000101001	8	4513	4401	7	15	4	3	3	1	96
101001111101001	111011001101001	9	28625	28286	8	17	4	3	3	1	32
101001111101010	111001100101101	9	21732	21392	8	16	4	7	11	3	8
101001111101011	111110111001001	10	158514	156154	10	20	4	9	14	3	8
101001111101100	111001100101101	9	0	0	5	7	2	5	7	2	8
101001111110000	011001000101111	8	0	0	5	7	2	5	7	2	32
101001111110100	110001011101011	9	0	0	9	17	4	7	11	3	16
101001111111000	111001100101101	9	0	0	8	20	5	5	7	2	8
101001111111100	111010111100011	10	0	0	7	11	3	7	10	3	8
101010000000011	000010011001001	5	33	19	5	26	10	5	11	4	3840
101010000000110	000010011001001	5	0	0	5	24	9	5	11	5	3840
101010000000111	001100101110000	6	0	0	6	29	7	4	10	5	384
101010000001011	010100101110000	6	0	0	6	21	7	4	5	4	576
101010000001110	010100101110000	6	0	0	6	33	8	4	5	4	576
101010000001111	101101100101000	7	0	0	7	36	8	5	10	4	128
101010000010001	000010011001001	5	106079	102256	5	23	9	5	10	4	3840
101010000010010	000010011001001	5	0	0	5	21	8	5	12	5	3840
101010000010011	000011001001011	6	0	0	6	19	7	3	3	2	1440
101010000010100	000010011001001	5	0	0	4	10	6	1	1	2	3840
101010000010101	001100101110000	6	0	0	6	19	6	3	4	2	384
101010000010110	001100101110000	6	0	0	6	27	9	4	6	3	384
101010000010111	111000010101001	7	0	0	7	23	7	3	3	1	144
101010000011001	010100101110000	6	0	0	6	19	6	5	10	4	576
101010000011010	010100101110000	6	0	0	6	20	8	4	5	4	576
101010000011011	001000100101111	7	0	0	7	19	5	4	8	3	96
101010000011100	010100101110000	6	0	0	6	18	6	2	3	2	576
101010000011101	101101100101000	7	0	0	7	30	8	4	5	2	128
101010000011110	001001000101111	7	0	0	6	15	5	0	0	0	576
101010000011111	001001100101111	8	0	0	7	14	4	5	6	2	24
101010000100001	000010011001001	5	54446	51739	5	21	8	3	5	4	3840
101010000100011	010100101110000	6	1129	1006	6	30	8	5	8	4	576
101010000100100	000010011001001	5	118	75	5	17	8	3	5	3	3840
101010000100101	001100101110000	6	1155	1041	6	23	7	4	5	2	384
101010000100110	010100101110000	6	0	0	6	30	8	5	8	4	576
101010000100111	001001000101111	7	0	0	6	11	4	5	7	3	576
101010000101001	010100101110000	6	29486	28172	6	15	6	5	11	3	576
101010000101011	001001011101001	7	0	0	7	29	8	5	14	5	576
101010000101100	010100101110000	6	0	0	6	26	8	5	11	3	576
101010000101101	101101100101000	7	0	0	7	31	8	5	6	2	128
101010000101110	001001011101001	7	0	0	7	27	7	5	14	5	576
101010000101111	011101011001001	8	0	0	8	31	7	7	16	5	192
101010000110000	000010011001001	5	118755	113027	5	18	7	4	7	5	3840
101010000110001	101010000110001	6	0	0	0	0	0	0	0	0	480
101010000110010	010100101110000	6	0	0	6	30	8	5	8	4	576
101010000110011	001000100101111	7	0	0	7	19	6	5	10	4	96
101010000110100	010100101110000	6	0	0	6	17	6	5	12	4	576
101010000110101	011001000001111	7	0	0	6	18	5	5	13	5	48
101010000110110	101101100101000	7	0	0	7	29	8	5	10	4	128
101010000110111	001001100101111	8	0	0	8	21	6	6	8	3	24
101010000111000	010100101110000	6	0	0	6	17	7	5	11	4	576
101010000111001	011001000001111	7	0	0	7	25	6	6	13	5	48
101010000111010	001001011101001	7	0	0	7	29	8	6	9	4	576
101010000111011	111001000001111	8	0	0	8	23	7	7	10	3	32
101010000111100	001001011101001	7	0	0	7	18	7	5	8	3	576
101010000111101	011000101101011	8	0	0	8	27	7	6	12	4	32
101010000111110	011101011001001	8	0	0	7	23	6	7	13	5	192
101010000111111	011011101101001	9	0	0	9	21	5	8	14	4	16
101010001000001	000010011001001	5	1139	1063	5	24	10	1	1	2	3840
101010001000010	000010011001001	5	822	761	5	24	9	5	12	5	3840
101010001000011	001100101110000	6	1344	1211	6	25	7	4	6	3	384
101010001001001	010100101110000	6	5920	5703	6	17	7	2	3	2	576
101010001001010	010100101110000	6	4527	4383	6	24	9	4	5	4	576
101010001001011	001001000101111	7	0	0	7	28	8	0	0	0	576
101010001100000	000010011001001	5	1184	1102	5	23	9	4	7	5	3840
101010001100001	010100101110000	6	4891	4712	6	23	7	5	12	4	576
101010001100010	010100101110000	6	1356	1197	6	25	8	5	8	4	576
101010001100011	101101100101000	7	11098	10354	7	24	7	5	10	4	128
101010001101000	010100101110000	6	5737	5524	6	21	8	5	11	4	576
101010001101001	001001011101001	7	26678	26222	7	22	8	5	8	3	576
101010001101010	001001011101001	7	1168	1084	7	16	6	6	9	4	576
101010001101011	011101011001001	8	0	0	7	23	7	7	13	5	192
101010010000011	010100101110000	6	198	158	6	30	8	5	11	5	576
101010010001011	101101100101000	7	0	0	7	22	7	4	9	3	128
101010010100001	010100101110000	6	1377	1253	6	22	8	5	11	5	576
101010010100011	101101100101000	7	2394	2076	5	15	7	5	9	5	128
101010010101001	101101100101000	7	3051	2955	7	20	7	4	7	3	128
101010010101011	011000101101011	8	0	0	8	22	6	7	16	6	32
101010011000001	010100101110000	6	4048	3771	6	30	9	5	11	4	576
101010011000010	010100101110000	6	2402	2315	6	24	8	5	8	5	576
101010011000011	011001000001111	7	6636	6129	7	18	6	4	6	2	48
101010011001001	101101100101000	7	32297	31251	7	17	6	6	10	4	128
101010011001010	101101100101000	7	9820	9578	6	11	5	5	7	4	128
101010011001011	001001100101111	8	0	0	8	19	5	6	13	4	24
101010011100000	010100101110000	6	1567	1419	6	21	8	6	10	5	576
101010011100001	001001011101001	7	11807	11304	7	15	6	5	8	3	576
101010011100010	101101100101000	7	6927	6406	7	24	7	5	8	4	128
101010011100011	011000101101011	8	58730	56061	8	26	7	7	13	5	32
101010011101000	101101100101000	7	3166	3059	7	17	6	4	6	3	128
101010011101001	011101011001001	8	91393	89777	7	17	6	7	13	4	192
101010011101010	011000101101011	8	4241	4117	8	15	4	7	16	5	32
101010011101011	011011101101001	9	0	0	8	23	6	7	11	4	16
101010100000010	000010011001001	5	1458	1350	5	21	9	2	2	3	3840
101010100000011	001100101110000	6	272	218	5	9	4	4	6	2	384
101010100000110	001100101110000	6	0	0	5	9	4	4	6	2	384
101010100000111	111100000011100	7	0	0	6	16	4	6	10	3	192
101010100001010	010100101110000	6	5494	5314	6	25	8	5	10	4	576
101010100001011	011001000001111	7	0	0	6	20	8	3	4	2	48
101010100001110	011001000001111	7	0	0	6	20	8	3	4	2	48
101010100001111	110001101101001	8	0	0	8	16	5	8	16	5	32
101010100010000	000010011001001	5	0	0	5	22	9	4	7	5	3840
101010100010001	001100101110000	6	0	0	6	16	5	4	9	4	384
101010100010010	001100101110000	6	0	0	6	16	5	3	5	2	384
101010100010011	111000010101001	7	0	0	6	12	5	5	5	2	144
101010100010100	001100101110000	6	0	0	6	17	5	4	5	2	384
101010100010101	111100000011100	7	0	0	6	13	4	4	5	2	192
101010100010110	111100000011100	7	0	0	7	22	6	5	8	3	192
101010100010111	111000100111001	8	0	0	8	16	4	4	4	1	64
101010100011000	010100101110000	6	0	0	6	31	8	6	11	4	576
101010100011001	011001000001111	7	0	0	7	24	8	6	16	6	48
101010100011010	011001000001111	7	0	0	6	8	2	3	4	2	48
101010100011011	111000100011101	8	0	0	8	14	4	6	10	3	16
101010100011100	011001000001111	7	0	0	7	24	8	3	4	2	48
101010100011101	110001101101001	8	0	0	8	16	4	4	6	2	32
101010100011110	011001000101111	8	0	0	6	8	2	0	0	0	32
101010100011111	111001100111001	9	0	0	9	19	4	4	4	1	8
101010100100000	000010011001001	5	386	305	5	24	10	3	7	4	3840
101010100100001	001100101110000	6	1867	1625	5	8	3	3	4	2	384
101010100100010	010100101110000	6	1795	1558	6	23	8	4	10	5	576
101010100100011	011001000001111	7	7949	7412	7	23	6	5	7	3	48
101010100100100	001100101110000	6	5327	4846	5	8	3	3	4	2	384
101010100100101	111100000011100	7	112328	106257	6	10	4	2	2	1	192
101010100100110	011001000001111	7	0	0	7	23	6	5	7	3	48
101010100100111	011001000101111	8	0	0	8	17	4	6	9	3	32
101010100101000	010100101110000	6	612	553	6	27	9	6	15	7	576
101010100101001	011001000001111	7	1699	1632	6	21	7	5	8	3	48
101010100101010	001001011101001	7	1057	963	6	14	5	6	10	4	576
101010100101011	111001000001111	8	0	0	3	4	2	3	4	2	32
101010100101100	011001000001111	7	0	0	6	21	7	5	8	3	48
101010100101101	110001101101001	8	0	0	8	18	4	8	18	4	32
101010100101110	111001000001111	8	0	0	3	4	2	3	4	2	32
101010100101111	110001011101011	9	0	0	9	23	5	7	11	3	16
101010100110000	101010000110001	6	0	0	6	23	8	4	5	2	480
101010100110001	010111011000001	7	0	0	3	3	1	3	3	1	96
101010100110010	011001000001111	7	0	0	6	12	5	5	7	3	48
101010100110011	111000100011101	8	0	0	6	10	3	5	10	3	16
101010100110100	011001000001111	7	0	0	7	22	7	6	11	4	48
101010100110101	011001000101111	8	0	0	8	17	4	6	11	3	32
101010100110110	110001101101001	8	0	0	7	13	4	6	9	3	32
101010100110111	111001100111001	9	0	0	8	12	3	8	12	3	8
101010100111000	001000100101111	7	0	0	6	17	5	5	7	3	96
101010100111001	111000100011101	8	0	0	7	10	3	0	0	0	16
101010100111010	111001000001111	8	0	0	7	23	6	3	4	2	32
101010100111011	011101110111000	9	0	0	8	14	3	5	7	2	24
101010100111100	111001000001111	8	0	0	8	17	5	3	4	2	32
101010100111101	111001100101101	9	0	0	9	16	4	4	4	1	8
101010100111110	110001011101011	9	0	0	4	4	1	4	4	1	16
101010100111111	110110111101001	10	41	0	9	13	3	9	13	3	4
101010101000000	000010011001001	5	1779	1649	5	28	10	4	7	5	3840
101010101000001	001100101110000	6	4884	4463	6	17	5	4	5	2	384
101010101000010	001100101110000	6	6165	5957	6	16	5	3	5	2	384
101010101000011	111100000011100	7	8855	8243	7	22	6	5	8	3	192
101010101001000	010100101110000	6	8423	8147	6	29	9	6	11	4	576
101010101001001	011001000001111	7	24681	23817	7	24	8	3	4	2	48
101010101001010	011001000001111	7	16316	15918	6	8	2	3	4	2	48
101010101001011	011001000101111	8	0	0	6	8	2	0	0	0	32
101010101100000	101010000110001	6	1584	1363	5	11	4	4	5	2	480
101010101100001	011001000001111	7	15294	14374	7	11	4	6	11	4	48
101010101100010	011001000001111	7	6723	6158	6	12	5	5	7	3	48
101010101100011	110001101101001	8	49625	46798	7	13	4	6	9	3	32
101010101101000	001000100101111	7	1608	1507	5	7	3	5	7	3	96
101010101101001	111001000001111	8	4338	4238	6	8	3	3	4	2	32
101010101101010	111001000001111	8	6569	6369	7	23	6	3	4	2	32
101010101101011	110001011101011	9	0	0	4	4	1	4	4	1	16
101010110000010	010100101110000	6	1230	1052	3	8	5	2	4	3	576
101010110000011	011001000001111	7	9452	9127	7	20	7	4	5	3	48
101010110001010	101101100101000	7	13862	13513	6	13	5	5	10	4	128
101010110001011	110001101101001	8	0	0	6	11	4	6	11	4	32
101010110100000	010100101110000	6	1627	1418	6	18	7	5	12	4	576
101010110100001	011001000001111	7	7271	6748	7	22	6	5	12	5	48
101010110100010	101101100101000	7	18937	18039	7	22	6	5	12	4	128
101010110100011	111011000101001	8	82289	80281	8	26	6	2	2	1	96
101010110101000	101101100101000	7	831	757	6	17	6	4	7	3	128
101010110101001	110001101101001	8	0	0	8	12	5	7	9	3	32
101010110101010	011000101101011	8	4070	3927	7	20	6	5	8	3	32
101010110101011	111001100101101	9	0	0	7	16	4	6	9	3	8
101010111000000	010100101110000	6	5016	4830	6	23	7	5	8	4	576
101010111000001	011001000001111	7	21117	20268	7	22	7	4	7	3	48
101010111000010	001001000101111	7	19593	19096	7	25	7	1	1	1	576
101010111000011	011001000101111	8	45811	39862	5	7	2	1	1	1	32
101010111001000	101101100101000	7	41992	41257	7	14	5	4	6	2	128
101010111001001	110001101101001	8	123074	121395	8	18	5	7	13	4	32
101010111001010	001001100101111	8	753972	743019	8	21	6	6	9	3	24
101010111001011	111001100111001	9	0	0	7	11	3	7	11	3	8
101010111100000	001000100101111	7	5741	5227	6	10	3	2	2	1	96
101010111100001	111001000001111	8	69764	67496	8	28	7	5	7	3	32
101010111100010	001001100101111	8	18994	15846	4	5	2	2	2	1	24
101010111100011	111001100101101	9	5511963	5380754	8	17	4	6	9	3	8
101010111101000	011001110110100	8	3329	3184	6	13	4	4	6	2	48
101010111101001	110001011101011	9	0	0	9	24	5	6	8	2	16
101010111101010	110010101101011	9	8588	8318	6	9	3	6	9	3	8
101010111101011	110110111101001	10	0	0	10	20	4	10	20	4	4
101011000000011	010100101110000	6	0	0	6	27	8	4	6	3	576
101011000000110	010100101110000	6	0	0	6	27	8	5	11	5	576
101011000000111	011001000001111	7	0	0	7	27	8	6	11	4	48
101011000001011	101101100101000	7	0	0	7	27	7	5	11	4	128
101011000001110	101101100101000	7	0	0	4	10	3	4	9	3	128
101011000001111	011000101101011	8	0	0	8	34	7	6	8	3	32
101011000010001	010100101110000	6	0	0	6	34	9	5	7	4	576
101011000010010	010100101110000	6	0	0	6	24	8	5	8	5	576
101011000010011	001000100101111	7	0	0	7	30	8	5	10	4	96
101011000010100	010100101110000	6	0	0	6	25	8	5	11	4	576
101011000010101	011001000001111	7	0	0	6	20	8	4	7	3	48
101011000010110	011001000001111	7	0	0	5	14	6	4	6	2	48
101011000010111	111000100011101	8	0	0	6	14	4	6	13	4	16
101011000011001	101101100101000	7	0	0	7	25	6	4	8	3	128
101011000011010	101101100101000	7	0	0	6	11	5	5	7	4	128
101011000011011	011001110110100	8	0	0	7	13	4	6	11	3	48
101011000011100	101101100101000	7	0	0	7	14	5	6	10	4	128
101011000011101	011000101101011	8	0	0	8	29	7	3	3	1	32
101011000011110	001001100101111	8	0	0	6	13	4	6	13	4	24
101011000011111	110010101101011	9	0	0	8	16	4	6	12	3	8
101011000100001	010100101110000	6	12356	11923	6	20	8	5	9	4	576
101011000100011	101101100101000	7	0	0	5	17	7	4	9	4	128
101011000100100	010100101110000	6	0	0	6	28	9	5	11	5	576
101011000100101	011001000001111	7	0	0	6	17	6	5	13	5	48
101011000100110	101101100101000	7	0	0	5	19	7	5	9	5	128
101011000100111	001001100101111	8	0	0	7	15	4	6	8	3	24
101011000101001	101101100101000	7	307938	301889	7	23	7	5	10	4	128
101011000101011	011000101101011	8	0	0	5	5	2	5	5	2	32
101011000101100	101101100101000	7	0	0	7	19	6	4	7	3	128
101011000101101	011000101101011	8	0	0	8	29	7	6	12	4	32
101011000101110	011000101101011	8	0	0	8	18	5	7	16	6	32
101011000101111	011011101101001	9	0	0	9	21	5	8	14	4	16
101011000110000	010100101110000	6	0	0	6	21	8	6	10	5	576
101011000110001	001000100101111	7	0	0	7	19	5	3	3	1	96
101011000110010	101101100101000	7	0	0	7	24	7	5	8	4	128
101011000110011	011001110110100	8	0	0	6	9	3	4	5	2	48
101011000110100	001001011101001	7	0	0	7	30	8	5	8	3	576
101011000110101	111001000001111	8	0	0	8	27	7	7	14	5	32
101011000110110	011000101101011	8	0	0	8	26	7	7	13	5	32
101011000110111	110010101101011	9	0	0	9	17	5	9	15	4	8
101011000111000	101101100101000	7	0	0	7	22	7	4	6	3	128
101011000111001	001001100101111	8	0	0	8	24	6	3	3	1	24
101011000111010	011000101101011	8	0	0	8	15	4	7	16	5	32
101011000111011	110010101101011	9	0	0	9	20	5	7	11	3	8
101011000111100	011101011001001	8	0	0	7	17	5	7	13	4	192
101011000111101	011011101101001	9	0	0	8	17	4	8	17	4	16
101011000111110	011011101101001	9	0	0	8	23	6	7	11	4	16
101011000111111	011011111101001	10	41	0	8	17	4	8	17	4	20
101011001000001	010100101110000	6	5811	5615	6	29	9	2	5	3	576
101011001000010	010100101110000	6	2611	2518	6	28	8	4	11	5	576
101011001000011	011001000001111	7	1107	1045	7	24	7	6	12	5	48
101011001001001	101101100101000	7	27737	27234	7	19	6	6	11	4	128
101011001001010	101101100101000	7	14981	14746	7	14	5	7	10	4	128
101011001001011	001001100101111	8	0	0	8	15	4	5	8	2	24
101011001100000	010100101110000	6	6155	5952	6	21	8	6	12	5	576
101011001100001	001001011101001	7	24003	23569	7	29	7	5	7	3	576
101011001100010	101101100101000	7	1240	1129	6	12	6	5	9	5	128
101011001100011	011000101101011	8	3382	3296	8	27	7	5	8	2	32
101011001101000	101101100101000	7	26394	25936	7	21	6	5	9	4	128
101011001101001	011101011001001	8	8852	6411	2	2	1	2	2	1	192
101011001101010	011000101101011	8	4192	4045	7	20	6	5	8	4	32
101011001101011	011011101101001	9	0	0	8	13	3	6	10	3	16
101011010000011	101101100101000	7	0	0	7	14	4	6	8	3	128
101011010001011	011100111100001	8	0	0	8	25	7	7	10	3	384
101011010100001	101101100101000	7	1466	1232	3	5	3	3	5	3	128
101011010100011	111100100101001	8	0	0	8	21	5	6	6	2	192
101011010101001	011100111100001	8	91261	90253	8	15	5	5	8	2	384
101011010101011	011111001101001	9	0	0	9	33	6	7	13	4	32
101011011000001	101101100101000	7	3269	3042	5	9	4	5	9	4	128
101011011000010	101101100101000	7	6834	6719	7	18	7	7	10	4	128
101011011000011	111011000101001	8	0	0	8	17	5	5	9	3	96
101011011001001	011100111100001	8	146145	144830	8	23	7	5	9	3	384
101011011001010	011100111100001	8	270590	268171	8	29	7	7	9	3	384
101011011001011	101011111001010	9	0	0	8	13	5	1	1	1	48
101011011100000	101101100101000	7	2707	2554	6	16	7	4	6	3	128
101011011100001	011101011001001	8	230592	228545	8	22	6	7	12	4	192
101011011100010	111100100101001	8	5309	5122	7	22	6	6	9	3	192
101011011100011	111011001101001	9	0	0	6	9	3	6	9	3	32
101011011101000	011100111100001	8	63850	62758	7	17	6	4	4	1	384
101011011101001	101011011101001	9	1728	909	0	0	0	0	0	0	576
101011011101010	011111001101001	9	26459	26218	9	37	6	7	12	4	32
101011011101011	111011011101001	10	0	0	7	11	3	7	11	3	16
101011100000010	010100101110000	6	1008	855	3	8	5	2	4	3	576
101011100000011	101101100101000	7	0	0	7	14	5	6	10	3	128
101011100000110	011001000001111	7	0	0	7	20	7	4	5	3	48
101011100000111	110001101101001	8	0	0	8	19	5	4	8	3	32
101011100001010	101101100101000	7	9415	9158	6	13	5	5	10	4	128
101011100001011	011000101101011	8	0	0	8	30	7	5	5	2	32
101011100001110	110001101101001	8	0	0	6	11	4	6	11	4	32
101011100001111	110101101101001	9	0	0	9	22	5	5	11	3	32
101011100010000	010100101110000	6	0	0	6	23	7	5	8	4	576
101011100010001	101101100101000	7	0	0	6	12	5	5	6	3	128
101011100010010	001001000101111	7	0	0	7	25	7	1	1	1	576
101011100010011	001001100101111	8	0	0	7	20	6	6	8	3	24
101011100010100	011001000001111	7	0	0	7	22	7	4	7	3	48
101011100010101	110001101101001	8	0	0	8	14	5	8	14	5	32
101011100010110	011001000101111	8	0	0	5	7	2	1	1	1	32
101011100010111	111001100111001	9	0	0	6	6	2	6	6	2	8
101011100011000	101101100101000	7	0	0	7	14	5	4	6	2	128
101011100011001	011000101101011	8	0	0	8	36	7	6	9	3	32
101011100011010	001001100101111	8	0	0	8	21	6	6	9	3	24
101011100011011	110010101101011	9	0	0	8	15	4	6	9	2	8
101011100011100	110001101101001	8	0	0	8	18	5	7	13	4	32
101011100011101	110101101101001	9	0	0	8	15	4	5	8	2	32
101011100011110	111001100111001	9	0	0	7	11	3	7	11	3	8
101011100011111	011011000111111	10	0	0	0	0	0	0	0	0	32
101011100100000	010100101110000	6	549	497	6	18	7	5	12	4	576
101011100100001	101101100101000	7	2924	2808	7	13	6	3	3	1	128
101011100100010	101101100101000	7	2625	2448	7	22	6	5	12	4	128
101011100100011	011000101101011	8	1957	1827	5	11	4	4	6	2	32
101011100100100	011001000001111	7	0	0	7	22	6	5	12	5	48
101011100100101	110001101101001	8	0	0	8	18	4	8	18	4	32
101011100100110	111011000101001	8	0	0	8	26	6	2	2	1	96
101011100100111	111001100101101	9	0	0	8	16	4	5	10	3	8
101011100101000	101101100101000	7	2388	2291	6	17	6	4	7	3	128
101011100101001	011000101101011	8	9924	9696	7	19	5	6	11	3	32
101011100101010	011000101101011	8	4860	4691	7	20	6	5	8	3	32
101011100101011	111001100110110	9	0	0	8	22	5	3	3	1	96
101011100101100	110001101101001	8	0	0	8	12	5	7	9	3	32
101011100101101	110101101101001	9	0	0	9	13	5	7	8	2	32
101011100101110	111001100101101	9	0	0	7	16	4	6	9	3	8
101011100101111	111010111100011	10	0	0	8	11	3	4	4	1	8
101011100110000	001000100101111	7	0	0	3	4	2	2	2	1	96
101011100110001	011001110110100	8	0	0	7	18	5	3	3	1	48
101011100110010	001001100101111	8	0	0	4	5	2	2	2	1	24
101011100110011	110010101101011	9	0	0	6	9	3	3	3	1	8
101011100110100	111001000001111	8	0	0	7	21	6	5	7	3	32
101011100110101	110001011101011	9	0	0	9	15	4	8	15	4	16
101011100110110	111001100101101	9	0	0	8	17	4	6	9	3	8
101011100110111	110110111101001	10	0	0	8	12	3	8	12	3	4
101011100111000	011001110110100	8	0	0	7	18	5	4	6	2	48
101011100111001	110010101101011	9	0	0	7	10	3	3	3	1	8
101011100111010	110010101101011	9	0	0	6	9	3	6	9	3	8
101011100111011	010011111101011	10	0	0	7	12	3	4	4	1	24
101011100111100	110001011101011	9	0	0	6	8	2	6	8	2	16
101011100111101	111010111100011	10	82	0	7	7	2	7	7	2	8
101011100111110	110110111101001	10	0	0	10	20	4	10	20	4	4
101011100111111	111001100111111	11	50209	43517	7	7	2	4	4	1	8
101011101000000	010100101110000	6	5063	4886	6	23	7	5	9	3	576
101011101000001	101101100101000	7	4344	4162	7	21	6	5	10	3	128
101011101000010	011001000001111	7	17953	17662	7	15	5	6	11	5	48
101011101000011	110001101101001	8	4324	4227	8	23	6	7	11	3	32
101011101001000	101101100101000	7	31547	31050	7	18	6	5	5	2	128
101011101001001	011000101101011	8	27147	26766	8	28	7	7	16	5	32
101011101001010	111011000101001	8	1066819	1049721	8	19	6	4	6	2	96
101011101001011	111001100101101	9	0	0	9	24	6	7	13	3	8
101011101100000	011001000001111	7	2595	2511	7	30	8	7	13	5	48
101011101100001	011000101101011	8	6770	6472	6	17	5	5	9	3	32
101011101100010	110001101101001	8	5645	5370	6	12	4	4	6	2	32
101011101100011	110101101101001	9	69570	69064	8	22	5	7	16	4	32
101011101101000	001001100101111	8	6025	5843	6	11	3	6	8	3	24
101011101101001	011011101101001	9	4598	1305	0	0	0	0	0	0	16
101011101101010	111001100101101	9	5272	4859	4	6	2	4	6	2	8
101011101101011	111010111100011	10	0	0	8	18	4	6	9	2	8
101011110000010	101101100101000	7	10627	10436	7	20	7	7	13	5	128
101011110000011	011000101101011	8	0	0	8	19	5	7	13	5	32
101011110001010	011100111100001	8	139443	136691	8	19	5	5	9	3	384
101011110001011	011111001101001	9	0	0	9	23	4	3	4	2	32
101011110100000	101101100101000	7	1687	1556	7	28	7	6	14	5	128
101011110100001	011000101101011	8	0	0	6	12	4	4	9	4	32
101011110100010	111100100101001	8	10670	10380	8	21	6	7	13	4	192
101011110100011	111011001101001	9	0	0	9	30	6	2	2	1	32
101011110101000	011100111100001	8	5806	5629	7	21	6	5	7	2	384
101011110101001	011111001101001	9	0	0	8	14	3	8	13	3	32
101011110101010	011111001101001	9	4640	4253	4	9	3	4	9	3	32
101011110101011	101111101101001	10	0	0	5	12	3	4	5	2	16
101011111000000	101101100101000	7	12564	12346	7	22	7	4	8	3	128
101011111000001	011000101101011	8	0	0	7	17	5	5	6	3	32
101011111000010	001001100101111	8	1002410	987633	8	21	6	6	11	3	24
101011111000011	111001100101101	9	0	0	7	18	4	7	11	3	8
101011111001000	011100111100001	8	342097	338594	8	28	7	6	10	3	384
101011111001001	011111001101001	9	0	0	9	16	4	4	5	2	32
101011111001010	101011111001010	9	233	94	0	0	0	0	0	0	48
101011111001011	111100111101001	10	0	0	8	13	3	8	13	3	8
101011111100000	001001100101111	8	8791	8596	8	25	5	2	2	1	24
101011111100001	011011101101001	9	0	0	8	25	5	6	10	3	16
101011111100010	011110111001001	9	34516	34028	8	15	4	7	11	3	32
101011111100011	111110111001001	10	0	0	10	28	5	8	13	3	8
101011111101000	101011111001010	9	21822	21434	7	13	4	4	6	2	48
101011111101001	111011011101001	10	0	0	8	17	4	3	3	1	16
101011111101010	111100111101001	10	492084	472903	7	12	3	7	12	3	8
101011111101011	111011111101010	11	79758	78784	10	15	3	5	7	2	4
101100000010100	000010011001001	5	3170	3066	5	23	8	4	6	3	3840
101100000011000	000010011001001	5	5385	5211	5	26	9	5	10	3	3840
101100000011100	001100101110000	6	30478	28938	3	3	1	3	3	1	384
101100000100100	000010011001001	5	578	399	5	20	8	3	3	2	3840
101100000101000	000010011001001	5	3485	3384	5	18	8	4	8	5	3840
101100000101001	010100101110000	6	4155	4086	6	16	6	5	10	3	576
101100000101100	001100101110000	6	3106	2635	6	13	5	4	6	2	384
101100000110000	000010011001001	5	0	0	5	17	7	4	7	4	3840
101100000110100	010100101110000	6	2716	2271	6	23	7	5	11	4	576
101100000111000	101010000110001	6	0	0	6	11	5	3	3	1	480
101100000111100	011001000001111	7	10801	9829	6	13	6	4	7	3	48
101100001000100	000010011001001	5	690	488	5	31	10	5	7	4	3840
101100001001000	000010011001001	5	566	481	5	27	10	2	2	2	3840
101100001001001	010100101110000	6	4267	3965	6	16	7	2	2	1	576
101100001001100	001100101110000	6	3802	3285	6	16	5	3	5	2	384
101100001010000	000010011001001	5	215	114	5	24	9	5	8	6	3840
101100001010100	101010000110001	6	2954	2365	5	14	5	2	2	1	480
101100001011000	010100101110000	6	1810	1470	6	25	8	5	14	5	576
101100001011100	011001000001111	7	17023	15505	6	15	5	6	11	4	48
101100001100100	001100101110000	6	3372	2873	6	20	7	4	6	2	384
101100001101000	001100101110000	6	1773	1642	6	20	7	4	6	2	384
101100001101001	101101100101000	7	12062	11710	7	24	7	6	8	3	128
101100001101100	111100000011100	7	13817	12656	6	10	4	3	3	1	192
101100001110000	001100101110000	6	970	716	4	10	4	4	8	3	384
101100001110100	011001000001111	7	14611	13292	6	14	4	4	7	3	48
101100001111000	011001000001111	7	9487	8744	7	27	8	6	11	4	48
101100001111100	110001101101001	8	98006	94516	8	12	4	8	12	4	32
101100010010000	000010011001001	5	0	0	5	25	10	4	8	5	3840
101100010010100	001100101110000	6	2545	1961	3	7	3	3	7	3	384
101100010011000	001100101110000	6	0	0	3	8	3	3	5	3	384
101100010011100	111100000011100	7	31862	30696	7	12	4	5	5	1	192
101100010100000	000010011001001	5	696	572	5	22	9	4	6	4	3840
101100010100001	010100101110000	6	6242	5710	6	29	8	5	11	4	576
101100010100100	001100101110000	6	4244	3623	6	15	5	4	6	2	384
101100010101000	001100101110000	6	4257	3921	6	15	5	4	6	3	384
101100010101001	011001000001111	7	31986	30973	7	21	7	5	14	4	48
101100010101100	111100000011100	7	11841	10419	5	11	4	3	3	1	192
101100010110000	101010000110001	6	0	0	6	14	5	5	5	2	480
101100010110100	011001000001111	7	14443	13090	6	12	4	6	11	4	48
101100010111000	010111011000001	7	0	0	7	10	3	3	3	1	96
101100010111100	011001000101111	8	28631	26671	7	15	5	5	9	3	32
101100011000000	000010011001001	5	812	708	5	27	10	5	8	4	3840
101100011000001	010100101110000	6	6361	5970	6	30	9	6	10	5	576
101100011000100	001100101110000	6	5363	4652	6	17	5	5	9	3	384
101100011001000	001100101110000	6	4069	3827	6	18	5	3	5	2	384
101100011001001	011001000001111	7	43264	42103	7	24	8	4	6	3	48
101100011001100	111100000011100	7	15030	13406	5	12	4	4	6	2	192
101100011010000	101010000110001	6	1710	1339	5	13	5	3	4	2	480
101100011010100	010111011000001	7	27897	26026	7	13	3	0	0	0	96
101100011011000	011001000001111	7	10973	9957	6	13	4	6	13	4	48
101100011011100	011001000101111	8	58573	54761	7	19	5	6	10	3	32
101100011100000	001100101110000	6	3095	2817	6	22	7	4	8	4	384
101100011100001	101101100101000	7	24968	24135	7	19	7	5	9	4	128
101100011100100	111000010101001	7	12812	11243	5	6	2	5	6	2	144
101100011101000	111000010101001	7	11356	10817	6	13	4	3	5	2	144
101100011101001	001001100101111	8	162154	160167	8	23	5	5	6	2	24
101100011101100	111000100111001	8	55613	51891	6	7	2	5	7	2	64
101100011110000	010111011000001	7	10117	9342	7	14	4	4	5	2	96
101100011110100	111000100011101	8	40075	35893	5	6	2	5	6	2	16
101100011111000	111000100011101	8	16786	14445	4	6	2	3	5	2	16
101100011111100	111001100111001	9	423339	370236	5	8	2	5	8	2	8
101100100010100	010100101110000	6	0	0	6	21	8	5	8	4	576
101100100011000	010100101110000	6	0	0	6	26	8	5	13	7	576
101100100011100	011001000001111	7	0	0	7	25	8	5	8	4	48
101100100100100	010100101110000	6	0	0	6	28	9	5	8	3	576
101100100101000	010100101110000	6	90525	89081	6	33	9	5	12	4	576
101100100101001	101101100101000	7	48316	47788	7	20	6	3	5	2	128
101100100101100	011001000001111	7	0	0	6	22	8	5	9	3	48
101100100110000	010100101110000	6	0	0	6	21	8	6	12	5	576
101100100110100	001001011101001	7	0	0	7	29	7	5	7	3	576
101100100111000	001000100101111	7	0	0	6	11	4	5	7	3	96
101100100111100	111001000001111	8	0	0	6	11	4	5	8	3	32
101100101000100	010100101110000	6	0	0	6	32	9	5	8	4	576
101100101001000	010100101110000	6	2711	2524	6	31	9	5	12	5	576
101100101001001	101101100101000	7	15673	15158	7	18	6	7	11	4	128
101100101001100	011001000001111	7	0	0	7	13	5	5	8	4	48
101100101010000	010100101110000	6	0	0	6	23	8	5	10	6	576
101100101010100	001000100101111	7	0	0	7	17	5	4	5	2	96
101100101011000	001001011101001	7	0	0	7	15	6	5	13	5	576
101100101011100	111001000001111	8	0	0	7	19	6	7	13	5	32
101100101100100	011001000001111	7	0	0	7	29	8	5	10	3	48
101100101101000	011001000001111	7	7282	7080	7	15	4	6	10	3	48
101100101101001	011000101101011	8	25132	24642	7	13	4	4	6	2	32
101100101101100	011001000101111	8	0	0	8	17	5	6	11	3	32
101100101110000	011001000001111	7	0	0	7	28	8	6	9	4	48
101100101110100	111001000001111	8	0	0	8	24	6	5	8	3	32
101100101111000	111001000001111	8	0	0	8	21	6	6	9	4	32
101100101111100	110001011101011	9	0	0	8	19	4	8	17	4	16
101100110010000	010100101110000	6	0	0	6	21	7	5	12	5	576
101100110010100	101101100101000	7	0	0	7	17	6	4	7	2	128
101100110011000	011001000001111	7	0	0	7	27	7	6	15	5	48
101100110011100	110001101101001	8	0	0	8	21	5	7	17	4	32
101100110100000	010100101110000	6	3182	2880	6	20	7	5	9	3	576
101100110100001	101101100101000	7	25308	24402	7	17	6	4	5	2	128
101100110100100	101101100101000	7	0	0	7	17	6	5	9	3	128
101100110101000	011001000001111	7	12059	11469	6	11	4	5	11	4	48
101100110101001	110001101101001	8	120714	119196	8	14	5	7	8	2	32
101100110101100	110001101101001	8	0	0	8	14	4	7	8	2	32
101100110110000	011001000001111	7	0	0	6	26	8	6	14	5	48
101100110110100	011000101101011	8	0	0	8	21	6	7	14	4	32
101100110111000	111000100011101	8	0	0	7	18	5	5	6	2	16
101100110111100	111001100101101	9	0	0	7	8	2	7	8	2	8
101100111000000	010100101110000	6	3411	3208	6	22	7	5	8	4	576
101100111000001	101101100101000	7	22768	22146	7	18	5	4	7	2	128
101100111000100	101101100101000	7	0	0	6	13	5	5	8	4	128
101100111001000	011001000001111	7	14430	14010	7	25	7	5	8	4	48
101100111001001	110001101101001	8	120369	118952	8	19	5	7	13	4	32
101100111001100	110001101101001	8	0	0	8	14	5	7	12	4	32
101100111010000	001000100101111	7	0	0	5	10	3	4	4	2	96
101100111010100	011001110110100	8	0	0	7	16	4	5	6	2	48
101100111011000	111001000001111	8	0	0	7	27	7	7	12	4	32
101100111011100	110001011101011	9	0	0	7	13	4	7	13	4	16
101100111100000	011001000001111	7	13307	12827	7	29	8	5	11	4	48
101100111100001	011000101101011	8	94986	93732	8	27	6	7	18	5	32
101100111100100	001001100101111	8	0	0	8	18	5	6	9	3	24
101100111101000	111000100011101	8	43556	42722	7	13	4	5	7	2	16
101100111101001	111001100101101	9	1767399	1730167	8	16	4	7	8	2	8
101100111101100	111001100111001	9	0	0	7	8	2	7	8	2	8
101100111110000	111000100011101	8	0	0	8	23	6	6	11	3	16
101100111110100	110010101101011	9	0	0	7	8	2	7	8	2	8
101100111111000	011101110111000	9	0	0	5	8	2	0	0	0	24
101100111111100	110110111101001	10	157	15	5	5	1	5	5	1	4
101101000010100	010100101110000	6	8520	8023	6	23	8	5	13	6	576
101101000011000	010100101110000	6	6119	5777	6	24	8	5	14	5	576
101101000011100	011001000001111	7	44183	42994	7	22	7	5	14	6	48
101101000100100	010100101110000	6	0	0	6	29	9	5	11	4	576
101101000101000	010100101110000	6	86519	85098	6	30	9	5	7	3	576
101101000101001	101101100101000	7	5899	5648	7	22	6	6	8	3	128
101101000101100	011001000001111	7	0	0	7	20	6	4	7	3	48
101101000110000	010100101110000	6	0	0	6	21	8	6	10	5	576
101101000110100	001001011101001	7	0	0	7	15	6	5	9	4	576
101101000111000	001000100101111	7	0	0	7	19	5	5	6	2	96
101101000111100	111001000001111	8	0	0	7	23	7	6	12	5	32
101101001000100	010100101110000	6	0	0	6	36	9	5	13	5	576
101101001001000	010100101110000	6	714	626	6	31	9	2	4	3	576
101101001001001	101101100101000	7	12229	11822	7	20	6	7	12	4	128
101101001001100	011001000001111	7	0	0	6	13	4	4	6	3	48
101101001010000	010100101110000	6	0	0	6	24	8	6	10	5	576
101101001010100	001000100101111	7	0	0	7	9	4	5	7	3	96
101101001011000	001001011101001	7	0	0	7	32	7	5	8	4	576
101101001011100	111001000001111	8	0	0	5	9	4	4	6	3	32
101101001100100	011001000001111	7	0	0	7	25	7	6	11	4	48
101101001101000	011001000001111	7	2811	2704	7	16	4	5	7	3	48
101101001101001	011000101101011	8	47638	46983	8	18	5	8	18	5	32
101101001101100	011001000101111	8	0	0	7	15	4	5	9	3	32
101101001110000	011001000001111	7	0	0	7	26	7	6	17	5	48
101101001110100	111001000001111	8	0	0	8	25	7	6	11	4	32
101101001111000	111001000001111	8	0	0	8	22	6	5	7	3	32
101101001111100	110001011101011	9	0	0	9	25	5	7	13	4	16
101101010010000	010100101110000	6	0	0	6	20	7	5	14	5	576
101101010010100	011001000001111	7	44363	43325	7	24	7	5	11	5	48
101101010011000	101101100101000	7	24154	23432	7	13	6	4	6	2	128
101101010011100	110001101101001	8	744653	730618	8	21	5	8	20	4	32
101101010100000	010100101110000	6	109	72	6	20	7	5	7	3	576
101101010100001	101101100101000	7	1117	1047	7	14	5	5	7	2	128
101101010100100	011001000001111	7	0	0	7	20	6	4	7	3	48
101101010101000	101101100101000	7	718	658	6	12	5	5	7	3	128
101101010101001	011000101101011	8	7528	7403	8	29	6	6	9	3	32
101101010101100	110001101101001	8	0	0	8	12	4	8	12	4	32
101101010110000	001000100101111	7	0	0	4	7	3	4	7	3	96
101101010110100	111001000001111	8	0	0	7	26	7	6	11	4	32
101101010111000	011001110110100	8	0	0	7	16	4	4	6	2	48
101101010111100	110001011101011	9	0	0	7	13	4	7	13	4	16
101101011000000	010100101110000	6	116	82	6	23	7	5	10	4	576
101101011000001	101101100101000	7	834	779	7	21	6	5	7	2	128
101101011000100	011001000001111	7	0	0	6	14	5	6	12	5	48
101101011001000	101101100101000	7	903	845	7	20	6	5	10	3	128
101101011001001	011000101101011	8	5215	5123	8	27	7	7	17	5	32
101101011001100	110001101101001	8	0	0	8	16	5	4	6	2	32
101101011010000	011001000001111	7	0	0	6	29	8	6	13	5	48
101101011010100	111000100011101	8	0	0	8	22	5	4	6	2	16
101101011011000	011000101101011	8	0	0	6	21	6	6	10	4	32
101101011011100	111001100101101	9	0	0	4	7	2	4	7	2	8
101101011100000	011001000001111	7	595	551	7	17	5	7	14	5	48
101101011100001	011000101101011	8	2372	2291	6	16	6	6	14	5	32
101101011100100	111000100011101	8	0	0	8	20	5	5	6	2	16
101101011101000	001001100101111	8	2790	2719	7	16	5	6	8	3	24
101101011101001	011011101101001	9	1329	1188	3	5	2	3	5	2	16
101101011101100	111001100111001	9	0	0	9	16	4	5	8	2	8
101101011110000	111000100011101	8	0	0	8	21	6	4	6	2	16
101101011110100	011101110111000	9	0	0	6	7	2	5	5	1	24
101101011111000	110010101101011	9	0	0	5	6	2	5	6	2	8
101101011111100	110110111101001	10	126	40	8	8	1	8	8	1	4
101101100010100	101101100101000	7	0	0	6	15	7	5	8	4	128
101101100011000	101101100101000	7	0	0	4	8	4	4	8	4	128
101101100011100	110001101101001	8	0	0	8	16	5	7	12	4	32
101101100100100	101101100101000	7	0	0	6	9	4	4	6	3	128
101101100101000	101101100101000	7	197	132	0	0	0	0	0	0	128
101101100101001	011100111100001	8	19144	18840	8	12	4	6	13	4	384
101101100101100	110001101101001	8	0	0	8	18	5	7	14	3	32
101101100110000	101101100101000	7	0	0	7	11	4	5	9	4	128
101101100110100	011101011001001	8	0	0	7	18	5	6	12	4	192
101101100111000	011001110110100	8	0	0	5	7	2	5	7	2	48
101101100111100	110001011101011	9	0	0	8	24	5	8	21	5	16
101101101000100	101101100101000	7	0	0	6	18	7	4	7	2	128
101101101001000	101101100101000	7	2114	2005	6	11	4	6	11	4	128
101101101001001	011100111100001	8	35788	35289	8	25	7	6	14	4	384
101101101001100	110001101101001	8	0	0	8	23	5	7	17	4	32
101101101010000	101101100101000	7	0	0	7	17	7	5	9	4	128
101101101010100	011001110110100	8	0	0	7	14	4	5	6	2	48
101101101011000	011101011001001	8	0	0	7	18	5	7	12	3	192
101101101011100	110001011101011	9	0	0	7	13	4	7	13	4	16
101101101100100	110001101101001	8	0	0	8	24	6	8	22	5	32
101101101101000	110001101101001	8	9383	9300	8	24	6	8	22	5	32
101101101101001	011111001101001	9	215995	213726	8	17	4	4	7	2	32
101101101101100	111101010011100	9	0	0	7	10	2	3	3	1	64
101101101110000	110001101101001	8	0	0	8	17	6	8	16	5	32
101101101110100	110001011101011	9	0	0	8	18	4	8	13	3	16
101101101111000	110001011101011	9	0	0	8	17	4	5	7	2	16
101101101111100	011101111101100	10	0	0	0	0	0	0	0	0	64
101101110010000	101101100101000	7	0	0	7	31	7	6	12	5	128
101101110010100	011000101101011	8	0	0	6	10	4	6	10	4	32
101101110011000	011000101101011	8	0	0	8	15	4	6	12	5	32
101101110011100	110101101101001	9	0	0	9	16	5	5	8	2	32
101101110100000	101101100101000	7	652	601	7	23	6	6	9	3	128
101101110100001	011100111100001	8	3789	3693	7	26	7	6	12	4	384
101101110100100	011000101101011	8	0	0	6	15	5	4	9	3	32
101101110101000	011000101101011	8	2609	2517	6	13	5	4	8	3	32
101101110101001	011111001101001	9	53999	53184	8	13	3	8	13	3	32
101101110101100	110101101101001	9	0	0	9	19	4	8	9	2	32
101101110110000	001001100101111	8	0	0	8	21	5	5	7	3	24
101101110110100	011011101101001	9	0	0	8	23	5	7	16	5	16
101101110111000	110010101101011	9	0	0	6	10	3	6	10	3	8
101101110111100	111010111100011	10	0	0	7	13	4	7	11	3	8
101101111000000	101101100101000	7	632	587	7	24	7	5	8	3	128
101101111000001	011100111100001	8	3840	3762	8	27	7	7	14	4	384
101101111000100	011000101101011	8	0	0	6	12	5	6	10	4	32
101101111001000	011000101101011	8	2998	2922	7	17	5	5	6	3	32
101101111001001	011111001101001	9	17171	17023	8	15	4	3	4	2	32
101101111001100	110101101101001	9	0	0	9	22	4	5	8	2	32
101101111010000	001001100101111	8	0	0	8	23	5	4	4	2	24
101101111010100	110010101101011	9	0	0	6	10	3	6	10	3	8
101101111011000	011011101101001	9	0	0	9	29	5	8	16	4	16
101101111011100	111010111100011	10	224	206	9	19	4	7	10	3	8
101101111100000	110001101101001	8	2805	2747	8	20	6	6	8	2	32
101101111100001	011111001101001	9	11731	11622	8	16	4	8	16	4	32
101101111100100	111001100101101	9	0	0	6	9	2	6	7	2	8
101101111101000	111001100101101	9	4891	4788	6	7	2	6	7	2	8
101101111101001	101111101101001	10	7032	5668	4	6	2	4	6	2	16
101101111101100	111100011111100	10	0	0	8	8	1	0	0	0	16
101101111110000	111001100111001	9	0	0	9	24	5	6	9	2	8
101101111110100	110110111101001	10	0	0	6	9	2	6	9	2	4
101101111111000	110110111101001	10	9	0	8	9	2	8	9	2	4
101101111111100	011101111111100	11	23809	4911	0	0	0	0	0	0	8
101110000100000	000010011001001	5	45	16	5	19	8	4	6	3	3840
101110000100001	010100101110000	6	389	328	6	20	7	4	5	2	576
101110000101000	010100101110000	6	391	327	6	25	8	5	8	3	576
101110000101001	101101100101000	7	1618	1533	6	14	7	4	5	2	128
101110001000000	000010011001001	5	1014	883	5	21	8	5	8	4	3840
101110001000001	010100101110000	6	3801	3551	6	23	8	4	6	2	576
101110001001000	010100101110000	6	5135	4790	6	21	8	4	4	2	576
101110001001001	101101100101000	7	18681	18057	7	16	6	6	17	5	128
101110001100000	001100101110000	6	425	359	6	17	6	4	9	3	384
101110001100001	101101100101000	7	2248	2157	7	18	7	6	9	3	128
101110001101000	011001000001111	7	2230	2136	7	17	5	3	4	2	48
101110001101001	011000101101011	8	4468	4347	6	14	5	4	6	2	32
101110010100000	010100101110000	6	0	0	6	26	8	4	4	2	576
101110010100001	001001011101001	7	0	0	7	25	7	5	8	3	576
101110010101000	101101100101000	7	0	0	6	20	7	5	10	4	128
101110010101001	011000101101011	8	0	0	8	25	6	7	15	4	32
101110011000000	010100101110000	6	3626	3404	6	23	8	5	6	3	576
101110011000001	001001011101001	7	13669	13252	7	17	6	5	8	3	576
101110011001000	101101100101000	7	26865	26033	7	21	7	3	5	3	128
101110011001001	011000101101011	8	107710	106251	8	25	6	5	6	2	32
101110011100000	001001000101111	7	0	0	7	22	5	4	5	2	576
101110011100001	011101011001001	8	0	0	8	21	6	6	19	6	192
101110011101000	001001100101111	8	0	0	8	12	3	5	7	2	24
101110011101001	011011101101001	9	0	0	9	24	6	7	15	4	16
101110100100000	010100101110000	6	617	544	6	24	8	4	6	3	576
101110100100001	101101100101000	7	3971	3839	7	21	7	5	13	4	128
101110100101000	001001011101001	7	3752	3637	7	29	7	5	7	3	576
101110100101001	011000101101011	8	11578	11394	7	14	4	6	8	3	32
101110101000000	010100101110000	6	4421	4143	6	25	8	5	8	3	576
101110101000001	101101100101000	7	15198	14753	7	23	7	5	8	3	128
101110101001000	001001011101001	7	21725	21065	7	17	6	6	8	3	576
101110101001001	011000101101011	8	96545	95187	8	25	6	5	5	2	32
101110101100000	011001000001111	7	2565	2491	7	22	7	4	6	2	48
101110101100001	011000101101011	8	10064	9919	7	17	5	4	6	2	32
101110101101000	111001000001111	8	7940	7824	7	17	4	3	4	2	32
101110101101001	111001100110110	9	493732	489692	9	27	6	6	10	3	96
101110110100000	101101100101000	7	0	0	6	18	7	5	9	3	128
101110110100001	011000101101011	8	0	0	8	14	4	6	8	3	32
101110110101000	011000101101011	8	0	0	8	27	6	6	11	3	32
101110110101001	110101101101001	9	0	0	9	22	5	8	9	2	32
101110111000000	101101100101000	7	6937	6476	5	17	7	5	12	5	128
101110111000001	011000101101011	8	56579	55835	8	27	6	7	11	4	32
101110111001000	011000101101011	8	97340	96084	8	27	6	7	16	5	32
101110111001001	110101101101001	9	286459	250332	5	8	2	5	8	2	32
101110111100000	001001100101111	8	0	0	7	11	3	4	5	2	24
101110111100001	011011101101001	9	0	0	8	20	4	6	10	3	16
101110111101000	110010101101011	9	0	0	8	15	4	5	6	2	8
101110111101001	111010111100011	10	0	0	9	16	4	7	11	3	8
101111000100000	010100101110000	6	515	443	6	23	8	4	4	2	576
101111000100001	101101100101000	7	5503	5264	7	19	7	4	8	3	128
101111000101000	101101100101000	7	2006	1904	6	20	7	5	10	4	128
101111000101001	111100100101001	8	24158	23750	8	14	4	6	8	2	192
101111001000000	010100101110000	6	608	530	6	27	8	4	8	3	576
101111001000001	101101100101000	7	7056	6794	7	25	7	6	16	5	128
101111001001000	101101100101000	7	3034	2926	7	25	7	6	17	5	128
101111001001001	111100100101001	8	89492	88336	8	17	4	7	13	4	192
101111001100000	011001000001111	7	2457	2358	7	17	5	5	8	3	48
101111001100001	011000101101011	8	12284	11845	6	17	6	3	6	3	32
101111001101000	111011000101001	8	7276	7142	7	14	4	3	5	2	96
101111001101001	111011001101001	9	364239	359244	8	16	4	3	5	2	32
101111010100000	101101100101000	7	0	0	6	19	7	6	13	5	128
101111010100001	011000101101011	8	0	0	8	25	6	6	13	4	32
101111010101000	011100111100001	8	0	0	7	22	7	5	7	2	384
101111010101001	011111001101001	9	0	0	8	14	4	8	10	3	32
101111011000000	101101100101000	7	0	0	6	20	7	4	7	3	128
101111011000001	011000101101011	8	0	0	6	12	4	5	6	3	32
101111011001000	011100111100001	8	0	0	8	22	7	5	14	5	384
101111011001001	011111001101001	9	0	0	3	3	1	3	3	1	32
101111011100000	001001100101111	8	0	0	7	10	3	4	7	3	24
101111011100001	011011101101001	9	0	0	9	25	6	7	16	5	16
101111011101000	101011111001010	9	0	0	7	12	4	5	7	2	48
101111011101001	111011011101001	10	53086	52415	8	16	4	3	5	2	16
101111100100000	101101100101000	7	2471	2367	6	18	6	5	9	3	128
101111100100001	011100111100001	8	16513	16157	7	19	7	5	9	3	384
101111100101000	011000101101011	8	19755	19566	8	27	6	6	11	3	32
101111100101001	011111001101001	9	95403	93259	7	14	4	7	10	3	32
101111101000000	101101100101000	7	3640	3516	7	20	7	5	8	3	128
101111101000001	011100111100001	8	16930	16567	7	20	7	6	15	5	384
101111101001000	011000101101011	8	10028	9785	6	12	4	5	7	3	32
101111101001001	011111001101001	9	3646	1074	0	0	0	0	0	0	32
101111101100000	110001101101001	8	11863	11751	8	15	6	6	8	2	32
101111101100001	011111001101001	9	142212	140085	8	25	5	8	16	4	32
101111101101000	111001100101101	9	186932	182358	7	12	3	4	4	1	8
101111101101001	101111101101001	10	113	45	0	0	0	0	0	0	16
101111110100000	111100100101001	8	0	0	8	18	4	6	12	3	192
101111110100001	011111001101001	9	0	0	8	13	3	6	8	2	32
101111110101000	011111001101001	9	0	0	9	13	3	7	9	2	32
101111110101001	111101101101001	10	0	0	10	23	5	9	17	3	48
101111111000000	111100100101001	8	0	0	8	19	4	5	8	2	192
101111111000001	011111001101001	9	0	0	8	16	3	6	8	2	32
101111111001000	011111001101001	9	0	0	9	19	4	7	10	3	32
101111111001001	111101101101001	10	0	0	10	24	5	5	8	2	48
101111111100000	011110111001001	9	0	0	7	7	2	5	7	2	32
101111111100001	111101110101001	10	0	0	8	9	2	5	5	1	64
101111111101000	111100111101001	10	0	0	10	21	4	6	9	2	8
101111111101001	111101111101001	11	272745	272067	11	23	4	6	9	2	8
110000000000111	000010011001001	5	2951	2495	3	11	7	3	7	4	3840
110000000001011	000010011001001	5	13257	12385	5	21	8	5	13	5	3840
110000000001110	000010011001001	5	10375	9812	5	28	10	5	13	5	3840
110000000001111	010100101110000	6	48285	46625	6	23	8	6	17	8	576
110000000010011	000010011001001	5	0	0	5	22	8	3	8	5	3840
110000000010101	000010011001001	5	12419	11693	5	33	10	5	13	5	3840
110000000010111	001100101110000	6	0	0	6	30	9	3	5	3	384
110000000011001	000010011001001	5	14067	13212	5	32	9	5	14	6	3840
110000000011010	000010011001001	5	0	0	5	31	10	4	7	5	3840
110000000011011	101010000110001	6	0	0	6	30	8	3	6	3	480
110000000011100	000010011001001	5	13161	12760	5	31	9	3	7	4	3840
110000000011101	010100101110000	6	71032	68177	6	20	7	6	13	7	576
110000000011110	001100101110000	6	0	0	6	27	8	3	5	3	384
110000000011111	011001000001111	7	0	0	6	19	6	5	8	3	48
110000000100101	000010011001001	5	8968	7971	5	25	9	3	7	4	3840
110000000100111	010100101110000	6	0	0	6	31	9	4	10	4	576
110000000101001	000010011001001	5	4734	4585	5	31	9	5	12	5	3840
110000000101011	010100101110000	6	47741	44970	6	28	8	6	11	5	576
110000000101100	000010011001001	5	4476	3909	5	25	8	5	12	5	3840
110000000101101	010100101110000	6	40520	38127	6	18	7	6	15	7	576
110000000101110	010100101110000	6	0	0	6	25	8	6	11	5	576
110000000101111	001001011101001	7	0	0	7	20	7	6	10	4	576
110000000110001	000010011001001	5	3342	3065	5	29	9	2	3	3	3840
110000000110011	010100101110000	6	0	0	6	34	9	2	6	4	576
110000000110101	010100101110000	6	0	0	6	17	5	5	12	4	576
110000000110111	101101100101000	7	0	0	7	26	8	5	12	4	128
110000000111000	000010011001001	5	2149	1966	5	20	7	4	5	3	3840
110000000111001	001100101110000	6	14118	13323	6	33	8	3	6	4	384
110000000111010	010100101110000	6	0	0	6	20	8	4	5	4	576
110000000111011	011001000001111	7	0	0	7	22	7	4	4	2	48
110000000111100	010100101110000	6	0	0	6	26	7	6	12	5	576
110000000111101	101101100101000	7	0	0	7	33	8	4	7	3	128
110000000111110	101101100101000	7	0	0	7	21	8	3	5	2	128
110000000111111	011000101101011	8	0	0	8	33	7	5	8	3	32
110000001001001	000010011001001	5	2584	2434	4	13	7	3	7	4	3840
110000001001010	000010011001001	5	5341	4647	5	22	9	4	7	5	3840
110000001001011	001100101110000	6	31768	28969	5	19	7	3	5	3	384
110000001001100	000010011001001	5	0	0	5	21	8	5	14	6	3840
110000001010100	000010011001001	5	0	0	5	17	6	3	6	4	3840
110000001011100	010100101110000	6	0	0	6	30	8	6	13	5	576
110000001100100	000010011001001	5	0	0	5	22	8	2	3	3	3840
110000001101000	000010011001001	5	1090	1061	5	18	7	4	5	3	3840
110000001101001	010100101110000	6	20567	20250	6	19	7	6	12	5	576
110000001101010	010100101110000	6	35641	33796	6	32	9	4	5	4	576
110000001101011	101101100101000	7	243077	236699	7	20	8	3	5	2	128
110000001101100	001100101110000	6	0	0	6	17	5	3	6	3	384
110000001110000	000010011001001	5	0	0	5	21	7	5	8	4	3840
110000001110100	010100101110000	6	0	0	6	15	5	2	4	3	576
110000001111000	010100101110000	6	0	0	6	18	6	4	7	4	576
110000001111100	101101100101000	7	0	0	6	14	5	5	10	4	128
110000010000011	000010011001001	5	5830	5115	5	18	8	3	8	5	3840
110000010001001	000010011001001	5	16104	15211	5	26	9	5	14	6	3840
110000010001010	000010011001001	5	6536	5813	5	27	10	4	7	6	3840
110000010001011	101010000110001	6	33879	31915	6	30	8	3	6	3	480
110000010001100	000010011001001	5	0	0	5	29	9	3	7	3	3840
110000010011100	001100101110000	6	6465	5871	6	12	5	4	7	3	384
110000010100001	000010011001001	5	25031	23521	5	21	6	5	13	5	3840
110000010100011	010100101110000	6	31026	29040	6	34	9	5	10	4	576
110000010101000	000010011001001	5	18527	17451	5	30	8	5	12	5	3840
110000010101001	000011001001011	6	569820	541530	6	18	6	4	6	3	1440
110000010101010	010100101110000	6	33817	31883	6	26	8	6	13	4	576
110000010101011	001000100101111	7	151871	147369	7	23	6	4	6	3	96
110000010101100	101010000110001	6	0	0	6	23	7	4	5	2	480
110000010111000	001100101110000	6	0	0	4	6	2	4	6	2	384
110000010111100	011001000001111	7	2420	2354	7	18	6	5	6	3	48
110000011000001	000010011001001	5	5381	4669	5	27	9	5	12	6	3840
110000011000010	000010011001001	5	5755	4991	5	25	8	2	2	4	3840
110000011000011	001100101110000	6	31219	29004	6	19	8	3	6	4	384
110000011000100	000010011001001	5	0	0	5	34	9	5	12	7	3840
110000011001001	101010000110001	6	32123	29961	6	19	7	3	4	2	480
110000011001010	101010000110001	6	31681	29769	6	22	7	4	7	3	480
110000011001011	010111011000001	7	161116	155984	7	17	5	5	11	4	96
110000011001100	101010000110001	6	0	0	6	24	7	3	4	2	480
110000011010100	001100101110000	6	0	0	4	5	2	4	5	2	384
110000011011100	011001000001111	7	2698	2623	7	18	6	4	6	3	48
110000011100000	000010011001001	5	5690	4972	5	29	8	3	4	3	3840
110000011100001	010100101110000	6	30086	28075	6	28	7	5	9	5	576
110000011100010	010100101110000	6	31652	29611	6	27	9	4	5	3	576
110000011100011	101101100101000	7	112407	107164	6	22	8	4	7	3	128
110000011100100	101010000110001	6	0	0	6	24	7	4	10	4	480
110000011101000	101010000110001	6	29958	28163	6	21	6	4	5	2	480
110000011101001	001000100101111	7	155102	150028	7	18	5	3	4	2	96
110000011101010	001000100101111	7	64039	59586	5	15	5	5	15	5	96
110000011101011	011001110110100	8	3022064	2955537	8	19	5	5	7	2	48
110000011101100	010111011000001	7	0	0	6	14	4	4	5	2	96
110000011110000	001100101110000	6	0	0	6	15	5	5	7	3	384
110000011110100	011001000001111	7	0	0	6	13	6	4	6	3	48
110000011111000	011001000001111	7	0	0	6	10	5	3	5	3	48
110000011111100	111011000101001	8	1978	1899	5	7	2	3	3	1	96
110000100000101	000010011001001	5	13777	12904	5	26	9	3	7	3	3840
110000100000111	010100101110000	6	0	0	6	31	9	4	10	4	576
110000100001001	000010011001001	5	4313	4185	5	33	9	5	12	4	3840
110000100001011	010100101110000	6	26460	24924	6	28	8	6	11	5	576
110000100001100	000010011001001	5	10323	9534	5	23	8	5	12	4	3840
110000100001101	010100101110000	6	64201	61179	6	32	8	6	15	7	576
110000100001110	010100101110000	6	0	0	6	25	8	6	11	5	576
110000100001111	001001011101001	7	0	0	7	20	7	6	10	4	576
110000100010001	000010011001001	5	10059	9526	5	33	9	5	13	5	3840
110000100010011	010100101110000	6	0	0	6	34	9	5	10	4	576
110000100010101	101010000110001	6	63054	60722	6	23	7	4	5	2	480
110000100010111	011001000001111	7	0	0	7	23	7	5	7	3	48
110000100011000	000010011001001	5	12538	11679	5	24	7	5	12	5	3840
110000100011001	000011001001011	6	60920	57986	6	21	6	4	6	3	1440
110000100011010	010100101110000	6	0	0	6	26	8	6	13	4	576
110000100011011	001000100101111	7	0	0	7	23	6	4	6	3	96
110000100011100	101010000110001	6	60333	57994	6	21	7	4	5	2	480
110000100011101	001000100101111	7	840234	806566	7	18	5	5	7	3	96
110000100011110	011001000001111	7	0	0	7	19	7	6	12	4	48
110000100011111	111001000001111	8	0	0	7	22	6	3	4	2	32
110000100100101	001100101110000	6	55504	52480	6	11	4	4	7	3	384
110000100100111	101101100101000	7	0	0	7	31	8	6	8	3	128
110000100101001	001100101110000	6	21941	21598	6	11	5	4	12	5	384
110000100101011	101101100101000	7	282316	274277	7	35	8	5	9	4	128
110000100101100	001100101110000	6	18958	17963	6	23	8	4	12	5	384
110000100101101	001001000101111	7	98667	94593	6	14	5	5	9	3	576
110000100101110	101101100101000	7	0	0	7	25	7	5	9	4	128
110000100101111	011101011001001	8	0	0	8	32	7	5	10	4	192
110000100110001	001100101110000	6	8552	8030	5	7	2	4	5	3	384
110000100110011	101101100101000	7	0	0	7	28	8	5	11	4	128
110000100110101	011001000001111	7	0	0	7	18	6	5	9	4	48
110000100110111	011000101101011	8	0	0	8	24	6	4	7	3	32
110000100111000	001100101110000	6	8256	7938	6	23	6	4	6	4	384
110000100111001	111000010101001	7	366039	318757	5	8	3	2	2	1	144
110000100111010	101101100101000	7	0	0	7	22	8	6	15	6	128
110000100111011	001001100101111	8	0	0	6	11	4	5	7	3	24
110000100111100	011001000001111	7	0	0	7	18	6	7	15	5	48
110000100111101	001001100101111	8	0	0	8	28	6	5	9	3	24
110000100111110	011000101101011	8	0	0	8	32	6	6	9	3	32
110000100111111	011011101101001	9	520	40	9	22	5	4	5	2	16
110000101000100	000010011001001	5	0	0	5	25	8	5	13	5	3840
110000101001000	000010011001001	5	900	878	5	29	9	5	12	5	3840
110000101001001	101010000110001	6	18841	18552	6	19	7	4	5	2	480
110000101001010	010100101110000	6	20902	19580	6	30	9	6	13	4	576
110000101001011	011001000001111	7	192333	187247	7	19	6	6	12	4	48
110000101001100	000011001001011	6	0	0	6	21	6	4	6	3	1440
110000101010000	000010011001001	5	0	0	5	29	8	3	9	5	3840
110000101010100	101010000110001	6	0	0	6	24	7	4	5	2	480
110000101011000	010100101110000	6	0	0	6	30	8	6	12	6	576
110000101011100	001000100101111	7	0	0	7	21	6	3	4	2	96
110000101100100	001100101110000	6	0	0	6	16	6	4	5	3	384
110000101101000	001100101110000	6	13505	13297	6	18	5	4	6	4	384
110000101101001	011001000001111	7	1933497	1903217	7	15	5	7	15	5	48
110000101101010	101101100101000	7	211824	206149	7	25	8	6	15	6	128
110000101101011	011000101101011	8	2109329	2072873	8	28	6	6	9	3	32
110000101101100	111000010101001	7	0	0	5	8	3	2	2	1	144
110000101110000	001100101110000	6	0	0	6	16	5	5	11	4	384
110000101110100	011001000001111	7	0	0	6	13	6	4	6	3	48
110000101111000	001001000101111	7	0	0	7	25	8	5	5	2	576
110000101111100	001001100101111	8	0	0	6	9	3	5	5	2	24
110000110000001	000010011001001	5	728	630	5	31	10	2	3	2	3840
110000110000011	010100101110000	6	521	439	6	34	9	2	6	4	576
110000110001000	000010011001001	5	670	568	5	23	9	4	5	3	3840
110000110001001	001100101110000	6	4728	4371	6	28	8	3	6	4	384
110000110001010	010100101110000	6	22	15	6	20	8	4	5	4	576
110000110001011	011001000001111	7	0	0	7	22	7	4	4	2	48
110000110001100	010100101110000	6	0	0	6	28	9	6	12	5	576
110000110011000	001100101110000	6	0	0	4	10	5	4	6	3	384
110000110011100	011001000001111	7	0	0	7	21	7	5	6	3	48
110000110100001	001100101110000	6	2272	2047	5	12	5	4	5	3	384
110000110100011	101101100101000	7	5964	5509	7	29	7	5	11	4	128
110000110101000	001100101110000	6	5274	4782	6	28	8	4	6	4	384
110000110101001	111000010101001	7	20813	19529	6	7	2	2	2	1	144
110000110101010	101101100101000	7	929	859	7	25	7	6	15	6	128
110000110101011	001001100101111	8	0	0	6	11	4	5	7	3	24
110000110101100	011001000001111	7	0	0	7	21	7	7	15	5	48
110000110111000	111100000011100	7	0	0	7	10	3	7	10	3	192
110000110111100	110001101101001	8	0	0	6	14	4	0	0	0	32
110000111000000	000010011001001	5	386	343	5	31	10	3	4	3	3840
110000111000001	101010000110001	6	3451	3233	6	19	7	4	10	4	480
110000111000010	010100101110000	6	1588	1382	6	27	9	4	5	3	576
110000111000011	011001000001111	7	7301	6740	7	14	5	5	5	3	48
110000111000100	010100101110000	6	0	0	6	22	8	5	9	5	576
110000111001000	101010000110001	6	2405	2255	6	16	6	4	5	2	480
110000111001001	010111011000001	7	17017	15627	6	11	3	4	5	2	96
110000111001010	001000100101111	7	127	112	5	15	5	5	15	5	96
110000111001011	111000100011101	8	0	0	8	19	5	6	9	3	16
110000111001100	001000100101111	7	0	0	7	18	5	3	4	2	96
110000111010000	001100101110000	6	0	0	6	20	7	4	7	3	384
110000111010100	011001000001111	7	0	0	6	19	6	6	15	5	48
110000111011000	011001000001111	7	0	0	6	15	5	6	9	3	48
110000111011100	111001000001111	8	0	0	8	20	5	5	6	3	32
110000111100000	001100101110000	6	3063	2847	6	22	7	5	9	3	384
110000111100001	011001000001111	7	10880	9993	6	18	6	5	7	3	48
110000111100010	101101100101000	7	10715	9883	7	19	7	6	11	3	128
110000111100011	011000101101011	8	42894	40625	8	27	6	2	2	1	32
110000111100100	011001000001111	7	0	0	6	19	6	5	7	3	48
110000111101000	010111011000001	7	11254	9409	4	6	2	4	6	2	96
110000111101001	111000100011101	8	112358	104726	6	7	2	5	7	2	16
110000111101010	011001110110100	8	5063	4941	8	15	4	5	6	2	48
110000111101011	110010101101011	9	0	0	5	5	1	5	5	1	8
110000111101100	111000100011101	8	0	0	6	9	3	5	7	2	16
110000111110000	111100000011100	7	0	0	7	14	5	5	7	2	192
110000111110100	110001101101001	8	0	0	8	20	5	8	14	3	32
110000111111000	011001000101111	8	0	0	8	21	5	6	7	2	32
110000111111100	111001100101101	9	0	0	9	17	4	4	4	1	8
110001000000101	000010011001001	5	9260	8785	5	25	9	5	13	6	3840
110001000000110	000010011001001	5	10141	9609	5	28	10	3	8	5	3840
110001000000111	001100101110000	6	24056	22641	5	17	8	3	5	3	384
110001000001001	000010011001001	5	3789	3566	4	14	7	3	7	3	3840
110001000001010	000010011001001	5	11819	11128	5	25	9	4	7	6	3840
110001000001011	001100101110000	6	32854	30686	5	19	7	3	5	3	384
110001000001100	000010011001001	5	12116	11470	5	26	8	5	14	6	3840
110001000001101	010100101110000	6	51999	49863	6	36	9	6	13	7	576
110001000001110	101010000110001	6	48602	46802	6	22	7	3	6	3	480
110001000001111	011001000001111	7	797267	756279	6	19	6	5	8	3	48
110001000010001	000010011001001	5	8200	7262	5	23	8	5	12	7	3840
110001000010010	000010011001001	5	1720	1593	5	25	8	2	2	4	3840
110001000010011	001100101110000	6	0	0	6	19	8	3	6	4	384
110001000010100	000010011001001	5	3200	2969	5	21	6	5	12	6	3840
110001000010101	000011001001011	6	0	0	6	22	6	4	13	6	1440
110001000010110	001100101110000	6	9181	8828	6	29	9	3	6	4	384
110001000010111	111000010101001	7	0	0	3	4	2	3	4	2	144
110001000011001	101010000110001	6	45840	43216	6	18	6	3	4	2	480
110001000011010	101010000110001	6	56	44	6	22	7	4	7	3	480
110001000011011	010111011000001	7	412	374	7	17	5	5	11	4	96
110001000011100	101010000110001	6	97	56	6	23	7	3	4	2	480
110001000011101	001000100101111	7	611	517	7	17	5	5	7	3	96
110001000011110	010111011000001	7	533	462	7	26	7	5	11	4	96
110001000011111	111000100011101	8	851	668	3	4	2	3	4	2	16
110001000100100	000010011001001	5	3331	3052	5	26	8	5	13	5	3840
110001000100101	101010000110001	6	34622	33116	6	19	7	4	5	2	480
110001000100110	010100101110000	6	4352	4234	6	31	9	5	10	4	576
110001000100111	011001000001111	7	0	0	7	17	6	5	7	3	48
110001000101000	000010011001001	5	2413	2343	5	22	7	5	12	5	3840
110001000101001	101010000110001	6	25251	24862	6	19	6	4	5	2	480
110001000101010	010100101110000	6	28917	27138	6	30	9	6	13	4	576
110001000101011	011001000001111	7	154771	150011	7	19	6	6	12	4	48
110001000101100	000011001001011	6	13210	12578	6	18	6	4	6	3	1440
110001000101101	001000100101111	7	117739	114879	7	20	6	5	7	3	96
110001000101110	001000100101111	7	704	563	7	23	6	4	6	3	96
110001000101111	111001000001111	8	2500	2205	6	16	4	3	4	2	32
110001000110000	000010011001001	5	4135	3769	5	26	7	3	4	3	3840
110001000110001	101010000110001	6	46081	43592	6	24	7	4	10	4	480
110001000110010	010100101110000	6	6025	5815	6	27	9	4	5	3	576
110001000110011	011001000001111	7	0	0	7	14	5	5	5	3	48
110001000110100	010100101110000	6	9959	9617	6	28	7	5	9	5	576
110001000110101	001000100101111	7	0	0	7	18	5	2	2	1	96
110001000110110	101101100101000	7	17173	16580	6	22	8	4	7	3	128
110001000110111	001001100101111	8	0	0	7	15	4	2	2	1	24
110001000111000	101010000110001	6	23833	22451	6	21	6	4	5	2	480
110001000111001	010111011000001	7	146971	140658	6	14	4	4	5	2	96
110001000111010	001000100101111	7	132	119	5	15	5	5	15	5	96
110001000111011	111000100011101	8	1342	1302	8	19	5	6	9	3	16
110001000111100	001000100101111	7	669	546	7	18	5	3	4	2	96
110001000111101	011001110110100	8	3157	2878	7	22	6	4	6	2	48
110001000111110	011001110110100	8	3120	2919	8	19	5	5	7	2	48
110001000111111	110010101101011	9	7195	6700	6	9	3	6	9	3	8
110001001001001	001100101110000	6	31499	31013	6	18	7	4	7	3	384
110001001001010	001100101110000	6	28350	26431	6	21	7	5	9	4	384
110001001001011	111100000011100	7	182973	176467	7	21	6	5	9	3	192
110001001001100	001100101110000	6	0	0	6	15	7	4	6	4	384
110001001010100	001100101110000	6	0	0	6	23	6	4	9	4	384
110001001011100	011001000001111	7	0	0	7	18	6	7	12	4	48
110001001100100	001100101110000	6	0	0	6	17	5	4	8	4	384
110001001101000	001100101110000	6	10090	9938	6	15	6	4	6	2	384
110001001101001	011001000001111	7	2050509	2019669	7	15	5	5	6	3	48
110001001101010	011001000001111	7	139702	135277	7	26	7	7	13	4	48
110001001101011	110001101101001	8	2232719	2170537	8	17	5	7	11	3	32
110001001101100	111000010101001	7	0	0	7	20	6	3	3	1	144
110001001110000	001100101110000	6	0	0	6	15	5	5	7	3	384
110001001110100	001001000101111	7	0	0	7	22	7	2	2	1	576
110001001111000	011001000001111	7	0	0	6	10	5	3	5	3	48
110001001111100	001001100101111	8	0	0	6	9	3	4	6	2	24
110001010000001	000010011001001	5	6482	5703	5	21	9	3	6	3	3840
110001010000010	000010011001001	5	7492	6562	5	26	10	5	5	3	3840
110001010000011	001100101110000	6	40686	37952	6	18	7	3	4	2	384
110001010000100	000010011001001	5	0	0	5	21	9	3	6	3	3840
110001010001001	010100101110000	6	37085	34747	6	29	9	6	13	5	576
110001010001010	010100101110000	6	50065	46856	6	22	8	4	8	4	576
110001010001011	011001000001111	7	148572	141284	6	19	8	4	6	3	48
110001010001100	010100101110000	6	0	0	6	27	9	6	13	5	576
110001010010100	001100101110000	6	0	0	4	10	5	4	5	2	384
110001010011100	011001000001111	7	25800	24600	7	24	8	4	6	3	48
110001010100000	000010011001001	5	7525	6628	5	31	10	3	9	5	3840
110001010100001	101010000110001	6	36112	33824	6	19	7	4	5	2	480
110001010100010	010100101110000	6	40609	38086	6	24	8	2	6	4	576
110001010100011	011001000001111	7	202906	196282	7	16	7	5	6	3	48
110001010100100	101010000110001	6	0	0	6	19	7	4	5	2	480
110001010101000	010100101110000	6	39690	37201	6	23	8	6	12	6	576
110001010101001	001000100101111	7	119492	113956	6	17	5	3	4	2	96
110001010101010	001001011101001	7	222239	215420	7	18	6	6	11	4	576
110001010101011	111001000001111	8	3286899	3216707	8	22	6	5	6	3	32
110001010101100	001000100101111	7	0	0	6	17	5	3	4	2	96
110001010110000	001100101110000	6	0	0	6	21	7	4	7	3	384
110001010110100	011001000001111	7	0	0	6	18	6	6	15	5	48
110001010111000	011001000001111	7	0	0	6	21	7	6	9	3	48
110001010111100	111001000001111	8	0	0	8	23	6	5	6	3	32
110001011000001	001100101110000	6	33497	31179	6	21	8	4	5	2	384
110001011000010	001100101110000	6	39552	36761	6	24	8	5	9	3	384
110001011000011	111100000011100	7	137336	130193	6	19	6	5	11	4	192
110001011000100	001100101110000	6	0	0	6	28	8	4	9	4	384
110001011001001	011001000001111	7	237355	229156	7	18	6	4	6	3	48
110001011001010	011001000001111	7	157525	149685	6	15	6	2	3	2	48
110001011001011	011001000101111	8	1186091	1067942	5	9	3	3	3	1	32
110001011001100	011001000001111	7	0	0	7	24	8	7	12	4	48
110001011010100	111100000011100	7	0	0	6	11	3	5	8	3	192
110001011011100	110001101101001	8	0	0	6	14	4	2	2	1	32
110001011100000	001100101110000	6	35459	33066	6	21	7	4	7	3	384
110001011100001	011001000001111	7	121427	115761	6	18	6	6	15	5	48
110001011100010	011001000001111	7	197771	191297	7	14	4	5	6	3	48
110001011100011	110001101101001	8	2207942	2138086	8	13	4	7	13	4	32
110001011100100	010111011000001	7	0	0	4	5	2	4	5	2	96
110001011101000	011001000001111	7	119437	113717	6	21	7	6	9	3	48
110001011101001	111001000001111	8	3015441	2961835	8	23	6	5	6	3	32
110001011101010	111001000001111	8	401887	323174	3	4	2	3	4	2	32
110001011101011	110001011101011	9	0	0	0	0	0	0	0	0	16
110001011101100	111000100011101	8	0	0	7	12	4	3	3	1	16
110001011110000	111100000011100	7	0	0	7	13	5	4	5	2	192
110001011110100	011001000101111	8	0	0	8	17	4	5	7	2	32
110001011111000	110001101101001	8	0	0	8	19	5	8	17	4	32
110001011111100	111001100101101	9	0	0	9	20	5	5	7	2	8
110001100000100	000010011001001	5	4255	3921	5	28	10	2	3	2	3840
110001100000101	010100101110000	6	31952	30421	6	31	8	5	12	4	576
110001100000110	010100101110000	6	4802	4669	6	27	9	2	6	4	576
110001100000111	101101100101000	7	0	0	7	24	8	5	12	4	128
110001100001000	000010011001001	5	3437	3338	5	22	9	4	5	3	3840
110001100001001	010100101110000	6	26482	26075	6	30	9	6	12	5	576
110001100001010	010100101110000	6	29	18	6	32	9	4	5	4	576
110001100001011	101101100101000	7	0	0	7	20	8	3	5	2	128
110001100001100	001100101110000	6	21140	19972	6	20	7	3	6	3	384
110001100001101	101101100101000	7	52013	48352	5	14	6	4	7	3	128
110001100001110	011001000001111	7	535	432	7	19	6	4	4	2	48
110001100001111	011000101101011	8	2826	2614	8	20	6	5	8	3	32
110001100010000	000010011001001	5	6696	6092	5	30	10	3	4	3	3840
110001100010001	010100101110000	6	50602	47746	6	24	8	5	9	5	576
110001100010010	010100101110000	6	7314	7017	6	27	9	4	5	3	576
110001100010011	101101100101000	7	0	0	6	22	8	4	7	3	128
110001100010100	101010000110001	6	11338	10922	6	19	7	4	10	4	480
110001100010101	001000100101111	7	0	0	6	14	4	2	2	1	96
110001100010110	011001000001111	7	33247	32408	7	14	5	5	5	3	48
110001100010111	001001100101111	8	0	0	7	15	4	2	2	1	24
110001100011000	101010000110001	6	36842	34752	6	16	6	4	5	2	480
110001100011001	001000100101111	7	251861	244971	7	18	5	3	4	2	96
110001100011010	001000100101111	7	276	245	5	15	5	5	15	5	96
110001100011011	011001110110100	8	2406	2333	8	19	5	5	7	2	48
110001100011100	010111011000001	7	438	352	6	11	3	4	5	2	96
110001100011101	011001110110100	8	2014	1820	7	18	5	4	6	2	48
110001100011110	111000100011101	8	7835	7512	8	19	5	6	9	3	16
110001100011111	110010101101011	9	11237	10419	6	9	3	6	9	3	8
110001100100100	001100101110000	6	25255	24020	6	20	8	4	5	3	384
110001100100101	011001000001111	7	220824	214735	7	15	5	5	9	4	48
110001100100110	101101100101000	7	14806	14559	7	24	6	5	11	4	128
110001100100111	011000101101011	8	0	0	8	22	5	4	7	3	32
110001100101000	001100101110000	6	22550	22207	6	22	8	4	6	4	384
110001100101001	011001000001111	7	982076	957385	7	15	5	7	15	5	48
110001100101010	101101100101000	7	1159	1076	7	22	6	6	15	6	128
110001100101011	011000101101011	8	0	0	8	28	6	6	9	3	32
110001100101100	111000010101001	7	79366	75502	6	7	2	2	2	1	144
110001100101101	001001100101111	8	3133981	3054400	8	24	6	5	9	3	24
110001100101110	001001100101111	8	2132	1865	6	11	4	5	7	3	24
110001100101111	011011101101001	9	17968	17388	9	22	5	4	5	2	16
110001100110000	001100101110000	6	31996	30516	6	22	7	5	9	3	384
110001100110001	011001000001111	7	227089	217742	6	19	6	5	7	3	48
110001100110010	101101100101000	7	22741	22261	7	19	7	6	11	3	128
110001100110011	011000101101011	8	0	0	8	27	6	2	2	1	32
110001100110100	011001000001111	7	20037	19397	6	18	6	5	7	3	48
110001100110101	111001000001111	8	0	0	8	23	6	6	8	3	32
110001100110110	011000101101011	8	669735	660841	8	27	6	2	2	1	32
110001100110111	011011101101001	9	0	0	9	22	5	6	8	2	16
110001100111000	010111011000001	7	45626	40765	4	6	2	4	6	2	96
110001100111001	111000100011101	8	1903257	1752652	6	9	3	5	7	2	16
110001100111010	011001110110100	8	1139	1108	8	15	4	5	6	2	48
110001100111011	110010101101011	9	1943	1852	5	5	1	5	5	1	8
110001100111100	111000100011101	8	2217	1967	6	7	2	5	7	2	16
110001100111101	110010101101011	9	9716	9140	7	10	3	7	10	3	8
110001100111110	110010101101011	9	8400	7577	5	5	1	5	5	1	8
110001100111111	011011111101001	10	659452	592914	8	16	4	5	6	2	20
110001101000100	001100101110000	6	0	0	6	20	8	4	8	4	384
110001101001000	001100101110000	6	12064	11882	6	18	8	4	6	3	384
110001101001001	011001000001111	7	1042060	1016801	7	15	5	5	6	3	48
110001101001010	011001000001111	7	267	248	7	18	6	7	13	4	48
110001101001011	110001101101001	8	0	0	8	17	5	7	11	3	32
110001101001100	111000010101001	7	0	0	7	16	5	3	3	1	144
110001101010000	001100101110000	6	0	0	6	20	7	4	7	3	384
110001101010100	010111011000001	7	0	0	4	5	2	4	5	2	96
110001101011000	011001000001111	7	0	0	6	15	5	6	9	3	48
110001101011100	111000100011101	8	0	0	4	5	2	3	3	1	16
110001101100100	111100000011100	7	0	0	6	13	5	5	10	3	192
110001101101000	111100000011100	7	1640687	1580843	7	15	5	7	10	3	192
110001101101001	110001101101001	8	525	299	0	0	0	0	0	0	32
110001101101010	110001101101001	8	3365	3232	6	16	5	6	15	4	32
110001101101011	110101101101001	9	0	0	7	17	5	5	8	2	32
110001101101100	111000100111001	8	0	0	6	8	2	4	4	1	64
110001101110000	111100000011100	7	0	0	7	14	5	5	7	2	192
110001101110100	011001000101111	8	0	0	8	17	4	3	3	1	32
110001101111000	011001000101111	8	0	0	8	21	5	6	7	2	32
110001101111100	111001100111001	9	0	0	7	8	2	7	8	2	8
110001110000000	000010011001001	5	11	3	5	25	9	5	8	4	3840
110001110000001	010100101110000	6	80	48	6	30	8	2	4	3	576
110001110000010	010100101110000	6	157	112	6	26	8	4	6	2	576
110001110000011	101101100101000	7	0	0	6	20	8	6	11	4	128
110001110000100	010100101110000	6	0	0	6	28	8	2	4	3	576
110001110001000	010100101110000	6	137	95	6	28	8	4	7	4	576
110001110001001	101101100101000	7	558	508	6	22	7	5	10	4	128
110001110001010	001001011101001	7	629	573	7	22	7	1	1	1	576
110001110001011	011000101101011	8	0	0	8	25	7	7	14	5	32
110001110001100	101101100101000	7	0	0	6	23	7	5	10	4	128
110001110010000	001100101110000	6	0	0	6	19	7	5	7	3	384
110001110010100	011001000001111	7	0	0	6	14	6	4	6	3	48
110001110011000	011001000001111	7	0	0	6	16	7	3	5	3	48
110001110011100	111011000101001	8	0	0	4	6	2	3	3	1	96
110001110100000	001100101110000	6	226	165	6	20	7	5	11	4	384
110001110100001	011001000001111	7	445	400	6	14	6	4	6	3	48
110001110100010	101101100101000	7	2696	2499	7	17	5	7	13	4	128
110001110100011	011000101101011	8	0	0	8	23	6	6	8	3	32
110001110100100	011001000001111	7	0	0	6	14	6	4	6	3	48
110001110101000	001001000101111	7	1177	1100	7	22	8	5	5	2	576
110001110101001	001001100101111	8	1225	1159	5	5	2	5	5	2	24
110001110101010	011101011001001	8	9099	8853	8	27	7	2	5	3	192
110001110101011	011011101101001	9	0	0	9	26	6	3	4	2	16
110001110101100	001001100101111	8	0	0	5	5	2	5	5	2	24
110001110110000	111100000011100	7	0	0	6	7	2	5	7	2	192
110001110110100	110001101101001	8	0	0	8	20	5	8	14	3	32
110001110111000	011001000101111	8	0	0	6	7	2	6	7	2	32
110001110111100	111001100101101	9	0	0	9	20	5	4	4	1	8
110001111000000	001100101110000	6	120	86	6	18	7	5	7	3	384
110001111000001	011001000001111	7	363	328	6	14	6	4	6	3	48
110001111000010	011001000001111	7	1101	1025	7	17	7	6	8	3	48
110001111000011	110001101101001	8	0	0	7	16	6	6	9	3	32
110001111000100	001001000101111	7	0	0	6	19	7	2	2	1	576
110001111001000	011001000001111	7	587	540	6	16	7	3	5	3	48
110001111001001	111011000101001	8	420	366	3	3	1	3	3	1	96
110001111001010	111001000001111	8	2562	2477	7	18	6	6	8	3	32
110001111001011	111001100101101	9	0	0	8	16	4	7	11	3	8
110001111001100	001001100101111	8	0	0	4	6	2	4	6	2	24
110001111010000	111100000011100	7	0	0	4	5	2	4	5	2	192
110001111010100	011001000101111	8	0	0	5	7	2	5	7	2	32
110001111011000	110001101101001	8	0	0	8	19	5	8	17	4	32
110001111011100	111001100101101	9	0	0	8	20	5	5	7	2	8
110001111100000	111100000011100	7	879	791	5	7	2	5	7	2	192
110001111100001	110001101101001	8	2854	2784	8	16	4	8	14	3	32
110001111100010	110001101101001	8	12085	11773	8	21	5	8	19	4	32
110001111100011	110101101101001	9	0	0	9	20	4	8	13	3	32
110001111100100	011001000101111	8	0	0	3	3	1	3	3	1	32
110001111101000	011001000101111	8	3137	3028	6	7	2	6	7	2	32
110001111101001	111001100101101	9	14361	14262	9	20	5	4	4	1	8
110001111101010	110001011101011	9	17845	17466	7	10	3	7	10	3	16
110001111101011	111010111100011	10	45612	43351	7	12	3	6	8	2	8
110001111101100	111001100111001	9	0	0	9	19	4	7	8	2	8
110001111110000	111010100100101	8	0	0	6	8	2	4	4	1	768
110001111110100	111101010011100	9	0	0	5	6	2	5	6	2	64
110001111111000	111101010011100	9	0	0	5	7	2	5	7	2	64
110001111111100	111100011111100	10	16	15	6	8	2	6	8	2	16
110010000000011	000010011001001	5	6468	5728	5	21	8	5	13	6	3840
110010000000101	000010011001001	5	797	734	5	20	9	5	9	5	3840
110010000000111	101010000110001	6	0	0	6	16	7	5	7	3	480
110010000001001	000010011001001	5	9635	8813	5	21	8	5	12	5	3840
110010000001010	000010011001001	5	7188	6337	5	19	9	5	14	6	3840
110010000001011	000011001001011	6	44681	42204	6	18	7	4	5	2	1440
110010000001100	000010011001001	5	0	0	4	9	7	2	2	2	3840
110010000001101	010100101110000	6	0	0	6	25	8	6	15	5	576
110010000001110	101010000110001	6	0	0	6	22	7	5	6	3	480
110010000001111	001000100101111	7	0	0	7	20	6	5	10	4	96
110010000010011	010100101110000	6	0	0	6	21	8	5	9	6	576
110010000010101	010100101110000	6	0	0	6	27	8	6	11	5	576
110010000010111	011001000001111	7	0	0	7	19	6	6	11	4	48
110010000011001	010100101110000	6	0	0	6	23	7	6	12	6	576
110010000011010	010100101110000	6	0	0	6	24	7	5	6	4	576
110010000011011	001000100101111	7	0	0	5	15	5	5	7	3	96
110010000011100	010100101110000	6	0	0	6	21	6	2	5	3	576
110010000011101	001001011101001	7	0	0	7	27	7	6	10	4	576
110010000011110	011001000001111	7	0	0	7	25	7	4	4	2	48
110010000011111	111001000001111	8	0	0	0	0	0	0	0	0	32
110010000100001	000010011001001	5	5697	5203	5	13	6	4	7	4	3840
110010000100011	010100101110000	6	51015	48012	6	32	9	5	9	4	576
110010000100101	001100101110000	6	1024	813	3	4	2	3	4	2	384
110010000100111	011001000001111	7	0	0	7	23	7	5	7	3	48
110010000101000	000010011001001	5	9598	8819	5	13	7	4	9	5	3840
110010000101001	101010000110001	6	33241	30786	5	13	5	2	2	1	480
110010000101010	010100101110000	6	57282	53928	6	32	9	6	9	5	576
110010000101011	001000100101111	7	292435	284526	7	25	6	5	5	2	96
110010000101100	001100101110000	6	0	0	5	14	5	3	3	2	384
110010000101101	011001000001111	7	0	0	6	15	5	5	8	3	48
110010000101110	011001000001111	7	0	0	7	20	7	6	10	4	48
110010000101111	111001000001111	8	0	0	6	16	4	3	4	2	32
110010000110001	010100101110000	6	0	0	6	17	6	5	12	5	576
110010000110011	001001011101001	7	0	0	7	24	8	6	10	4	576
110010000110101	101101100101000	7	0	0	6	11	5	3	3	1	128
110010000110111	011000101101011	8	0	0	5	9	3	4	6	2	32
110010000111000	010100101110000	6	0	0	6	19	6	5	12	5	576
110010000111001	011001000001111	7	0	0	6	24	7	6	11	4	48
110010000111010	001001011101001	7	0	0	7	25	7	6	10	4	576
110010000111011	111001000001111	8	0	0	6	11	4	5	5	2	32
110010000111100	101101100101000	7	0	0	6	16	5	4	8	3	128
110010000111101	011000101101011	8	0	0	6	16	5	6	11	4	32
110010000111110	011000101101011	8	0	0	4	7	4	0	0	0	32
110010000111111	111001100110110	9	0	0	9	20	5	3	3	1	96
110010001000001	000010011001001	5	6265	5779	5	19	9	4	8	5	3840
110010001000010	000010011001001	5	5062	4447	5	16	8	4	7	4	3840
110010001000011	001100101110000	6	37413	35438	6	20	8	4	8	4	384
110010001001001	001100101110000	6	26584	24470	5	12	5	2	3	2	384
110010001001010	001100101110000	6	39925	37238	6	16	5	3	7	4	384
110010001001011	111000010101001	7	49548	41241	3	4	2	3	4	2	144
110010001100000	000010011001001	5	5755	5255	5	20	8	3	3	2	3840
110010001100001	010100101110000	6	28638	27250	6	18	6	5	13	5	576
110010001100010	010100101110000	6	58846	55491	6	32	9	4	5	3	576
110010001100011	101101100101000	7	145920	138678	6	22	8	6	10	4	128
110010001101000	001100101110000	6	21682	19845	5	11	4	2	2	1	384
110010001101001	011001000001111	7	115755	110204	6	10	4	5	12	5	48
110010001101010	001001000101111	7	113346	104354	5	12	5	4	4	2	576
110010001101011	001001100101111	8	1007658	946200	6	14	4	5	5	2	24
110010010000011	010100101110000	6	214	172	6	21	8	5	9	6	576
110010010001001	010100101110000	6	12132	11204	6	23	7	6	12	6	576
110010010001010	010100101110000	6	14	2	6	24	7	5	6	4	576
110010010001011	001000100101111	7	0	0	5	15	5	5	7	3	96
110010010100001	010100101110000	6	5973	5570	6	24	8	6	13	6	576
110010010100011	101101100101000	7	3400	3082	7	25	8	5	10	4	128
110010010101000	010100101110000	6	4378	4098	6	31	8	6	12	5	576
110010010101001	001000100101111	7	17990	16318	5	9	3	5	7	3	96
110010010101010	101101100101000	7	314	268	5	13	6	5	9	3	128
110010010101011	011001110110100	8	0	0	5	8	3	3	3	1	48
110010011000001	010100101110000	6	7666	7154	6	35	9	6	14	7	576
110010011000010	010100101110000	6	500	416	6	25	8	5	11	5	576
110010011000011	011001000001111	7	2525	2237	6	20	7	4	4	2	48
110010011001001	011001000001111	7	53589	49610	6	22	7	6	11	4	48
110010011001010	011001000001111	7	260	239	7	18	7	5	8	4	48
110010011001011	111000100011101	8	0	0	8	21	5	5	8	3	16
110010011100000	010100101110000	6	4520	4260	6	30	8	5	12	5	576
110010011100001	001001011101001	7	34142	32718	7	33	8	6	11	4	576
110010011100010	101101100101000	7	7211	6621	7	20	8	5	13	5	128
110010011100011	011000101101011	8	33878	31996	8	26	7	6	7	3	32
110010011101000	011001000001111	7	17774	16720	6	19	8	5	7	3	48
110010011101001	111001000001111	8	195884	187482	7	26	7	5	7	3	32
110010011101010	001001100101111	8	2747	2616	6	16	5	6	9	3	24
110010011101011	110010101101011	9	0	0	7	10	3	7	10	3	8
110010100000001	000010011001001	5	6592	5850	5	21	9	4	7	4	3840
110010100000011	010100101110000	6	29909	28240	6	32	9	5	9	4	576
110010100000101	001100101110000	6	1095	860	3	4	2	3	4	2	384
110010100000111	011001000001111	7	0	0	7	23	7	5	7	3	48
110010100001000	000010011001001	5	6782	5971	5	20	9	4	9	5	3840
110010100001001	101010000110001	6	30669	28124	5	13	5	2	2	1	480
110010100001010	010100101110000	6	31161	29223	6	32	9	6	9	5	576
110010100001011	001000100101111	7	184225	179161	7	25	6	5	5	2	96
110010100001100	001100101110000	6	0	0	5	14	5	3	3	2	384
110010100001101	011001000001111	7	0	0	6	15	5	5	8	3	48
110010100001110	011001000001111	7	0	0	7	20	7	6	10	4	48
110010100001111	111001000001111	8	0	0	6	16	4	3	4	2	32
110010100010001	010100101110000	6	0	0	6	24	8	6	13	6	576
110010100010011	101101100101000	7	0	0	7	25	8	5	10	4	128
110010100010101	011001000001111	7	0	0	6	20	7	6	11	4	48
110010100010111	110001101101001	8	0	0	7	18	5	6	9	3	32
110010100011000	010100101110000	6	0	0	6	31	8	6	12	5	576
110010100011001	001000100101111	7	0	0	5	9	3	5	7	3	96
110010100011010	101101100101000	7	0	0	5	13	6	5	9	3	128
110010100011011	011001110110100	8	0	0	5	8	3	3	3	1	48
110010100011100	011001000001111	7	0	0	7	21	7	4	4	2	48
110010100011101	111001000001111	8	0	0	3	4	2	3	4	2	32
110010100011110	110001101101001	8	0	0	7	14	5	6	11	3	32
110010100011111	110001011101011	9	0	0	6	10	3	4	4	1	16
110010100100001	001100101110000	6	29793	27292	5	9	3	5	7	3	384
110010100100011	101101100101000	7	296416	287804	7	34	8	5	6	2	128
110010100100101	111100000011100	7	205192	197871	7	14	5	4	6	2	192
110010100100111	110001101101001	8	0	0	8	20	5	8	18	4	32
110010100101000	001100101110000	6	49447	46452	6	19	6	4	12	5	384
110010100101001	010111011000001	7	268544	261112	7	15	4	4	6	2	96
110010100101010	101101100101000	7	287206	278966	7	28	8	5	9	4	128
110010100101011	011001110110100	8	434550	363963	4	5	2	4	5	2	48
110010100101100	111100000011100	7	0	0	7	13	5	5	9	3	192
110010100101101	011001000101111	8	0	0	7	17	5	6	11	3	32
110010100101110	110001101101001	8	0	0	8	15	5	8	14	4	32
110010100101111	110001011101011	9	0	0	9	21	5	7	11	3	16
110010100110001	011001000001111	7	0	0	6	20	7	5	7	3	48
110010100110011	011000101101011	8	0	0	7	20	5	5	7	2	32
110010100110101	110001101101001	8	0	0	8	22	5	8	18	4	32
110010100110111	110101101101001	9	0	0	9	25	5	7	8	2	32
110010100111000	011001000001111	7	0	0	7	21	7	7	15	5	48
110010100111001	111000100011101	8	0	0	7	15	4	3	3	1	16
110010100111010	011000101101011	8	0	0	8	37	7	6	9	3	32
110010100111011	110010101101011	9	0	0	6	10	3	0	0	0	8
110010100111100	110001101101001	8	0	0	8	18	5	4	4	1	32
110010100111101	111001100101101	9	0	0	0	0	0	0	0	0	8
110010100111110	110101101101001	9	0	0	9	22	6	7	13	3	32
110010100111111	111010111100011	10	0	0	8	14	4	3	3	1	8
110010101000000	000010011001001	5	4927	4361	5	24	10	4	6	3	3840
110010101000001	101010000110001	6	43424	41227	6	18	7	4	5	2	480
110010101000010	010100101110000	6	22266	20948	6	29	9	5	10	5	576
110010101000011	011001000001111	7	183772	179227	7	14	6	7	9	4	48
110010101001000	001100101110000	6	38949	36433	6	17	5	4	8	4	384
110010101001001	010111011000001	7	304388	295582	7	14	4	4	5	2	96
110010101001010	011001000001111	7	125685	119652	6	11	4	5	8	3	48
110010101001011	111000100011101	8	3146362	3046756	8	19	5	5	11	3	16
110010101100000	001100101110000	6	45637	42747	6	17	5	4	5	3	384
110010101100001	011001000001111	7	159041	152199	6	14	6	5	7	3	48
110010101100010	101101100101000	7	271662	263645	7	26	8	5	11	4	128
110010101100011	011000101101011	8	1629302	1594413	8	26	6	5	7	2	32
110010101101000	111000010101001	7	293268	284230	7	18	5	2	2	1	144
110010101101001	111000100011101	8	815433	705887	5	7	2	3	3	1	16
110010101101010	001001100101111	8	1120610	1049640	6	12	4	5	7	3	24
110010101101011	110010101101011	9	0	0	0	0	0	0	0	0	8
110010110000001	010100101110000	6	6636	6195	6	17	6	5	12	5	576
110010110000011	001001011101001	7	12429	12011	7	24	8	6	10	4	576
110010110001000	010100101110000	6	4368	4049	6	19	6	5	12	5	576
110010110001001	011001000001111	7	28163	26373	6	24	7	6	11	4	48
110010110001010	001001011101001	7	173	157	7	28	8	6	10	4	576
110010110001011	111001000001111	8	0	0	6	11	4	5	5	2	32
110010110100001	011001000001111	7	24171	23115	7	24	7	5	7	3	48
110010110100011	011000101101011	8	42941	40941	7	20	5	5	7	2	32
110010110101000	011001000001111	7	26084	24957	7	15	5	7	15	5	48
110010110101001	111000100011101	8	140203	134712	7	15	4	3	3	1	16
110010110101010	011000101101011	8	4121	4009	8	37	7	6	9	3	32
110010110101011	110010101101011	9	0	0	6	10	3	0	0	0	8
110010111000000	010100101110000	6	3271	3069	6	24	7	6	11	5	576
110010111000001	001000100101111	7	13054	11962	5	8	3	5	8	3	96
110010111000010	001001011101001	7	18961	18108	7	24	7	6	14	5	576
110010111000011	111001000001111	8	57641	55744	8	22	6	2	2	1	32
110010111001000	011001000001111	7	19776	18960	7	15	5	5	11	4	48
110010111001001	111000100011101	8	251477	243011	8	19	5	5	6	2	16
110010111001010	111001000001111	8	789	749	6	10	4	6	9	3	32
110010111001011	011101110111000	9	0	0	9	21	5	8	15	4	24
110010111100000	011001000001111	7	18471	17649	7	14	4	5	7	3	48
110010111100001	111001000001111	8	82330	77964	7	22	6	5	7	3	32
110010111100010	011000101101011	8	96881	93590	8	29	6	2	2	1	32
110010111100011	111001100110110	9	85525	25591	0	0	0	0	0	0	96
110010111101000	111000100011101	8	89904	82958	6	9	3	5	7	2	16
110010111101001	011101110111000	9	3217281	2981031	6	8	2	4	4	1	24
110010111101010	110010101101011	9	4426	4208	5	5	1	5	5	1	8
110010111101011	010011111101011	10	0	0	8	12	3	5	7	2	24
110011000000001	000010011001001	5	3292	3082	5	28	10	4	8	5	3840
110011000000010	000010011001001	5	0	0	5	20	10	4	7	5	3840
110011000000011	001100101110000	6	0	0	6	20	8	4	8	4	384
110011000000100	000010011001001	5	0	0	5	18	9	4	10	6	3840
110011000000101	101010000110001	6	0	0	5	14	5	3	4	2	480
110011000000110	101010000110001	6	0	0	6	16	6	4	6	3	480
110011000000111	010111011000001	7	0	0	7	15	5	4	6	3	96
110011000001001	001100101110000	6	21052	19801	5	12	5	2	3	2	384
110011000001010	001100101110000	6	14	2	6	16	5	3	7	4	384
110011000001011	111000010101001	7	0	0	3	4	2	3	4	2	144
110011000001100	001100101110000	6	0	0	5	17	5	3	5	3	384
110011000001101	011001000001111	7	0	0	6	15	5	6	11	4	48
110011000001110	010111011000001	7	0	0	5	12	4	4	6	2	96
110011000001111	111000100011101	8	0	0	3	4	2	3	4	2	16
110011000010001	010100101110000	6	0	0	6	35	9	6	14	7	576
110011000010010	010100101110000	6	0	0	6	25	8	5	11	5	576
110011000010011	011001000001111	7	0	0	6	20	7	4	4	2	48
110011000010100	010100101110000	6	0	0	6	30	8	6	13	6	576
110011000010101	001000100101111	7	0	0	5	7	3	5	7	3	96
110011000010110	011001000001111	7	0	0	7	23	7	7	11	4	48
110011000010111	111000100011101	8	0	0	6	16	4	5	7	3	16
110011000011001	011001000001111	7	0	0	6	22	7	6	11	4	48
110011000011010	011001000001111	7	0	0	7	18	7	5	8	4	48
110011000011011	111000100011101	8	0	0	8	21	5	5	8	3	16
110011000011100	011001000001111	7	0	0	7	26	8	3	3	1	48
110011000011101	111001000001111	8	0	0	3	4	2	3	3	1	32
110011000011110	111000100011101	8	0	0	7	13	4	7	11	3	16
110011000011111	011101110111000	9	0	0	8	17	4	7	14	4	24
110011000100000	000010011001001	5	2760	2586	5	25	10	4	6	4	3840
110011000100001	101010000110001	6	14568	13940	6	18	7	4	5	2	480
110011000100010	010100101110000	6	134	100	6	29	9	5	10	5	576
110011000100011	011001000001111	7	0	0	7	14	6	7	9	4	48
110011000100100	001100101110000	6	0	0	6	16	5	4	8	4	384
110011000100101	010111011000001	7	0	0	7	14	4	3	3	1	96
110011000100110	011001000001111	7	0	0	7	17	6	6	14	5	48
110011000100111	111000100011101	8	0	0	7	15	4	5	10	3	16
110011000101000	001100101110000	6	33184	31929	6	17	5	4	8	4	384
110011000101001	010111011000001	7	686425	664342	7	14	4	4	5	2	96
110011000101010	011001000001111	7	439	393	6	22	7	5	8	3	48
110011000101011	111000100011101	8	0	0	8	19	5	5	11	3	16
110011000101100	111000010101001	7	0	0	0	0	0	0	0	0	144
110011000101101	111000100011101	8	0	0	0	0	0	0	0	0	16
110011000101110	111000100011101	8	0	0	8	21	5	5	9	3	16
110011000101111	011101110111000	9	0	0	7	11	3	5	7	2	24
110011000110000	010100101110000	6	0	0	6	24	7	6	11	5	576
110011000110001	001000100101111	7	0	0	5	8	3	5	8	3	96
110011000110010	001001011101001	7	0	0	7	21	6	6	14	5	576
110011000110011	111001000001111	8	0	0	8	22	6	2	2	1	32
110011000110100	101101100101000	7	0	0	6	14	5	5	9	4	128
110011000110101	011001110110100	8	0	0	6	15	4	3	3	1	48
110011000110110	011000101101011	8	0	0	8	12	4	6	8	3	32
110011000110111	110010101101011	9	0	0	7	14	4	3	3	1	8
110011000111000	011001000001111	7	0	0	7	15	5	5	11	4	48
110011000111001	111000100011101	8	0	0	8	19	5	5	6	2	16
110011000111010	111001000001111	8	0	0	6	10	4	6	9	3	32
110011000111011	011101110111000	9	0	0	9	15	4	8	15	4	24
110011000111100	001001100101111	8	0	0	8	20	5	4	5	2	24
110011000111101	110010101101011	9	0	0	3	3	1	3	3	1	8
110011000111110	110010101101011	9	0	0	9	17	4	5	8	2	8
110011000111111	010011111101011	10	0	0	4	4	1	4	4	1	24
110011001000001	001100101110000	6	5756	5559	6	16	6	3	7	3	384
110011001000010	001100101110000	6	77	53	6	22	6	5	8	4	384
110011001000011	111100000011100	7	0	0	6	18	5	6	12	4	192
110011001001001	111100000011100	7	27048	26581	7	14	4	5	5	2	192
110011001001010	111100000011100	7	269	242	6	14	4	5	12	4	192
110011001001011	111000100111001	8	0	0	8	19	5	6	10	3	64
110011001100000	001100101110000	6	6006	5812	6	16	5	4	5	2	384
110011001100001	011001000001111	7	13806	13424	6	14	6	5	7	3	48
110011001100010	011001000001111	7	1188	1105	7	17	6	6	13	6	48
110011001100011	110001101101001	8	0	0	7	15	5	5	9	3	32
110011001101000	111100000011100	7	10470	9976	5	11	4	4	8	3	192
110011001101001	011001000101111	8	120338	116361	7	13	4	5	7	2	32
110011001101010	011001000101111	8	3924	3799	7	17	5	6	9	3	32
110011001101011	111001100111001	9	0	0	8	12	3	7	11	3	8
110011010000001	010100101110000	6	1191	1110	6	21	7	5	13	6	576
110011010000010	010100101110000	6	17	2	4	12	6	4	8	4	576
110011010000011	001001000101111	7	0	0	6	16	5	4	4	2	576
110011010001001	101101100101000	7	2670	2551	6	11	4	2	2	1	128
110011010001010	101101100101000	7	104	83	6	12	5	5	14	5	128
110011010001011	001001100101111	8	0	0	6	16	5	5	7	3	24
110011010100000	010100101110000	6	1058	977	6	23	7	6	12	5	576
110011010100001	001000100101111	7	2884	2611	4	5	2	4	5	2	96
110011010100010	101101100101000	7	594	543	7	23	7	6	8	3	128
110011010100011	001001100101111	8	0	0	5	6	2	5	6	2	24
110011010101000	101101100101000	7	2583	2465	6	16	6	5	9	4	128
110011010101001	011001110110100	8	16977	16656	7	18	5	4	6	2	48
110011010101010	011000101101011	8	1330	1257	6	19	6	6	12	4	32
110011010101011	110010101101011	9	0	0	5	9	3	5	9	3	8
110011011000001	011001000001111	7	7343	7126	7	18	6	5	7	3	48
110011011000010	011001000001111	7	363	333	7	16	6	4	8	5	48
110011011000011	011001000101111	8	0	0	4	4	2	4	4	2	32
110011011001001	110001101101001	8	22202	21934	8	20	5	8	18	4	32
110011011001010	110001101101001	8	1458	1420	8	22	6	6	12	5	32
110011011001011	111001100111001	9	0	0	7	11	3	6	10	3	8
110011011100000	011001000001111	7	6117	5924	7	11	3	5	7	3	48
110011011100001	111001000001111	8	29534	29020	7	22	6	5	7	3	32
110011011100010	111011000101001	8	4337	4224	8	25	7	5	6	2	96
110011011100011	111001100101101	9	0	0	6	9	3	6	9	3	8
110011011101000	110001101101001	8	21921	21646	8	12	4	8	12	4	32
110011011101001	110001011101011	9	29071	25695	5	7	2	5	7	2	16
110011011101010	111001100101101	9	9913	9723	7	15	4	6	8	3	8
110011011101011	110110111101001	10	0	0	10	20	4	10	20	4	4
110011100000000	000010011001001	5	5	1	5	23	9	3	3	2	3840
110011100000001	010100101110000	6	0	0	6	30	8	5	13	5	576
110011100000010	010100101110000	6	44	25	6	32	9	4	5	3	576
110011100000011	101101100101000	7	0	0	6	22	8	6	10	4	128
110011100000100	001100101110000	6	0	0	5	11	4	2	2	1	384
110011100000101	011001000001111	7	0	0	6	10	4	5	12	5	48
110011100000110	011001000001111	7	0	0	7	14	6	5	5	3	48
110011100000111	111011000101001	8	0	0	4	5	2	2	2	1	96
110011100001000	001100101110000	6	36	21	5	11	4	2	2	1	384
110011100001001	011001000001111	7	0	0	6	10	4	5	12	5	48
110011100001010	001001000101111	7	148	127	5	12	5	4	4	2	576
110011100001011	001001100101111	8	0	0	6	14	4	5	5	2	24
110011100001100	111100000011100	7	0	0	4	9	4	3	4	2	192
110011100001101	110001101101001	8	0	0	8	13	4	7	9	3	32
110011100001110	011001000101111	8	0	0	7	15	4	5	5	2	32
110011100001111	111001100101101	9	0	0	7	16	4	6	9	3	8
110011100010000	010100101110000	6	0	0	6	30	8	5	12	5	576
110011100010001	001001011101001	7	0	0	7	33	8	6	11	4	576
110011100010010	101101100101000	7	0	0	7	20	8	5	13	5	128
110011100010011	011000101101011	8	0	0	8	26	7	6	7	3	32
110011100010100	011001000001111	7	0	0	6	17	7	5	7	3	48
110011100010101	111001000001111	8	0	0	7	26	7	5	7	3	32
110011100010110	110001101101001	8	0	0	7	15	5	6	9	3	32
110011100010111	111001100101101	9	0	0	6	9	3	6	9	3	8
110011100011000	011001000001111	7	0	0	6	19	8	5	7	3	48
110011100011001	111001000001111	8	0	0	7	26	7	5	7	3	32
110011100011010	001001100101111	8	0	0	6	16	5	6	9	3	24
110011100011011	110010101101011	9	0	0	7	10	3	7	10	3	8
110011100011100	011001000101111	8	0	0	6	10	3	4	4	1	32
110011100011101	110001011101011	9	0	0	6	10	3	6	8	2	16
110011100011110	111001100111001	9	0	0	8	12	3	7	11	3	8
110011100011111	110110111101001	10	0	0	10	20	4	10	20	4	4
110011100100000	001100101110000	6	201	141	6	16	5	4	5	3	384
110011100100001	011001000001111	7	0	0	5	7	3	5	7	3	48
110011100100010	101101100101000	7	2288	2132	7	21	6	5	11	4	128
110011100100011	011000101101011	8	6173	6028	8	26	6	5	7	2	32
110011100100100	111100000011100	7	0	0	6	14	5	5	10	3	192
110011100100101	011001000101111	8	0	0	7	13	4	5	7	2	32
110011100100110	110001101101001	8	0	0	8	15	5	4	6	2	32
110011100100111	111001100101101	9	0	0	3	3	1	3	3	1	8
110011100101000	111000010101001	7	914	849	7	24	6	2	2	1	144
110011100101001	111000100011101	8	0	0	5	7	2	3	3	1	16
110011100101010	001001100101111	8	2627	2501	6	12	4	5	7	3	24
110011100101011	110010101101011	9	0	0	0	0	0	0	0	0	8
110011100101100	111000100111001	8	0	0	0	0	0	0	0	0	64
110011100101101	111001100111001	9	0	0	7	8	2	7	8	2	8
110011100101110	111001100111001	9	0	0	7	13	3	2	2	1	8
110011100101111	110110111101001	10	0	0	7	8	2	7	8	2	4
110011100110000	011001000001111	7	0	0	6	17	7	5	7	3	48
110011100110001	111001000001111	8	0	0	7	22	6	5	7	3	32
110011100110010	011000101101011	8	0	0	8	29	6	2	2	1	32
110011100110011	111001100110110	9	0	0	0	0	0	0	0	0	96
110011100110100	110001101101001	8	0	0	8	17	6	8	12	4	32
110011100110101	110001011101011	9	0	0	5	7	2	5	7	2	16
110011100110110	110101101101001	9	0	0	9	26	6	7	14	4	32
110011100110111	111010111100011	10	0	0	8	14	3	0	0	0	8
110011100111000	111000100011101	8	0	0	6	7	2	5	7	2	16
110011100111001	011101110111000	9	0	0	6	8	2	4	4	1	24
110011100111010	110010101101011	9	0	0	5	5	1	5	5	1	8
110011100111011	010011111101011	10	0	0	8	12	3	5	7	2	24
110011100111100	111001100111001	9	0	0	0	0	0	0	0	0	8
110011100111101	110110111101001	10	0	0	8	9	2	8	9	2	4
110011100111110	011011000111111	10	0	0	8	12	3	4	4	1	32
110011100111111	111001100111111	11	14193	1303	0	0	0	0	0	0	8
110011101000000	001100101110000	6	134	103	6	15	5	4	5	2	384
110011101000001	011001000001111	7	0	0	5	7	3	5	7	3	48
110011101000010	011001000001111	7	435	395	6	13	6	6	13	6	48
110011101000011	110001101101001	8	0	0	7	15	5	5	9	3	32
110011101001000	111100000011100	7	307	272	5	12	5	4	8	3	192
110011101001001	011001000101111	8	0	0	7	13	4	5	7	2	32
110011101001010	011001000101111	8	1374	1328	7	17	5	6	9	3	32
110011101001011	111001100111001	9	0	0	8	12	3	7	11	3	8
110011101100000	111100000011100	7	1144	1047	6	14	5	5	10	3	192
110011101100001	110001101101001	8	0	0	6	8	3	6	8	3	32
110011101100010	110001101101001	8	4872	4644	6	16	5	5	7	2	32
110011101100011	110101101101001	9	86380	85919	9	21	5	8	17	4	32
110011101101000	111000100111001	8	4226	4107	7	8	2	4	4	1	64
110011101101001	111001100111001	9	0	0	4	4	1	4	4	1	8
110011101101010	111001100111001	9	26281	26074	9	18	4	5	7	2	8
110011101101011	011011000111111	10	0	0	9	17	4	7	9	2	32
110011110000000	010100101110000	6	35	17	4	9	4	3	3	1	576
110011110000001	001001011101001	7	0	0	7	26	7	5	8	3	576
110011110000010	001001011101001	7	699	636	7	27	8	1	2	2	576
110011110000011	011101011001001	8	0	0	8	23	7	3	4	2	192
110011110001000	101101100101000	7	241	216	6	14	5	4	7	3	128
110011110001001	011000101101011	8	0	0	8	21	5	6	13	4	32
110011110001010	011101011001001	8	3082	2991	8	22	6	3	5	2	192
110011110001011	011011101101001	9	0	0	8	15	4	3	3	2	16
110011110100000	011001000001111	7	1095	1019	7	21	7	4	6	3	48
110011110100001	111001000001111	8	0	0	5	7	3	5	5	2	32
110011110100010	011000101101011	8	9819	9557	8	27	6	6	8	3	32
110011110100011	011011101101001	9	0	0	9	20	5	3	3	1	16
110011110101000	001001100101111	8	4026	3939	8	17	5	5	5	2	24
110011110101001	110010101101011	9	0	0	7	10	3	5	9	3	8
110011110101010	011011101101001	9	31512	31187	9	25	6	3	4	2	16
110011110101011	011011111101001	10	0	0	5	11	3	3	3	1	20
110011111000000	011001000001111	7	433	395	6	20	7	2	2	1	48
110011111000001	111001000001111	8	0	0	5	7	3	2	2	1	32
110011111000010	111001000001111	8	4557	4443	8	18	6	6	10	4	32
110011111000011	110001011101011	9	0	0	8	19	4	7	10	2	16
110011111001000	110001101101001	8	2328	2275	8	14	6	6	7	2	32
110011111001001	111001100101101	9	0	0	6	7	2	5	7	2	8
110011111001010	110001011101011	9	15879	15731	9	27	6	8	16	3	16
110011111001011	110110111101001	10	0	0	9	12	3	9	12	3	4
110011111100000	011001000101111	8	5831	5710	8	15	4	3	3	1	32
110011111100001	110001011101011	9	0	0	9	17	4	5	7	2	16
110011111100010	111001100101101	9	27418	27013	8	19	5	6	8	2	8
110011111100011	111010111100011	10	0	0	8	19	4	5	5	1	8
110011111101000	111001100111001	9	19735	19590	9	19	4	7	8	2	8
110011111101001	110110111101001	10	0	0	8	9	2	8	9	2	4
110011111101010	110110111101001	10	981064	957080	8	13	3	8	13	3	4
110011111101011	111001100111111	11	9322	7626	5	5	1	5	5	1	8
110100000001001	000010011001001	5	2321	2252	5	18	8	5	10	4	3840
110100000001100	000010011001001	5	3438	3248	5	26	9	5	10	4	3840
110100000011000	000010011001001	5	3600	3491	5	14	7	4	10	7	3840
110100000011100	001100101110000	6	41464	38029	2	2	1	2	2	1	384
110100000101001	010100101110000	6	7683	7565	6	21	7	5	12	4	576
110100000101100	010100101110000	6	0	0	6	23	8	5	12	4	576
110100000111000	010100101110000	6	0	0	6	18	6	5	12	5	576
110100000111100	101101100101000	7	0	0	6	11	5	0	0	0	128
110100001000100	000010011001001	5	0	0	5	22	9	4	9	5	3840
110100001001000	000010011001001	5	1691	1641	5	19	9	4	10	7	3840
110100001001001	001100101110000	6	2853	2769	5	8	4	2	2	1	384
110100001001100	101010000110001	6	0	0	6	16	6	4	4	2	480
110100001010000	000010011001001	5	0	0	5	18	8	3	3	2	3840
110100001010100	001100101110000	6	0	0	4	9	3	0	0	0	384
110100001011000	010100101110000	6	0	0	6	19	7	5	14	6	576
110100001011100	011001000001111	7	0	0	6	12	5	6	12	5	48
110100001100100	010100101110000	6	0	0	6	22	7	5	9	3	576
110100001101000	010100101110000	6	6147	6053	6	20	7	5	12	5	576
110100001101001	101101100101000	7	10195	10039	6	9	3	0	0	0	128
110100001101100	011001000001111	7	0	0	7	22	7	5	11	4	48
110100001110000	010100101110000	6	0	0	4	10	4	0	0	0	576
110100001110100	101101100101000	7	0	0	6	12	4	6	9	3	128
110100001111000	001001011101001	7	0	0	7	22	6	5	8	3	576
110100001111100	011000101101011	8	8	4	8	26	6	4	8	3	32
110100010000001	000010011001001	5	980	845	5	19	9	4	9	5	3840
110100010001000	000010011001001	5	826	699	5	20	9	4	10	6	3840
110100010001001	101010000110001	6	6889	6386	6	21	7	4	4	2	480
110100010001100	001100101110000	6	0	0	2	2	1	2	2	1	384
110100010011000	001100101110000	6	0	0	3	6	3	3	6	3	384
110100010011100	111100000011100	7	35973	34329	7	13	5	5	9	3	192
110100010100001	010100101110000	6	5037	4551	6	33	8	6	12	5	576
110100010101000	010100101110000	6	5196	4710	6	26	8	5	10	6	576
110100010101001	001000100101111	7	35735	34191	7	21	6	5	7	3	96
110100010101100	011001000001111	7	0	0	7	22	8	6	10	3	48
110100010111000	011001000001111	7	0	0	7	22	8	6	13	4	48
110100010111100	110001101101001	8	9990	9888	8	22	5	8	22	5	32
110100011000000	000010011001001	5	446	385	5	23	10	5	8	5	3840
110100011000001	001100101110000	6	5662	5344	6	14	4	4	9	5	384
110100011000100	001100101110000	6	0	0	6	14	4	4	9	5	384
110100011001000	101010000110001	6	3038	2830	6	18	7	4	5	2	480
110100011001001	010111011000001	7	35258	33635	7	14	4	3	5	2	96
110100011001100	010111011000001	7	0	0	7	14	4	3	5	2	96
110100011010000	001100101110000	6	0	0	6	14	5	3	4	2	384
110100011010100	111100000011100	7	0	0	5	11	4	5	9	3	192
110100011011000	011001000001111	7	0	0	6	15	6	5	9	4	48
110100011011100	011001000101111	8	7338	7229	7	16	5	6	10	3	32
110100011100000	010100101110000	6	3832	3461	6	25	7	5	8	4	576
110100011100001	101101100101000	7	24905	23395	6	14	5	5	9	4	128
110100011100100	011001000001111	7	0	0	7	17	6	5	11	4	48
110100011101000	001000100101111	7	13732	12507	5	9	3	5	9	3	96
110100011101001	011001110110100	8	165514	159272	7	19	5	5	7	2	48
110100011101100	111000100011101	8	24	12	8	19	5	5	7	2	16
110100011110000	011001000001111	7	0	0	7	17	6	4	5	2	48
110100011110100	110001101101001	8	8	4	6	8	2	6	8	2	32
110100011111000	111001000001111	8	0	0	4	6	3	4	5	2	32
110100011111100	111001100101101	9	398895	367267	6	9	2	6	7	2	8
110100100001001	010100101110000	6	1154	1141	6	21	7	5	12	4	576
110100100001100	010100101110000	6	0	0	6	23	8	5	12	4	576
110100100011000	010100101110000	6	0	0	6	26	8	5	10	6	576
110100100011100	011001000001111	7	0	0	7	22	8	6	10	3	48
110100100101001	101101100101000	7	61095	60426	7	28	7	6	12	5	128
110100100101100	101101100101000	7	0	0	7	29	8	6	12	5	128
110100100111000	101101100101000	7	0	0	7	25	8	5	13	5	128
110100100111100	011000101101011	8	0	0	8	24	6	7	13	4	32
110100101000100	010100101110000	6	0	0	6	32	9	6	12	5	576
110100101001000	010100101110000	6	6719	6617	6	36	9	5	10	6	576
110100101001001	011001000001111	7	20480	20322	7	21	7	6	10	3	48
110100101001100	001000100101111	7	0	0	7	21	6	5	7	3	96
110100101010000	010100101110000	6	0	0	6	32	8	5	14	6	576
110100101010100	011001000001111	7	0	0	7	19	8	6	9	4	48
110100101011000	001001011101001	7	0	0	7	30	7	5	8	4	576
110100101011100	111001000001111	8	0	0	7	22	6	6	9	4	32
110100101100100	101101100101000	7	0	0	7	27	8	4	8	3	128
110100101101000	101101100101000	7	23065	22887	7	26	8	5	13	5	128
110100101101001	011000101101011	8	1715361	1706560	8	34	7	7	13	4	32
110100101101100	001001100101111	8	0	0	7	19	5	5	9	3	24
110100101110000	101101100101000	7	0	0	7	21	8	7	13	4	128
110100101110100	011000101101011	8	0	0	8	27	7	5	5	2	32
110100101111000	011101011001001	8	0	0	8	23	6	6	11	4	192
110100101111100	011011101101001	9	0	0	9	29	6	7	13	4	16
110100110000001	010100101110000	6	3781	3541	6	20	6	5	9	3	576
110100110001000	010100101110000	6	3258	3011	6	18	6	5	12	5	576
110100110001001	011001000001111	7	24042	23138	7	20	7	5	11	4	48
110100110001100	101101100101000	7	0	0	6	11	5	0	0	0	128
110100110011000	011001000001111	7	0	0	7	23	7	6	13	4	48
110100110011100	110001101101001	8	0	0	8	24	6	8	22	5	32
110100110100001	101101100101000	7	30286	28942	7	20	6	4	8	3	128
110100110101000	101101100101000	7	30416	28880	7	22	7	5	13	5	128
110100110101001	001001100101111	8	129991	125516	7	19	5	5	9	3	24
110100110101100	011000101101011	8	0	0	8	24	6	7	13	4	32
110100110111000	110001101101001	8	0	0	6	14	5	6	13	4	32
110100110111100	110101101101001	9	0	0	4	7	4	0	0	0	32
110100111000000	010100101110000	6	1758	1664	6	25	7	5	8	4	576
110100111000001	011001000001111	7	19346	18735	7	17	6	5	11	4	48
110100111000100	101101100101000	7	0	0	6	14	5	5	9	4	128
110100111001000	001000100101111	7	4984	4574	5	9	3	5	9	3	96
110100111001001	111000100011101	8	118577	114983	8	19	5	5	7	2	16
110100111001100	011001110110100	8	0	0	7	19	5	5	7	2	48
110100111010000	011001000001111	7	0	0	7	13	4	6	9	4	48
110100111010100	110001101101001	8	0	0	8	16	5	8	16	5	32
110100111011000	111001000001111	8	0	0	7	24	7	6	9	4	32
110100111011100	110001011101011	9	0	0	5	7	2	5	7	2	16
110100111100000	101101100101000	7	22944	21590	7	19	7	6	9	2	128
110100111100001	011000101101011	8	191335	186087	8	27	7	6	10	3	32
110100111100100	011000101101011	8	0	0	8	27	7	6	10	3	32
110100111101000	011001110110100	8	168063	163135	8	19	5	4	4	1	48
110100111101001	110010101101011	9	3040031	2863015	7	11	3	6	7	2	8
110100111101100	110010101101011	9	0	0	7	11	3	6	7	2	8
110100111110000	110001101101001	8	0	0	8	19	4	8	19	4	32
110100111110100	110101101101001	9	0	0	9	17	4	7	10	2	32
110100111111000	110001011101011	9	0	0	9	22	5	7	10	3	16
110100111111100	111010111100011	10	312	132	8	16	4	8	11	3	8
110101000000100	000010011001001	5	0	0	5	27	10	4	9	5	3840
110101000001000	000010011001001	5	1525	1479	5	26	10	4	10	6	3840
110101000001001	001100101110000	6	2727	2645	5	8	4	2	2	1	384
110101000001100	101010000110001	6	0	0	6	16	6	4	4	2	480
110101000010000	000010011001001	5	0	0	5	23	10	5	8	5	3840
110101000010100	001100101110000	6	0	0	6	14	4	4	9	5	384
110101000011000	101010000110001	6	0	0	6	18	7	4	5	2	480
110101000011100	010111011000001	7	74	32	7	14	4	3	5	2	96
110101000100100	010100101110000	6	0	0	6	32	9	6	12	5	576
110101000101000	010100101110000	6	4755	4682	6	36	9	5	10	6	576
110101000101001	011001000001111	7	17926	17787	7	21	7	6	10	3	48
110101000101100	001000100101111	7	0	0	7	21	6	5	7	3	96
110101000110000	010100101110000	6	0	0	6	25	7	5	8	4	576
110101000110100	101101100101000	7	0	0	6	14	5	5	9	4	128
110101000111000	001000100101111	7	0	0	5	9	3	5	9	3	96
110101000111100	011001110110100	8	0	0	7	19	5	5	7	2	48
110101001000100	001100101110000	6	0	0	6	18	6	5	8	4	384
110101001001000	001100101110000	6	4378	4311	6	12	6	3	6	3	384
110101001001001	111100000011100	7	13842	13735	7	11	4	5	9	3	192
110101001001100	010111011000001	7	0	0	3	5	2	3	5	2	96
110101001010000	001100101110000	6	0	0	6	14	5	3	4	2	384
110101001010100	111000010101001	7	0	0	6	17	5	4	5	2	144
110101001011000	011001000001111	7	0	0	6	15	6	5	9	4	48
110101001011100	111000100011101	8	0	0	4	6	2	4	6	2	16
110101001100100	011001000001111	7	0	0	7	17	6	6	14	5	48
110101001101000	011001000001111	7	15379	15260	7	21	7	6	13	4	48
110101001101001	110001101101001	8	8518554	8471257	8	24	6	8	22	5	32
110101001101100	111000100011101	8	0	0	6	8	3	5	6	2	16
110101001110000	011001000001111	7	0	0	7	17	6	4	5	2	48
110101001110100	001001100101111	8	0	0	8	24	6	5	7	3	24
110101001111000	111001000001111	8	0	0	4	6	3	4	5	2	32
110101001111100	110010101101011	9	0	0	6	10	3	6	10	3	8
110101010000000	000010011001001	5	8	3	5	21	9	3	3	2	3840
110101010000001	001100101110000	6	61	35	4	9	3	0	0	0	384
110101010000100	001100101110000	6	0	0	4	9	3	0	0	0	384
110101010001000	010100101110000	6	107	73	6	27	8	5	14	6	576
110101010001001	011001000001111	7	508	465	6	12	5	6	12	5	48
110101010001100	011001000001111	7	71	35	6	12	5	6	12	5	48
110101010010000	001100101110000	6	0	0	6	13	5	3	4	2	384
110101010010100	111100000011100	7	74	32	5	13	5	5	9	3	192
110101010011000	011001000001111	7	0	0	5	9	4	5	9	4	48
110101010011100	011001000101111	8	470423	446216	7	16	5	6	10	3	32
110101010100000	010100101110000	6	75	46	6	32	8	5	14	6	576
110101010100001	011001000001111	7	482	443	7	19	8	6	9	4	48
110101010100100	011001000001111	7	0	0	7	19	8	6	9	4	48
110101010101000	001001011101001	7	653	606	7	30	7	5	8	4	576
110101010101001	111001000001111	8	2229	2170	7	22	6	6	9	4	32
110101010101100	111001000001111	8	0	0	7	22	6	6	9	4	32
110101010110000	011001000001111	7	0	0	7	19	8	6	9	4	48
110101010110100	110001101101001	8	0	0	8	17	6	8	16	5	32
110101010111000	111001000001111	8	0	0	7	24	7	6	9	4	32
110101010111100	110001011101011	9	0	0	5	7	2	5	7	2	16
110101011000000	001100101110000	6	62	42	6	13	5	3	4	2	384
110101011000001	111100000011100	7	260	231	5	13	5	5	9	3	192
110101011000100	111000010101001	7	0	0	7	27	7	4	5	2	144
110101011001000	011001000001111	7	342	306	5	9	4	5	9	4	48
110101011001001	011001000101111	8	1812	1765	7	16	5	6	10	3	32
110101011001100	111000100011101	8	0	0	4	6	2	4	6	2	16
110101011010000	111100000011100	7	0	0	5	14	5	4	7	3	192
110101011010100	111000100111001	8	0	0	5	8	2	5	7	2	64
110101011011000	110001101101001	8	0	0	8	15	4	8	15	4	32
110101011011100	111001100111001	9	0	0	5	7	2	5	7	2	8
110101011100000	011001000001111	7	391	361	7	19	8	6	9	4	48
110101011100001	110001101101001	8	1973	1931	8	17	6	8	16	5	32
110101011100100	111000100011101	8	0	0	7	7	2	6	11	3	16
110101011101000	111001000001111	8	1869	1820	7	24	7	6	9	4	32
110101011101001	110001011101011	9	1738	1675	5	7	2	5	7	2	16
110101011101100	011101110111000	9	0	0	5	8	2	0	0	0	24
110101011110000	011001000101111	8	0	0	7	12	4	5	6	2	32
110101011110100	111001100111001	9	0	0	6	9	2	6	9	2	8
110101011111000	110001011101011	9	0	0	7	10	3	7	10	3	16
110101011111100	110110111101001	10	95	50	8	9	2	8	9	2	4
110101100000100	010100101110000	6	0	0	6	22	7	5	9	3	576
110101100001000	010100101110000	6	6110	6017	6	20	7	5	12	5	576
110101100001001	101101100101000	7	8801	8667	6	9	3	0	0	0	128
110101100001100	011001000001111	7	0	0	7	22	7	5	11	4	48
110101100010000	010100101110000	6	0	0	6	25	7	5	8	4	576
110101100010100	011001000001111	7	0	0	7	17	6	5	11	4	48
110101100011000	001000100101111	7	0	0	5	9	3	5	9	3	96
110101100011100	111000100011101	8	0	0	8	19	5	5	7	2	16
110101100100100	101101100101000	7	0	0	7	24	7	4	8	3	128
110101100101000	101101100101000	7	21002	20840	7	17	6	5	13	5	128
110101100101001	011000101101011	8	1657617	1646881	8	34	7	7	13	4	32
110101100101100	001001100101111	8	0	0	7	19	5	5	9	3	24
110101100110000	101101100101000	7	0	0	7	19	7	6	9	2	128
110101100110100	011000101101011	8	0	0	8	27	7	6	10	3	32
110101100111000	011001110110100	8	0	0	8	19	5	4	4	1	48
110101100111100	110010101101011	9	0	0	7	11	3	6	7	2	8
110101101000100	011001000001111	7	0	0	6	23	7	6	14	5	48
110101101001000	011001000001111	7	18904	18758	7	18	6	6	13	4	48
110101101001001	110001101101001	8	8997059	8946634	8	22	5	8	22	5	32
110101101001100	111000100011101	8	0	0	6	8	3	5	6	2	16
110101101010000	011001000001111	7	0	0	7	13	4	6	9	4	48
110101101010100	111000100011101	8	0	0	7	13	4	6	11	3	16
110101101011000	111001000001111	8	0	0	7	24	7	6	9	4	32
110101101011100	011101110111000	9	0	0	5	8	2	0	0	0	24
110101101100100	110001101101001	8	0	0	8	15	4	5	5	1	32
110101101101000	110001101101001	8	4162071	4061386	6	13	4	6	13	4	32
110101101101001	110101101101001	9	83	49	0	0	0	0	0	0	32
110101101101100	111001100111001	9	0	0	7	9	2	7	9	2	8
110101101110000	110001101101001	8	0	0	8	19	4	8	19	4	32
110101101110100	111001100101101	9	0	0	9	22	5	7	9	2	8
110101101111000	110001011101011	9	0	0	9	22	5	7	10	3	16
110101101111100	110110111101001	10	63	61	7	10	2	7	10	2	4
110101110000000	010100101110000	6	65	36	4	10	4	0	0	0	576
110101110000001	101101100101000	7	398	360	6	12	4	6	9	3	128
110101110000100	101101100101000	7	0	0	6	12	4	6	9	3	128
110101110001000	001001011101001	7	655	608	7	22	6	5	8	3	576
110101110001001	011000101101011	8	2962	2904	8	18	4	4	8	3	32
110101110001100	011000101101011	8	0	0	8	26	6	4	8	3	32
110101110010000	011001000001111	7	0	0	6	20	7	4	5	2	48
110101110010100	110001101101001	8	0	0	8	15	6	6	8	2	32
110101110011000	111001000001111	8	0	0	4	6	3	4	5	2	32
110101110011100	111001100101101	9	0	0	6	9	2	6	7	2	8
110101110100000	101101100101000	7	491	451	7	13	4	7	13	4	128
110101110100001	011000101101011	8	2400	2348	8	27	7	5	5	2	32
110101110100100	011000101101011	8	0	0	8	27	7	5	5	2	32
110101110101000	011101011001001	8	3070	3009	8	29	7	6	11	4	192
110101110101001	011011101101001	9	136585	135668	9	29	6	7	13	4	16
110101110101100	011011101101001	9	0	0	9	29	6	7	13	4	16
110101110110000	110001101101001	8	0	0	8	19	4	8	19	4	32
110101110110100	110101101101001	9	0	0	9	17	4	7	10	2	32
110101110111000	110001011101011	9	0	0	7	12	4	7	10	3	16
110101110111100	111010111100011	10	0	0	8	16	4	8	11	3	8
110101111000000	011001000001111	7	327	297	6	20	7	4	5	2	48
110101111000001	110001101101001	8	1940	1899	8	15	6	6	8	2	32
110101111000100	001001100101111	8	0	0	8	16	5	5	7	3	24
110101111001000	111001000001111	8	617	568	4	6	3	4	5	2	32
110101111001001	111001100101101	9	2848	2786	6	9	2	6	7	2	8
110101111001100	110010101101011	9	0	0	6	10	3	6	10	3	8
110101111010000	011001000101111	8	0	0	7	14	4	5	6	2	32
110101111010100	111001100111001	9	0	0	9	24	5	6	9	2	8
110101111011000	110001011101011	9	0	0	9	20	5	7	10	3	16
110101111011100	110110111101001	10	32	30	8	9	2	8	9	2	4
110101111100000	110001101101001	8	2618	2555	8	19	4	8	19	4	32
110101111100001	110101101101001	9	10524	10445	9	17	4	7	10	2	32
110101111100100	111001100101101	9	0	0	9	21	5	7	9	2	8
110101111101000	110001011101011	9	6436	6342	7	12	4	7	10	3	16
110101111101001	111010111100011	10	89745	88518	8	16	4	8	11	3	8
110101111101100	110110111101001	10	0	0	7	10	2	7	10	2	4
110101111110000	111101010011100	9	0	0	7	8	2	7	8	2	64
110101111110100	111100011111100	10	0	0	8	9	2	6	9	2	16
110101111111000	011101111101100	10	0	0	6	9	2	6	9	2	64
110101111111100	011101111111100	11	41177	23175	6	9	2	6	9	2	8
110110000000001	000010011001001	5	1921	1636	5	16	8	4	6	2	3840
110110000001000	000010011001001	5	1409	1203	5	20	9	4	7	3	3840
110110000001001	001100101110000	6	13126	12115	6	23	7	4	6	3	384
110110000100001	010100101110000	6	9292	8391	6	24	7	5	8	2	576
110110000101000	010100101110000	6	8078	7400	6	29	8	5	12	4	576
110110000101001	011001000001111	7	62126	59461	7	19	7	5	9	3	48
110110001000000	000010011001001	5	1026	900	5	20	9	5	8	4	3840
110110001000001	001100101110000	6	9960	9256	6	10	4	3	4	2	384
110110001001000	001100101110000	6	5911	5535	6	14	5	3	4	2	384
110110001001001	111100000011100	7	7831	5233	2	2	1	0	0	0	192
110110001100000	010100101110000	6	8100	7415	6	19	6	5	8	3	576
110110001100001	101101100101000	7	34418	31395	5	5	2	4	6	3	128
110110001101000	011001000001111	7	32381	30487	6	19	6	5	9	3	48
110110001101001	110001101101001	8	393914	385042	8	18	4	7	14	3	32
110110010000001	010100101110000	6	9309	8617	6	27	8	5	9	4	576
110110010001000	010100101110000	6	6509	6073	6	22	7	5	7	3	576
110110010001001	011001000001111	7	42157	39796	6	18	6	5	9	4	48
110110010100001	001001011101001	7	43756	41762	7	31	8	5	7	3	576
110110010101000	001001011101001	7	31120	29928	7	32	8	6	10	4	576
110110010101001	111001000001111	8	176504	170714	7	15	4	5	8	3	32
110110011000000	010100101110000	6	4458	4229	6	30	8	5	9	4	576
110110011000001	001001000101111	7	29381	27842	6	23	7	5	8	3	576
110110011001000	011001000001111	7	12633	11554	5	12	6	5	9	4	48
110110011001001	011001000101111	8	242753	233295	7	10	3	6	12	4	32
110110011100000	001001011101001	7	32827	31592	7	27	8	5	8	3	576
110110011100001	011101011001001	8	191170	185032	7	19	5	6	12	4	192
110110011101000	111001000001111	8	91089	86262	6	14	5	5	9	3	32
110110011101001	110001011101011	9	5887079	5751178	9	18	5	8	21	5	16
110110100000001	010100101110000	6	7864	7259	6	24	7	5	8	2	576
110110100001000	010100101110000	6	5698	5310	6	29	8	5	12	4	576
110110100001001	011001000001111	7	48306	46355	7	19	7	5	9	3	48
110110100100001	101101100101000	7	39016	37214	7	24	7	6	13	4	128
110110100101000	101101100101000	7	31371	30079	7	25	8	6	12	5	128
110110100101001	111011000101001	8	163259	158020	7	8	2	5	7	2	96
110110101000000	010100101110000	6	4266	4039	6	32	8	5	8	4	576
110110101000001	011001000001111	7	24126	22748	6	13	6	5	10	3	48
110110101001000	001001000101111	7	14325	13632	6	20	6	5	7	3	576
110110101001001	011001000101111	8	92212	86729	6	11	3	6	11	3	32
110110101100000	101101100101000	7	32003	30638	7	23	8	4	8	3	128
110110101100001	011000101101011	8	274807	268208	8	30	7	6	9	3	32
110110101101000	001001100101111	8	125032	121192	7	13	4	5	9	3	24
110110101101001	111001100101101	9	1411231	1290108	6	11	3	6	11	3	8
110110110000001	101101100101000	7	22695	21388	6	17	7	5	9	3	128
110110110001000	101101100101000	7	22795	22003	7	18	6	5	9	3	128
110110110001001	110001101101001	8	184335	179803	8	14	4	7	8	2	32
110110110100001	011000101101011	8	131231	126882	7	15	4	6	9	3	32
110110110101000	011000101101011	8	143666	140361	8	33	7	7	13	4	32
110110110101001	111001100101101	9	4179678	4017718	8	9	2	6	11	3	8
110110111000000	101101100101000	7	10932	10496	6	23	7	5	12	5	128
110110111000001	001001100101111	8	62441	59196	6	9	3	6	9	3	24
110110111001000	001001100101111	8	27188	24871	5	9	3	5	9	3	24
110110111001001	111001100111001	9	11138535	10751245	8	15	4	7	8	2	8
110110111100000	011000101101011	8	144664	140947	8	27	6	6	10	3	32
110110111100001	011011101101001	9	3366192	3276377	8	19	4	6	9	3	16
110110111101000	110010101101011	9	7274507	6985277	8	14	4	6	7	2	8
110110111101001	110110111101001	10	0	0	0	0	0	0	0	0	4
110111000000000	000010011001001	5	0	0	5	22	9	5	8	4	3840
110111000000001	001100101110000	6	0	0	6	10	4	3	4	2	384
110111000001000	001100101110000	6	0	0	6	14	5	3	4	2	384
110111000001001	111100000011100	7	0	0	2	2	1	0	0	0	192
110111000100000	010100101110000	6	0	0	6	32	8	5	8	4	576
110111000100001	011001000001111	7	0	0	6	13	6	5	10	3	48
110111000101000	001001000101111	7	0	0	6	20	6	5	7	3	576
110111000101001	011001000101111	8	0	0	6	11	3	6	11	3	32
110111001000000	001100101110000	6	0	0	6	14	6	5	9	4	384
110111001000001	111100000011100	7	0	0	4	6	2	4	6	2	192
110111001001000	111100000011100	7	0	0	4	6	2	3	4	2	192
110111001001001	111010100100101	8	5457	4204	3	3	1	3	3	1	768
110111001100000	011001000001111	7	0	0	6	13	6	6	9	3	48
110111001100001	110001101101001	8	0	0	8	22	5	8	22	5	32
110111001101000	011001000101111	8	0	0	6	11	3	6	11	3	32
110111001101001	111101010011100	9	5907	4667	3	3	1	3	3	1	64
110111010000000	010100101110000	6	0	0	6	17	6	5	7	3	576
110111010000001	011001000001111	7	0	0	6	15	5	5	8	3	48
110111010001000	101101100101000	7	0	0	5	7	3	5	7	3	128
110111010001001	110001101101001	8	0	0	8	18	4	8	16	4	32
110111010100000	001001011101001	7	0	0	7	26	8	5	8	4	576
110111010100001	111001000001111	8	0	0	7	16	5	5	8	3	32
110111010101000	011101011001001	8	0	0	8	23	6	7	12	4	192
110111010101001	110001011101011	9	0	0	9	17	5	8	17	4	16
110111011000000	011001000001111	7	0	0	6	15	6	5	8	3	48
110111011000001	011001000101111	8	0	0	6	10	3	6	10	3	32
110111011001000	110001101101001	8	0	0	8	23	6	8	19	5	32
110111011001001	111101010011100	9	0	0	0	0	0	0	0	0	64
110111011100000	111001000001111	8	0	0	7	16	5	6	9	3	32
110111011100001	110001011101011	9	0	0	8	20	5	8	13	3	16
110111011101000	110001011101011	9	0	0	9	17	5	8	15	3	16
110111011101001	011101111101100	10	89796	88593	8	8	2	0	0	0	64
110111100000000	010100101110000	6	0	0	6	19	6	5	8	3	576
110111100000001	101101100101000	7	0	0	5	5	2	4	6	3	128
110111100001000	011001000001111	7	0	0	6	19	6	5	9	3	48
110111100001001	110001101101001	8	0	0	8	18	4	7	14	3	32
110111100100000	101101100101000	7	0	0	6	14	5	4	8	3	128
110111100100001	011000101101011	8	0	0	8	30	7	6	9	3	32
110111100101000	001001100101111	8	0	0	7	13	4	5	9	3	24
110111100101001	111001100101101	9	0	0	6	11	3	6	11	3	8
110111101000000	011001000001111	7	0	0	6	16	6	6	9	3	48
110111101000001	110001101101001	8	0	0	8	24	6	8	22	5	32
110111101001000	011001000101111	8	0	0	6	11	3	6	11	3	32
110111101001001	111101010011100	9	0	0	3	3	1	3	3	1	64
110111101100000	110001101101001	8	0	0	5	5	1	5	5	1	32
110111101100001	110101101101001	9	0	0	7	9	3	6	6	1	32
110111101101000	111001100111001	9	0	0	9	24	5	7	9	2	8
110111101101001	111100011111100	10	21778	20917	6	9	2	6	9	2	16
110111110000000	101101100101000	7	0	0	7	22	7	6	9	3	128
110111110000001	011000101101011	8	0	0	4	9	3	4	9	3	32
110111110001000	011000101101011	8	0	0	6	14	4	6	8	3	32
110111110001001	110101101101001	9	0	0	9	15	4	8	9	2	32
110111110100000	011000101101011	8	0	0	8	25	6	5	5	2	32
110111110100001	111001100110110	9	0	0	9	20	5	7	9	3	96
110111110101000	011011101101001	9	0	0	9	27	6	7	13	4	16
110111110101001	111010111100011	10	0	0	8	14	4	8	11	3	8
110111111000000	111011000101001	8	0	0	7	19	5	5	6	2	96
110111111000001	111001100101101	9	0	0	8	16	4	6	7	2	8
110111111001000	111001100101101	9	0	0	8	15	4	5	6	2	8
110111111001001	111100011111100	10	0	0	4	4	1	0	0	0	16
110111111100000	111001100101101	9	0	0	8	12	3	7	9	2	8
110111111100001	111010111100011	10	0	0	9	20	5	8	11	3	8
110111111101000	110110111101001	10	0	0	7	10	2	7	10	2	4
110111111101001	011101111111100	11	209508	208464	9	9	1	5	5	1	8
111000000000101	000010011001001	5	18480	17185	5	29	10	5	9	4	3840
111000000000110	000010011001001	5	7664	7273	5	26	10	5	13	6	3840
111000000000111	101010000110001	6	27744	26823	6	19	7	5	7	3	480
111000000001001	000010011001001	5	2150	2089	5	24	9	2	2	2	3840
111000000001010	000010011001001	5	9657	9108	5	24	10	5	14	6	3840
111000000001011	101010000110001	6	49031	47242	6	17	6	5	6	2	480
111000000001100	000010011001001	5	7317	7098	5	26	9	5	12	5	3840
111000000001101	010100101110000	6	95123	91338	6	19	6	6	15	6	576
111000000001110	000011001001011	6	34040	32905	6	20	6	4	5	2	1440
111000000001111	001000100101111	7	906327	875500	7	20	6	5	10	4	96
111000000010001	000010011001001	5	11780	11100	5	23	9	4	10	7	3840
111000000010010	000010011001001	5	2113	1946	5	16	8	4	7	4	3840
111000000010011	101010000110001	6	0	0	6	23	7	4	6	3	480
111000000010100	000010011001001	5	9584	9294	5	13	6	4	8	5	3840
111000000010101	101010000110001	6	60915	58775	6	20	7	3	4	2	480
111000000010110	001100101110000	6	9412	9023	6	28	9	4	8	4	384
111000000010111	010111011000001	7	0	0	7	15	5	4	6	3	96
111000000011001	001100101110000	6	72300	68305	5	15	4	3	5	3	384
111000000011010	001100101110000	6	0	0	6	16	5	3	7	4	384
111000000011011	010111011000001	7	0	0	7	20	6	4	6	2	96
111000000011100	001100101110000	6	58180	51996	2	3	2	2	3	2	384
111000000011101	011001000001111	7	2205684	2127414	7	29	7	6	11	4	48
111000000011110	111000010101001	7	0	0	7	17	5	3	4	2	144
111000000011111	111000100011101	8	0	0	3	4	2	3	4	2	16
111000000100100	000010011001001	5	4994	4489	5	18	8	4	7	4	3840
111000000100101	001100101110000	6	48768	44736	5	10	5	3	4	2	384
111000000100110	010100101110000	6	4907	4778	6	32	9	5	9	4	576
111000000100111	011001000001111	7	0	0	7	15	5	5	7	3	48
111000000101000	000010011001001	5	1215	1175	5	21	8	4	9	5	3840
111000000101001	001100101110000	6	7631	7264	5	12	4	3	3	2	384
111000000101010	010100101110000	6	109	84	6	23	8	6	9	5	576
111000000101011	011001000001111	7	0	0	7	18	6	6	10	4	48
111000000101100	101010000110001	6	30767	28645	6	13	5	2	2	1	480
111000000101101	011001000001111	7	145780	139172	6	16	6	5	8	3	48
111000000101110	001000100101111	7	0	0	7	25	6	5	5	2	96
111000000101111	111001000001111	8	0	0	6	16	4	3	4	2	32
111000000110000	000010011001001	5	4063	3798	5	17	7	3	3	2	3840
111000000110001	001100101110000	6	10658	9929	5	11	4	2	2	1	384
111000000110010	010100101110000	6	7676	7398	6	32	9	4	5	3	576
111000000110011	011001000001111	7	0	0	7	14	6	5	5	3	48
111000000110100	010100101110000	6	10776	10402	6	18	6	5	13	5	576
111000000110101	011001000001111	7	0	0	6	10	4	5	12	5	48
111000000110110	101101100101000	7	19048	18379	6	22	8	6	10	4	128
111000000110111	111011000101001	8	0	0	4	5	2	2	2	1	96
111000000111000	001100101110000	6	7022	6538	5	11	4	2	2	1	384
111000000111001	111100000011100	7	239570	191464	4	9	4	3	4	2	192
111000000111010	001001000101111	7	0	0	5	12	5	4	4	2	576
111000000111011	011001000101111	8	0	0	7	15	4	5	5	2	32
111000000111100	011001000001111	7	9918	9055	6	10	4	5	12	5	48
111000000111101	110001101101001	8	0	0	7	9	3	7	9	3	32
111000000111110	001001100101111	8	0	0	6	14	4	5	5	2	24
111000000111111	111001100101101	9	0	0	7	16	4	6	9	3	8
111000001001001	010100101110000	6	3795	3646	6	28	8	2	5	3	576
111000001001010	010100101110000	6	28	20	6	26	8	5	6	4	576
111000001001011	011001000001111	7	0	0	7	17	6	4	4	2	48
111000001001100	010100101110000	6	3031	2623	6	25	8	6	12	6	576
111000001010100	010100101110000	6	3404	2858	6	15	6	5	13	6	576
111000001011100	101101100101000	7	15204	13768	6	13	6	2	2	1	128
111000001100100	010100101110000	6	2967	2532	6	19	7	5	12	5	576
111000001101000	010100101110000	6	2558	2454	6	21	7	5	12	5	576
111000001101001	101101100101000	7	7087	6813	6	12	4	4	8	3	128
111000001101010	001001011101001	7	885	830	7	23	7	6	10	4	576
111000001101011	011000101101011	8	0	0	6	17	5	0	0	0	32
111000001101100	011001000001111	7	11187	10197	6	15	5	6	11	4	48
111000001110000	010100101110000	6	905	661	4	9	4	3	3	1	576
111000001110100	001001011101001	7	16568	15256	7	22	6	5	8	3	576
111000001111000	101101100101000	7	6513	5801	6	14	5	4	7	3	128
111000001111100	011000101101011	8	90358	86943	8	26	6	6	13	5	32
111000010000001	000010011001001	5	24763	23268	5	28	10	4	10	6	3840
111000010000010	000010011001001	5	25	13	5	20	10	4	7	5	3840
111000010000011	101010000110001	6	195	157	6	17	6	4	6	3	480
111000010000100	000010011001001	5	1848	1661	5	20	9	4	8	5	3840
111000010001001	001100101110000	6	746540	697600	5	15	4	3	5	3	384
111000010001010	001100101110000	6	6	2	6	16	5	3	7	4	384
111000010001011	010111011000001	7	0	0	7	20	6	4	6	2	96
111000010001100	001100101110000	6	1174	845	2	3	2	2	3	2	384
111000010010100	001100101110000	6	2312	1884	3	7	3	3	7	3	384
111000010011100	111100000011100	7	40047	38407	7	15	5	5	5	2	192
111000010100000	000010011001001	5	30281	28237	5	25	10	4	6	4	3840
111000010100001	001100101110000	6	694886	649142	6	16	5	4	8	4	384
111000010100010	010100101110000	6	907	784	6	29	9	5	10	5	576
111000010100011	011001000001111	7	4045	3735	7	17	6	6	14	5	48
111000010100100	101010000110001	6	3988	3420	6	18	7	4	5	2	480
111000010101000	001100101110000	6	658613	620330	6	17	5	4	8	4	384
111000010101001	111000010101001	7	928	526	0	0	0	0	0	0	144
111000010101010	011001000001111	7	364	326	6	22	7	5	8	3	48
111000010101011	111000100011101	8	0	0	8	21	5	5	9	3	16
111000010101100	010111011000001	7	19080	17891	7	14	4	4	5	2	96
111000010110000	001100101110000	6	0	0	6	16	5	4	5	2	384
111000010110100	011001000001111	7	13867	12631	6	14	6	5	7	3	48
111000010111000	111100000011100	7	0	0	5	11	4	4	8	3	192
111000010111100	011001000101111	8	23270	21735	7	13	4	5	7	2	32
111000011000001	010100101110000	6	4601	4280	6	32	9	6	13	6	576
111000011000010	010100101110000	6	737	617	6	25	8	5	11	5	576
111000011000011	011001000001111	7	5672	5156	7	17	7	7	11	4	48
111000011000100	010100101110000	6	4872	4228	6	25	8	6	14	7	576
111000011001001	011001000001111	7	30859	29954	7	18	6	3	3	1	48
111000011001010	011001000001111	7	120	111	7	18	7	5	8	4	48
111000011001011	111000100011101	8	0	0	7	16	4	7	11	3	16
111000011001100	011001000001111	7	16686	15333	6	23	8	6	11	4	48
111000011010100	011001000001111	7	19668	17874	6	23	8	5	7	3	48
111000011011100	110001101101001	8	59832	57082	8	20	5	8	18	4	32
111000011100000	010100101110000	6	2750	2548	6	24	7	6	11	5	576
111000011100001	101101100101000	7	13832	13079	6	14	5	5	9	4	128
111000011100010	001001011101001	7	10492	9895	7	21	6	6	14	5	576
111000011100011	011000101101011	8	115523	111141	8	17	5	6	8	3	32
111000011100100	001000100101111	7	13114	11692	5	8	3	5	8	3	96
111000011101000	011001000001111	7	9304	9073	7	15	5	5	11	4	48
111000011101001	001001100101111	8	85702	84579	8	20	5	4	5	2	24
111000011101010	111001000001111	8	1556	1477	6	10	4	6	9	3	32
111000011101011	110010101101011	9	0	0	9	17	4	5	8	2	8
111000011101100	111000100011101	8	93649	90579	8	19	5	5	6	2	16
111000011110000	011001000001111	7	10308	9483	7	15	5	2	2	1	48
111000011110100	111001000001111	8	38011	34005	5	7	3	2	2	1	32
111000011111000	110001101101001	8	32781	30377	6	7	2	6	7	2	32
111000011111100	111001100101101	9	832795	775835	6	7	2	5	7	2	8
111000100000100	000010011001001	5	10017	9270	5	27	10	4	7	4	3840
111000100000101	001100101110000	6	50992	47811	5	10	5	3	4	2	384
111000100000110	010100101110000	6	5560	5413	6	32	9	5	9	4	576
111000100000111	011001000001111	7	0	0	7	15	5	5	7	3	48
111000100001000	000010011001001	5	452	442	5	28	10	4	9	5	3840
111000100001001	001100101110000	6	844	831	5	12	4	3	3	2	384
111000100001010	010100101110000	6	27	19	6	23	8	6	9	5	576
111000100001011	011001000001111	7	0	0	7	18	6	6	10	4	48
111000100001100	101010000110001	6	51296	49044	6	13	5	2	2	1	480
111000100001101	011001000001111	7	473108	435693	6	16	6	5	8	3	48
111000100001110	001000100101111	7	0	0	7	25	6	5	5	2	96
111000100001111	111001000001111	8	0	0	6	16	4	3	4	2	32
111000100010000	000010011001001	5	9680	9030	5	24	10	4	6	3	3840
111000100010001	001100101110000	6	46564	44988	6	16	5	4	8	4	384
111000100010010	010100101110000	6	8919	8561	6	29	9	5	10	5	576
111000100010011	011001000001111	7	0	0	7	17	6	6	14	5	48
111000100010100	101010000110001	6	39944	38359	6	18	7	4	5	2	480
111000100010101	010111011000001	7	733876	691916	7	14	4	3	3	1	96
111000100010110	011001000001111	7	32818	31944	7	14	6	7	9	4	48
111000100010111	111000100011101	8	0	0	7	15	4	5	10	3	16
111000100011000	001100101110000	6	60033	57711	6	17	5	4	8	4	384
111000100011001	111000010101001	7	275870	172680	2	2	1	0	0	0	144
111000100011010	011001000001111	7	0	0	6	11	4	5	8	3	48
111000100011011	111000100011101	8	0	0	8	21	5	5	9	3	16
111000100011100	010111011000001	7	1299743	1204144	7	14	4	4	5	2	96
111000100011101	111000100011101	8	0	0	0	0	0	0	0	0	16
111000100011110	111000100011101	8	0	0	8	19	5	5	11	3	16
111000100011111	011101110111000	9	0	0	7	11	3	5	7	2	24
111000100100100	001100101110000	6	25326	23980	6	15	6	5	7	3	384
111000100100101	111100000011100	7	489285	474731	7	12	4	4	6	2	192
111000100100110	101101100101000	7	16345	16081	7	26	7	5	6	2	128
111000100100111	110001101101001	8	0	0	8	18	4	8	18	4	32
111000100101000	001100101110000	6	1027	1014	6	21	6	4	12	5	384
111000100101001	111100000011100	7	34255	33081	7	10	3	5	9	3	192
111000100101010	101101100101000	7	962	897	7	33	8	5	9	4	128
111000100101011	110001101101001	8	0	0	8	14	4	8	14	4	32
111000100101100	010111011000001	7	95390	92452	7	15	4	4	6	2	96
111000100101101	011001000101111	8	3269199	3157284	7	17	5	6	11	3	32
111000100101110	011001110110100	8	0	0	4	5	2	4	5	2	48
111000100101111	110001011101011	9	260	20	9	21	5	7	11	3	16
111000100110000	001100101110000	6	14565	14114	6	17	5	4	5	3	384
111000100110001	111100000011100	7	415329	372988	6	12	4	5	10	3	192
111000100110010	101101100101000	7	28090	27503	7	26	8	5	11	4	128
111000100110011	110001101101001	8	0	0	8	18	5	4	6	2	32
111000100110100	011001000001111	7	20386	19729	6	14	6	5	7	3	48
111000100110101	011001000101111	8	0	0	7	13	4	5	7	2	32
111000100110110	011000101101011	8	589468	580740	8	26	6	5	7	2	32
111000100110111	111001100101101	9	0	0	3	3	1	3	3	1	8
111000100111000	111000010101001	7	1148407	1086885	7	18	5	2	2	1	144
111000100111001	111000100111001	8	3986	1485	0	0	0	0	0	0	64
111000100111010	001001100101111	8	0	0	6	12	4	5	7	3	24
111000100111011	111001100111001	9	0	0	7	13	3	2	2	1	8
111000100111100	111000100011101	8	0	0	6	7	2	3	3	1	16
111000100111101	111001100111001	9	520	40	7	8	2	7	8	2	8
111000100111110	110010101101011	9	0	0	0	0	0	0	0	0	8
111000100111111	110110111101001	10	408152	309479	7	8	2	7	8	2	4
111000101000100	010100101110000	6	0	0	6	34	9	6	13	6	576
111000101001000	010100101110000	6	2314	2151	6	30	9	6	12	5	576
111000101001001	011001000001111	7	18334	17766	7	15	5	4	4	2	48
111000101001010	101101100101000	7	226	210	7	20	8	5	9	3	128
111000101001011	110001101101001	8	0	0	7	11	3	6	11	3	32
111000101001100	001000100101111	7	0	0	5	9	3	5	7	3	96
111000101010000	010100101110000	6	0	0	6	23	7	6	12	5	576
111000101010100	001000100101111	7	0	0	4	5	2	4	5	2	96
111000101011000	101101100101000	7	0	0	6	16	6	5	9	4	128
111000101011100	011001110110100	8	0	0	7	18	5	4	6	2	48
111000101100100	011001000001111	7	0	0	6	19	6	5	7	3	48
111000101101000	011001000001111	7	4095	3998	7	15	5	7	15	5	48
111000101101001	110001101101001	8	37135	36676	8	20	6	4	4	1	32
111000101101010	011000101101011	8	5261	5151	8	33	7	6	9	3	32
111000101101011	110101101101001	9	0	0	7	13	3	7	13	3	32
111000101101100	111000100011101	8	0	0	7	15	4	3	3	1	16
111000101110000	011001000001111	7	0	0	7	15	5	4	6	3	48
111000101110100	111001000001111	8	0	0	5	7	3	5	5	2	32
111000101111000	001001100101111	8	0	0	8	25	6	5	5	2	24
111000101111100	110010101101011	9	0	0	7	10	3	5	9	3	8
111000110000000	000010011001001	5	519	444	5	22	9	3	3	2	3840
111000110000001	001100101110000	6	2958	2668	5	11	4	2	2	1	384
111000110000010	010100101110000	6	527	444	6	32	9	4	5	3	576
111000110000011	011001000001111	7	2555	2418	7	14	6	5	5	3	48
111000110000100	010100101110000	6	0	0	6	28	8	5	13	5	576
111000110001000	001100101110000	6	1873	1715	5	11	4	2	2	1	384
111000110001001	111100000011100	7	4909	4422	4	9	4	3	4	2	192
111000110001010	001001000101111	7	76	65	5	12	5	4	4	2	576
111000110001011	011001000101111	8	0	0	7	15	4	5	5	2	32
111000110001100	011001000001111	7	0	0	6	10	4	5	12	5	48
111000110010000	001100101110000	6	0	0	6	15	5	4	5	2	384
111000110010100	011001000001111	7	0	0	5	7	3	5	7	3	48
111000110011000	111100000011100	7	0	0	5	12	5	4	8	3	192
111000110011100	011001000101111	8	0	0	7	13	4	5	7	2	32
111000110100000	001100101110000	6	2187	1961	6	16	5	4	5	3	384
111000110100001	111100000011100	7	9914	9257	6	14	5	5	10	3	192
111000110100010	101101100101000	7	7168	6618	7	21	6	5	11	4	128
111000110100011	110001101101001	8	31473	30035	8	15	5	4	6	2	32
111000110100100	011001000001111	7	0	0	5	7	3	5	7	3	48
111000110101000	111000010101001	7	11752	11386	7	24	6	2	2	1	144
111000110101001	111000100111001	8	1598	568	0	0	0	0	0	0	64
111000110101010	001001100101111	8	1851	1757	6	12	4	5	7	3	24
111000110101011	111001100111001	9	0	0	7	13	3	2	2	1	8
111000110101100	111000100011101	8	0	0	6	7	2	3	3	1	16
111000110110000	111100000011100	7	0	0	6	14	5	5	10	3	192
111000110110100	110001101101001	8	0	0	8	12	4	6	8	3	32
111000110111000	111000100111001	8	0	0	7	8	2	4	4	1	64
111000110111100	111001100111001	9	0	0	4	4	1	4	4	1	8
111000111000000	010100101110000	6	2535	2369	6	30	8	5	12	5	576
111000111000001	011001000001111	7	13864	13036	6	17	7	5	7	3	48
111000111000010	101101100101000	7	9337	8672	7	20	8	5	13	5	128
111000111000011	110001101101001	8	61172	56483	7	15	5	6	9	3	32
111000111000100	001001011101001	7	0	0	7	33	8	6	11	4	576
111000111001000	011001000001111	7	6914	6629	6	19	8	5	7	3	48
111000111001001	011001000101111	8	41081	39828	6	10	3	4	4	1	32
111000111001010	001001100101111	8	400	383	6	16	5	6	9	3	24
111000111001011	111001100111001	9	0	0	8	12	3	7	11	3	8
111000111001100	111001000001111	8	0	0	7	26	7	5	7	3	32
111000111010000	011001000001111	7	0	0	6	19	8	5	7	3	48
111000111010100	111001000001111	8	0	0	7	22	6	5	7	3	32
111000111011000	110001101101001	8	0	0	8	15	6	8	12	4	32
111000111011100	110001011101011	9	0	0	5	7	2	5	7	2	16
111000111100000	011001000001111	7	6244	5744	6	17	7	5	7	3	48
111000111100001	110001101101001	8	76602	74208	8	17	6	8	12	4	32
111000111100010	011000101101011	8	74325	71102	8	29	6	2	2	1	32
111000111100011	110101101101001	9	6149941	6061098	9	26	6	7	14	4	32
111000111100100	111001000001111	8	0	0	7	22	6	5	7	3	32
111000111101000	111000100011101	8	19729	19209	6	7	2	5	7	2	16
111000111101001	111001100111001	9	91852	35946	0	0	0	0	0	0	8
111000111101010	110010101101011	9	12091	11938	8	11	3	5	5	1	8
111000111101011	011011000111111	10	62635	59766	8	12	3	4	4	1	32
111000111101100	011101110111000	9	0	0	6	8	2	4	4	1	24
111000111110000	011001000101111	8	0	0	6	9	3	3	3	1	32
111000111110100	110001011101011	9	0	0	5	7	2	5	7	2	16
111000111111000	111001100111001	9	0	0	7	8	2	7	8	2	8
111000111111100	110110111101001	10	1	0	8	9	2	8	9	2	4
111001000000101	010100101110000	6	30932	29763	6	32	9	6	11	5	576
111001000000110	010100101110000	6	31983	30785	6	27	8	5	9	6	576
111001000000111	011001000001111	7	697623	667776	7	21	7	6	11	4	48
111001000001001	010100101110000	6	64846	62198	6	28	8	2	5	3	576
111001000001010	010100101110000	6	37849	36357	6	26	8	5	6	4	576
111001000001011	011001000001111	7	1255444	1206204	7	17	6	4	4	2	48
111001000001100	010100101110000	6	40859	39261	6	25	8	6	12	6	576
111001000001101	001001011101001	7	462035	449208	7	23	8	6	10	4	576
111001000001110	001000100101111	7	817352	765280	7	18	6	5	7	3	96
111001000001111	111001000001111	8	461	157	0	0	0	0	0	0	32
111001000010001	010100101110000	6	54364	51268	6	32	9	6	13	6	576
111001000010010	010100101110000	6	7964	7677	6	25	8	5	11	5	576
111001000010011	011001000001111	7	0	0	7	17	7	7	11	4	48
111001000010100	010100101110000	6	17779	17204	6	25	8	6	14	7	576
111001000010101	001000100101111	7	0	0	7	23	6	5	7	3	96
111001000010110	011001000001111	7	25034	24080	6	25	8	4	4	2	48
111001000010111	111000100011101	8	0	0	6	16	4	5	7	3	16
111001000011001	011001000001111	7	375578	363537	7	18	6	3	3	1	48
111001000011010	011001000001111	7	182	173	7	18	7	5	8	4	48
111001000011011	111000100011101	8	1261	1217	7	16	4	7	11	3	16
111001000011100	011001000001111	7	36388	35005	6	23	8	6	11	4	48
111001000011101	111001000001111	8	4807	4473	6	20	5	3	3	1	32
111001000011110	111000100011101	8	750	663	5	8	3	5	8	3	16
111001000011111	011101110111000	9	22272	21679	8	17	4	7	14	4	24
111001000100100	010100101110000	6	20130	18974	6	34	9	6	13	6	576
111001000100101	011001000001111	7	87806	83603	6	19	6	6	11	4	48
111001000100110	101101100101000	7	18850	18547	7	24	8	5	10	4	128
111001000100111	110001101101001	8	0	0	7	13	4	6	9	3	32
111001000101000	010100101110000	6	38611	36668	6	30	9	6	12	5	576
111001000101001	011001000001111	7	687035	667701	7	15	5	4	4	2	48
111001000101010	101101100101000	7	563	518	7	20	8	5	9	3	128
111001000101011	110001101101001	8	0	0	7	11	3	6	11	3	32
111001000101100	001000100101111	7	30898	28302	5	9	3	5	7	3	96
111001000101101	111001000001111	8	185163	137793	3	4	2	3	4	2	32
111001000101110	011001110110100	8	1740	1519	5	8	3	3	3	1	48
111001000101111	110001011101011	9	12890	12041	6	10	3	4	4	1	16
111001000110000	010100101110000	6	28761	27357	6	30	8	5	12	5	576
111001000110001	011001000001111	7	180285	172885	6	17	7	5	7	3	48
111001000110010	101101100101000	7	27219	26705	7	20	8	5	13	5	128
111001000110011	110001101101001	8	0	0	7	15	5	6	9	3	32
111001000110100	001001011101001	7	43474	42702	7	33	8	6	11	4	576
111001000110101	111001000001111	8	0	0	7	26	7	5	7	3	32
111001000110110	011000101101011	8	767443	754600	8	26	7	6	7	3	32
111001000110111	111001100101101	9	0	0	6	9	3	6	9	3	8
111001000111000	011001000001111	7	124283	118607	6	19	8	5	7	3	48
111001000111001	011001000101111	8	1701762	1590804	6	10	3	4	4	1	32
111001000111010	001001100101111	8	304	295	6	16	5	6	9	3	24
111001000111011	111001100111001	9	15461	14830	8	12	3	7	11	3	8
111001000111100	111001000001111	8	2816	2624	7	26	7	5	7	3	32
111001000111101	110001011101011	9	15341	14329	6	8	2	6	8	2	16
111001000111110	110010101101011	9	4391	4127	7	10	3	7	10	3	8
111001000111111	110110111101001	10	4489903	4376880	10	20	4	10	20	4	4
111001001001001	101101100101000	7	13759	13475	7	27	8	6	12	4	128
111001001001010	101101100101000	7	189	176	7	20	7	5	9	3	128
111001001001011	110001101101001	8	1332	1273	7	11	3	7	11	3	32
111001001001100	101101100101000	7	0	0	7	29	8	6	12	5	128
111001001010100	101101100101000	7	0	0	7	22	8	5	8	4	128
111001001011100	011000101101011	8	0	0	8	27	6	5	9	3	32
111001001100100	101101100101000	7	0	0	7	24	8	5	9	4	128
111001001101000	101101100101000	7	13233	12966	7	25	8	5	11	4	128
111001001101001	011000101101011	8	164483	161981	8	24	5	7	11	3	32
111001001101010	011000101101011	8	878	787	4	4	1	4	4	1	32
111001001101011	110101101101001	9	7425	7343	9	22	6	8	15	4	32
111001001101100	001001100101111	8	0	0	6	9	3	6	8	3	24
111001001110000	101101100101000	7	0	0	7	19	8	6	8	3	128
111001001110100	011101011001001	8	0	0	8	22	6	6	11	4	192
111001001111000	011000101101011	8	0	0	8	26	7	3	4	2	32
111001001111100	011011101101001	9	0	0	9	28	6	6	10	3	16
111001010000001	010100101110000	6	1391	1294	6	22	7	5	13	5	576
111001010000010	010100101110000	6	7	0	4	12	6	4	8	4	576
111001010000011	011001000001111	7	0	0	7	14	7	5	9	5	48
111001010000100	010100101110000	6	6973	6653	6	15	6	5	13	6	576
111001010001001	101101100101000	7	2685	2541	6	15	5	5	8	3	128
111001010001010	101101100101000	7	51	39	6	12	5	5	14	5	128
111001010001011	111011000101001	8	0	0	4	5	2	3	5	2	96
111001010001100	101101100101000	7	30605	29340	6	13	6	2	2	1	128
111001010010100	011001000001111	7	31642	31015	7	24	7	5	7	3	48
111001010011100	110001101101001	8	978580	957873	8	25	6	8	18	4	32
111001010100000	010100101110000	6	879	809	6	23	7	6	12	5	576
111001010100001	011001000001111	7	9400	9084	7	15	5	6	12	5	48
111001010100010	101101100101000	7	611	561	7	23	7	6	8	3	128
111001010100011	110001101101001	8	0	0	7	14	4	2	2	1	32
111001010100100	001000100101111	7	0	0	4	5	2	4	5	2	96
111001010101000	101101100101000	7	2153	2030	6	16	6	5	9	4	128
111001010101001	001001100101111	8	25870	25486	8	23	6	4	5	2	24
111001010101010	011000101101011	8	1249	1184	6	19	6	6	12	4	32
111001010101011	111001100101101	9	0	0	4	6	2	4	6	2	8
111001010101100	011001110110100	8	0	0	7	18	5	4	6	2	48
111001010110000	011001000001111	7	0	0	7	11	3	5	7	3	48
111001010110100	111001000001111	8	0	0	7	22	6	5	7	3	32
111001010111000	110001101101001	8	0	0	8	12	4	8	12	4	32
111001010111100	110001011101011	9	0	0	5	7	2	5	7	2	16
111001011000001	101101100101000	7	8177	7899	7	25	7	4	8	3	128
111001011000010	101101100101000	7	189	176	7	15	6	6	11	4	128
111001011000011	110001101101001	8	0	0	8	14	4	6	10	3	32
111001011000100	101101100101000	7	0	0	6	19	7	5	8	4	128
111001011001001	011000101101011	8	32271	31754	8	22	5	7	13	4	32
111001011001010	011000101101011	8	657	643	8	32	7	5	6	3	32
111001011001011	111001100101101	9	5440	5306	7	12	3	7	12	3	8
111001011001100	011000101101011	8	0	0	8	27	6	5	9	3	32
111001011010100	110001101101001	8	0	0	8	11	5	6	12	4	32
111001011011100	110101101101001	9	0	0	7	13	5	3	3	1	32
111001011100000	101101100101000	7	5451	5244	7	16	7	5	7	2	128
111001011100001	011000101101011	8	46452	45829	8	27	7	6	10	3	32
111001011100010	011000101101011	8	4518	4413	8	15	5	4	6	2	32
111001011100011	110101101101001	9	0	0	9	27	6	6	11	3	32
111001011100100	011001110110100	8	0	0	7	18	5	0	0	0	48
111001011101000	011000101101011	8	17738	17447	8	23	6	6	10	3	32
111001011101001	011011101101001	9	249133	245907	8	18	4	3	3	1	16
111001011101010	111001100110110	9	13757	13635	9	20	5	5	7	2	96
111001011101011	111010111100011	10	223541	220600	10	18	4	6	9	2	8
111001011101100	110010101101011	9	0	0	4	6	2	4	6	2	8
111001011110000	110001101101001	8	0	0	8	16	4	8	16	4	32
111001011110100	110001011101011	9	0	0	9	19	4	7	11	3	16
111001011111000	110101101101001	9	0	0	9	20	5	7	8	2	32
111001011111100	111010111100011	10	63	20	7	11	3	7	10	3	8
111001100000100	010100101110000	6	20440	19289	6	19	7	5	12	5	576
111001100000101	101101100101000	7	74112	70350	6	9	3	3	3	1	128
111001100000110	001001011101001	7	19881	19524	7	32	8	6	10	4	576
111001100000111	011000101101011	8	0	0	4	6	2	4	6	2	32
111001100001000	010100101110000	6	41253	38814	6	21	7	5	12	5	576
111001100001001	101101100101000	7	152671	145416	6	12	4	4	8	3	128
111001100001010	001001011101001	7	180	163	7	26	7	6	10	4	576
111001100001011	011000101101011	8	0	0	6	17	5	0	0	0	32
111001100001100	011001000001111	7	60272	57142	6	15	5	6	11	4	48
111001100001101	011000101101011	8	785949	738094	6	11	4	6	11	4	32
111001100001110	111001000001111	8	2179	2011	6	9	3	5	5	2	32
111001100001111	111001100110110	9	33707	33042	9	26	6	3	3	1	96
111001100010000	010100101110000	6	54744	51917	6	24	7	6	11	5	576
111001100010001	101101100101000	7	225347	215539	6	14	5	5	9	4	128
111001100010010	001001011101001	7	31346	30659	7	24	7	6	14	5	576
111001100010011	011000101101011	8	0	0	8	17	5	6	8	3	32
111001100010100	001000100101111	7	16759	15760	5	8	3	5	8	3	96
111001100010101	011001110110100	8	0	0	6	15	4	3	3	1	48
111001100010110	111001000001111	8	657111	646068	8	22	6	2	2	1	32
111001100010111	110010101101011	9	0	0	7	14	4	3	3	1	8
111001100011000	011001000001111	7	308394	298789	7	15	5	5	11	4	48
111001100011001	001001100101111	8	5331507	5235288	8	20	5	4	5	2	24
111001100011010	111001000001111	8	729	701	6	10	4	6	9	3	32
111001100011011	110010101101011	9	9075	8975	9	17	4	5	8	2	8
111001100011100	111000100011101	8	2906	2759	8	19	5	5	6	2	16
111001100011101	110010101101011	9	3080	2420	3	3	1	3	3	1	8
111001100011110	011101110111000	9	27611	26980	9	21	5	8	15	4	24
111001100011111	010011111101011	10	716118	645647	8	16	4	4	4	1	24
111001100100100	011001000001111	7	117510	113598	7	19	6	5	7	3	48
111001100100101	110001101101001	8	2745174	2683057	8	22	5	8	18	4	32
111001100100110	011000101101011	8	723518	714746	8	32	7	5	7	2	32
111001100100111	110101101101001	9	0	0	9	27	6	7	8	2	32
111001100101000	011001000001111	7	208351	201719	7	24	7	7	15	5	48
111001100101001	110001101101001	8	4293241	4189839	8	18	5	4	4	1	32
111001100101010	011000101101011	8	4982	4865	8	33	7	6	9	3	32
111001100101011	110101101101001	9	0	0	7	13	3	7	13	3	32
111001100101100	111000100011101	8	3245906	3135397	7	15	4	3	3	1	16
111001100101101	111001100101101	9	1241	210	0	0	0	0	0	0	8
111001100101110	110010101101011	9	6453	6038	6	10	3	0	0	0	8
111001100101111	111010111100011	10	609094	552622	8	14	4	3	3	1	8
111001100110000	011001000001111	7	224798	218692	7	14	4	5	7	3	48
111001100110001	110001101101001	8	3655744	3572322	8	16	5	8	12	4	32
111001100110010	011000101101011	8	767863	757373	8	29	6	2	2	1	32
111001100110011	110101101101001	9	0	0	9	26	6	7	14	4	32
111001100110100	111001000001111	8	652393	635754	7	22	6	5	7	3	32
111001100110101	110001011101011	9	0	0	5	7	2	5	7	2	16
111001100110110	111001100110110	9	0	0	0	0	0	0	0	0	96
111001100110111	111010111100011	10	647643	600421	8	14	3	0	0	0	8
111001100111000	111000100011101	8	1829133	1652658	6	9	3	5	7	2	16
111001100111001	111001100111001	9	0	0	0	0	0	0	0	0	8
111001100111010	110010101101011	9	2570	2542	8	11	3	5	5	1	8
111001100111011	011011000111111	10	1642341	1517877	8	12	3	4	4	1	32
111001100111100	011101110111000	9	5660	5268	6	8	2	4	4	1	24
111001100111101	110110111101001	10	624767	531072	8	9	2	8	9	2	4
111001100111110	010011111101011	10	1672265	1565552	8	12	3	5	7	2	24
111001100111111	111001100111111	11	0	0	0	0	0	0	0	0	8
111001101000100	101101100101000	7	0	0	6	12	5	5	9	4	128
111001101001000	101101100101000	7	1917	1842	7	19	6	5	11	4	128
111001101001001	011000101101011	8	8754	8629	8	24	5	7	11	3	32
111001101001010	011000101101011	8	262	238	4	4	1	4	4	1	32
111001101001011	110101101101001	9	5762	5695	9	22	6	8	15	4	32
111001101001100	001001100101111	8	0	0	6	9	3	6	8	3	24
111001101010000	101101100101000	7	0	0	7	14	6	5	7	2	128
111001101010100	011001110110100	8	0	0	7	15	4	0	0	0	48
111001101011000	011000101101011	8	0	0	8	23	6	6	10	3	32
111001101011100	110010101101011	9	0	0	4	6	2	4	6	2	8
111001101100100	110001101101001	8	0	0	8	12	4	6	8	3	32
111001101101000	110001101101001	8	1715	1677	6	14	4	0	0	0	32
111001101101001	110101101101001	9	99531	98359	7	18	5	7	16	4	32
111001101101010	110101101101001	9	22984	22809	9	26	6	5	8	2	32
111001101101011	111011101100011	10	29161	27508	7	11	3	5	8	2	288
111001101101100	111001100111001	9	0	0	9	19	4	4	4	1	8
111001101110000	110001101101001	8	0	0	8	18	4	8	14	3	32
111001101110100	110001011101011	9	0	0	9	19	4	5	7	2	16
111001101111000	111001100101101	9	0	0	9	17	4	4	4	1	8
111001101111100	110110111101001	10	0	0	8	9	2	8	9	2	4
111001110000000	010100101110000	6	118	77	4	9	4	3	3	1	576
111001110000001	101101100101000	7	770	709	6	12	4	4	8	3	128
111001110000010	001001011101001	7	717	653	7	27	8	1	2	2	576
111001110000011	011000101101011	8	0	0	8	19	5	8	12	3	32
111001110000100	001001011101001	7	0	0	7	22	6	5	8	3	576
111001110001000	101101100101000	7	745	682	6	14	5	4	7	3	128
111001110001001	111100100101001	8	9039	8893	8	18	5	6	11	3	192
111001110001010	011101011001001	8	2471	2400	8	22	6	3	5	2	192
111001110001011	111011001101001	9	0	0	9	22	5	3	5	2	32
111001110001100	011000101101011	8	0	0	8	26	6	6	13	5	32
111001110010000	011001000001111	7	0	0	6	20	7	2	2	1	48
111001110010100	111001000001111	8	0	0	5	7	3	2	2	1	32
111001110011000	110001101101001	8	0	0	8	14	6	6	7	2	32
111001110011100	111001100101101	9	0	0	6	7	2	5	7	2	8
111001110100000	011001000001111	7	1215	1136	7	21	7	4	6	3	48
111001110100001	110001101101001	8	5015	4923	8	15	6	4	6	2	32
111001110100010	011000101101011	8	10580	10299	8	27	6	6	8	3	32
111001110100011	110101101101001	9	0	0	9	24	6	8	15	4	32
111001110100100	111001000001111	8	0	0	5	7	3	5	5	2	32
111001110101000	001001100101111	8	5938	5828	8	17	5	5	5	2	24
111001110101001	011110111001001	9	30884	29074	5	7	2	5	7	2	32
111001110101010	011011101101001	9	32612	32278	9	25	6	3	4	2	16
111001110101011	111110111001001	10	26036	23100	7	8	2	7	8	2	8
111001110101100	110010101101011	9	0	0	7	10	3	5	9	3	8
111001110110000	011001000101111	8	0	0	6	11	3	3	3	1	32
111001110110100	110001011101011	9	0	0	9	21	5	5	7	2	16
111001110111000	111001100111001	9	0	0	9	19	4	7	8	2	8
111001110111100	110110111101001	10	0	0	8	9	2	8	9	2	4
111001111000000	101101100101000	7	672	617	6	8	3	6	8	3	128
111001111000001	011000101101011	8	3745	3670	8	27	7	1	1	1	32
111001111000010	011000101101011	8	4314	4216	8	16	5	7	14	4	32
111001111000011	110101101101001	9	0	0	8	23	6	8	18	5	32
111001111000100	011101011001001	8	0	0	8	28	7	6	11	4	192
111001111001000	011000101101011	8	4161	4084	8	26	7	3	4	2	32
111001111001001	111011001101001	9	2031	1770	3	3	1	3	3	1	32
111001111001010	011011101101001	9	8855	8749	8	13	3	7	11	3	16
111001111001011	111110111001001	10	192629	189447	10	20	4	9	14	3	8
111001111001100	011011101101001	9	0	0	9	28	6	6	10	3	16
111001111010000	110001101101001	8	0	0	8	16	4	8	16	4	32
111001111010100	110001011101011	9	0	0	9	17	4	7	11	3	16
111001111011000	110101101101001	9	0	0	9	20	5	7	8	2	32
111001111011100	111010111100011	10	0	0	7	11	3	7	10	3	8
111001111100000	110001101101001	8	5998	5884	8	18	4	8	14	3	32
111001111100001	110101101101001	9	18343	18229	9	22	5	7	10	2	32
111001111100010	110101101101001	9	44116	43684	9	28	6	8	13	3	32
111001111100011	111011101100011	10	33291	31723	8	12	3	5	5	1	288
111001111100100	110001011101011	9	0	0	7	13	4	5	7	2	16
111001111101000	111001100101101	9	25084	24930	9	20	5	4	4	1	8
111001111101001	111110111001001	10	293670	289815	9	18	4	7	8	2	8
111001111101010	111010111100011	10	274486	244868	6	8	2	6	8	2	8
111001111101011	111001111101011	11	0	0	0	0	0	0	0	0	32
111001111101100	110110111101001	10	0	0	8	9	2	8	9	2	4
111001111110000	111101010011100	9	0	0	5	6	2	5	6	2	64
111001111110100	011101111101100	10	0	0	6	8	2	6	8	2	64
111001111111000	111100011111100	10	0	0	7	8	2	6	8	2	16
111001111111100	011101111111100	11	51606	33997	6	8	2	6	8	2	8
111010000000001	000010011001001	5	3465	3225	5	25	9	4	8	4	3840
111010000000010	000010011001001	5	21	8	5	21	9	5	9	4	3840
111010000000011	101010000110001	6	181	143	6	13	5	3	3	1	480
111010000000100	000010011001001	5	129	89	5	23	9	4	8	3	3840
111010000000101	001100101110000	6	60483	57778	6	21	7	4	7	3	384
111010000000110	101010000110001	6	0	0	6	13	5	3	3	1	480
111010000000111	010111011000001	7	0	0	4	6	2	4	6	2	96
111010000001001	010100101110000	6	36377	34760	6	17	6	4	8	3	576
111010000001010	010100101110000	6	10	2	6	19	7	6	10	5	576
111010000001011	001000100101111	7	0	0	7	19	5	0	0	0	96
111010000001100	010100101110000	6	0	0	6	20	7	4	8	3	576
111010000001101	101101100101000	7	0	0	6	24	6	5	6	2	128
111010000001110	001000100101111	7	0	0	5	6	2	0	0	0	96
111010000001111	011001110110100	8	0	0	7	18	5	5	7	2	48
111010000010001	010100101110000	6	0	0	6	17	7	5	10	5	576
111010000010010	010100101110000	6	0	0	6	21	7	5	11	5	576
111010000010011	001000100101111	7	0	0	6	14	5	5	10	4	96
111010000010100	010100101110000	6	0	0	6	21	7	4	8	3	576
111010000010101	011001000001111	7	0	0	6	20	6	5	8	3	48
111010000010110	011001000001111	7	0	0	7	25	7	6	11	4	48
111010000010111	111000100011101	8	0	0	7	13	4	3	3	1	16
111010000011001	101101100101000	7	0	0	7	17	7	3	5	2	128
111010000011010	101101100101000	7	0	0	4	12	6	4	6	3	128
111010000011011	011001110110100	8	0	0	8	18	5	5	8	3	48
111010000011100	101101100101000	7	0	0	7	19	6	5	15	5	128
111010000011101	011000101101011	8	0	0	6	14	5	4	6	3	32
111010000011110	001001100101111	8	0	0	6	8	2	0	0	0	24
111010000011111	110010101101011	9	0	0	6	9	3	6	6	2	8
111010000100000	000010011001001	5	3229	3008	5	22	9	5	8	5	3840
111010000100001	001100101110000	6	12495	11996	6	12	5	3	4	2	384
111010000100010	010100101110000	6	1167	1019	6	28	8	5	12	4	576
111010000100011	011001000001111	7	3652	3271	6	8	3	5	14	5	48
111010000100100	001100101110000	6	709	648	6	12	5	3	4	2	384
111010000100101	111100000011100	7	49855	34864	2	2	1	2	2	1	192
111010000100110	011001000001111	7	0	0	6	8	3	5	14	5	48
111010000100111	011001000101111	8	0	0	7	11	3	6	9	3	32
111010000101000	010100101110000	6	32759	31341	6	16	7	5	10	4	576
111010000101001	011001000001111	7	299781	283803	6	12	5	4	8	4	48
111010000101010	001001011101001	7	690	628	7	28	7	4	5	2	576
111010000101011	111001000001111	8	0	0	8	21	6	6	8	3	32
111010000101100	011001000001111	7	0	0	6	12	5	4	8	4	48
111010000101101	110001101101001	8	0	0	8	18	4	8	18	4	32
111010000101110	111001000001111	8	0	0	8	21	6	6	8	3	32
111010000101111	110001011101011	9	0	0	7	13	4	7	11	3	16
111010000110000	010100101110000	6	0	0	6	18	6	4	8	3	576
111010000110001	011001000001111	7	0	0	6	15	5	4	5	2	48
111010000110010	001001011101001	7	0	0	7	26	7	4	4	2	576
111010000110011	111001000001111	8	0	0	8	17	5	5	6	3	32
111010000110100	101101100101000	7	0	0	5	5	2	5	5	2	128
111010000110101	110001101101001	8	0	0	8	18	4	8	18	4	32
111010000110110	011000101101011	8	0	0	6	10	3	6	10	3	32
111010000110111	111001100101101	9	0	0	9	15	4	5	10	3	8
111010000111000	101101100101000	7	0	0	4	8	4	3	4	2	128
111010000111001	110001101101001	8	0	0	6	7	2	6	7	2	32
111010000111010	011101011001001	8	0	0	8	20	5	6	9	3	192
111010000111011	110001011101011	9	0	0	9	25	5	7	12	3	16
111010000111100	011000101101011	8	0	0	8	31	7	4	7	3	32
111010000111101	110101101101001	9	0	0	8	11	3	7	8	2	32
111010000111110	011011101101001	9	0	0	8	13	3	7	12	3	16
111010000111111	111010111100011	10	0	0	4	4	1	4	4	1	8
111010001000001	010100101110000	6	4965	4791	6	30	8	4	8	3	576
111010001000010	010100101110000	6	394	319	6	21	7	5	11	5	576
111010001000011	011001000001111	7	4417	4061	7	19	7	6	11	4	48
111010001001001	101101100101000	7	25040	24529	7	23	7	5	15	5	128
111010001001010	101101100101000	7	120	99	4	12	6	4	6	3	128
111010001001011	001001100101111	8	0	0	8	21	5	0	0	0	24
111010001100000	010100101110000	6	4889	4719	6	18	6	4	8	3	576
111010001100001	101101100101000	7	6942	6536	5	5	2	5	5	2	128
111010001100010	001001011101001	7	8585	8079	7	26	7	4	4	2	576
111010001100011	011000101101011	8	142494	137439	8	18	5	6	10	3	32
111010001101000	101101100101000	7	5180	4724	4	8	4	3	4	2	128
111010001101001	011000101101011	8	220414	217966	8	31	7	4	7	3	32
111010001101010	011101011001001	8	7298	7103	8	20	5	6	9	3	192
111010001101011	011011101101001	9	0	0	8	13	3	7	12	3	16
111010010000001	010100101110000	6	3188	2964	6	17	7	5	10	5	576
111010010000010	010100101110000	6	172	129	6	21	7	5	11	5	576
111010010000011	001000100101111	7	684	611	6	14	5	5	10	4	96
111010010001001	101101100101000	7	28400	27490	7	17	7	3	5	2	128
111010010001010	101101100101000	7	54	40	4	12	6	4	6	3	128
111010010001011	011001110110100	8	0	0	8	18	5	5	8	3	48
111010010100000	010100101110000	6	1298	1150	6	30	8	4	8	4	576
111010010100001	001001000101111	7	4848	4450	6	24	7	4	5	2	576
111010010100010	101101100101000	7	5029	4627	7	22	8	4	7	3	128
111010010100011	001001100101111	8	14918	13810	7	16	5	6	8	3	24
111010010101000	101101100101000	7	2594	2473	6	21	7	5	9	4	128
111010010101001	001001100101111	8	4302	4083	5	9	3	5	9	3	24
111010010101010	011000101101011	8	2698	2608	8	21	5	7	15	5	32
111010010101011	110010101101011	9	0	0	8	13	4	8	12	3	8
111010011000001	001001011101001	7	20140	19480	7	26	7	5	12	4	576
111010011000010	001001011101001	7	3500	3163	7	25	8	5	6	2	576
111010011000011	111001000001111	8	25063	23485	8	17	6	5	7	2	32
111010011001001	011000101101011	8	69374	67221	6	18	5	4	6	2	32
111010011001010	011000101101011	8	987	958	8	19	5	8	18	5	32
111010011001011	110010101101011	9	0	0	9	23	6	7	11	3	8
111010011100000	001001011101001	7	7885	7455	7	25	7	5	8	3	576
111010011100001	011101011001001	8	46506	45131	8	23	6	6	12	4	192
111010011100010	011101011001001	8	51548	49368	8	23	6	6	8	3	192
111010011100011	011011101101001	9	3844606	3753295	9	23	6	6	9	3	16
111010011101000	011000101101011	8	18358	18081	8	25	6	7	17	5	32
111010011101001	011011101101001	9	399889	396936	9	22	5	6	10	3	16
111010011101010	011011101101001	9	12713	12420	7	13	4	6	7	3	16
111010011101011	011011111101001	10	0	0	7	13	3	7	11	3	20
111010100000000	000010011001001	5	915	791	5	24	9	5	8	4	3840
111010100000001	001100101110000	6	3146	2932	6	12	5	3	4	2	384
111010100000010	010100101110000	6	247	201	6	28	8	5	12	4	576
111010100000011	011001000001111	7	1039	953	6	8	3	5	14	5	48
111010100000100	001100101110000	6	733	673	6	12	5	3	4	2	384
111010100000101	111100000011100	7	41617	29944	2	2	1	2	2	1	192
111010100000110	011001000001111	7	0	0	6	8	3	5	14	5	48
111010100000111	011001000101111	8	0	0	7	11	3	6	9	3	32
111010100001000	010100101110000	6	5021	4694	6	28	8	5	10	4	576
111010100001001	011001000001111	7	10259	9798	6	12	5	4	8	4	48
111010100001010	001001011101001	7	183	167	7	28	7	4	5	2	576
111010100001011	111001000001111	8	0	0	8	21	6	6	8	3	32
111010100001100	011001000001111	7	0	0	6	12	5	4	8	4	48
111010100001101	110001101101001	8	0	0	8	18	4	8	18	4	32
111010100001110	111001000001111	8	0	0	8	21	6	6	8	3	32
111010100001111	110001011101011	9	0	0	7	13	4	7	11	3	16
111010100010000	010100101110000	6	0	0	6	30	8	4	8	4	576
111010100010001	001001000101111	7	0	0	6	24	7	4	5	2	576
111010100010010	101101100101000	7	0	0	7	22	8	4	7	3	128
111010100010011	001001100101111	8	0	0	7	16	5	6	8	3	24
111010100010100	011001000001111	7	0	0	5	11	5	5	9	4	48
111010100010101	011001000101111	8	0	0	6	11	3	6	11	3	32
111010100010110	110001101101001	8	0	0	6	9	3	6	7	2	32
111010100010111	111001100111001	9	0	0	9	19	4	8	12	3	8
111010100011000	101101100101000	7	0	0	6	21	7	5	9	4	128
111010100011001	001001100101111	8	0	0	5	9	3	5	9	3	24
111010100011010	011000101101011	8	0	0	8	21	5	7	15	5	32
111010100011011	110010101101011	9	0	0	8	13	4	8	12	3	8
111010100011100	111011000101001	8	0	0	0	0	0	0	0	0	96
111010100011101	111001100101101	9	0	0	8	17	4	4	4	1	8
111010100011110	111001100101101	9	0	0	7	11	3	6	11	3	8
111010100011111	110110111101001	10	0	0	9	13	3	9	13	3	4
111010100100000	001100101110000	6	1726	1493	6	17	6	4	7	3	384
111010100100001	111100000011100	7	234371	218289	6	7	2	4	6	2	192
111010100100010	101101100101000	7	8163	7507	7	24	7	6	8	3	128
111010100100011	110001101101001	8	34801	33128	8	20	5	8	18	4	32
111010100100100	111100000011100	7	334867	311393	6	7	2	4	6	2	192
111010100100101	111010100100101	8	0	0	0	0	0	0	0	0	768
111010100100110	110001101101001	8	0	0	8	20	5	8	18	4	32
111010100100111	111101010011100	9	0	0	7	11	3	5	7	2	64
111010100101000	001001000101111	7	1267	1178	7	25	8	5	9	3	576
111010100101001	011001000101111	8	0	0	7	11	3	6	11	3	32
111010100101010	011101011001001	8	6484	6323	8	27	7	5	10	4	192
111010100101011	110001011101011	9	0	0	8	11	3	7	11	3	16
111010100101100	011001000101111	8	0	0	7	11	3	6	11	3	32
111010100101101	111101010011100	9	0	0	5	7	2	5	7	2	64
111010100101110	110001011101011	9	0	0	8	11	3	7	11	3	16
111010100101111	011101111101100	10	0	0	8	12	3	6	8	2	64
111010100110000	011001000001111	7	0	0	5	11	5	5	9	4	48
111010100110001	011001000101111	8	0	0	5	7	2	5	7	2	32
111010100110010	011000101101011	8	0	0	8	32	7	4	7	3	32
111010100110011	111001100101101	9	0	0	9	19	5	3	3	1	8
111010100110100	110001101101001	8	0	0	8	22	5	8	18	4	32
111010100110101	111101010011100	9	0	0	3	3	1	3	3	1	64
111010100110110	110101101101001	9	0	0	9	25	5	7	8	2	32
111010100110111	111100011111100	10	0	0	8	12	3	8	12	3	16
111010100111000	001001100101111	8	0	0	6	8	3	5	9	3	24
111010100111001	111001100111001	9	0	0	8	15	3	7	8	2	8
111010100111010	011011101101001	9	0	0	9	21	5	4	5	2	16
111010100111011	110110111101001	10	0	0	7	8	2	7	8	2	4
111010100111100	111001100101101	9	0	0	9	20	5	0	0	0	8
111010100111101	111100011111100	10	0	0	7	8	2	6	8	2	16
111010100111110	111010111100011	10	0	0	7	11	3	3	3	1	8
111010100111111	011101111111100	11	44300	25120	6	8	2	6	8	2	8
111010101000000	010100101110000	6	6401	6000	6	30	8	4	8	4	576
111010101000001	011001000001111	7	10302	9412	5	11	5	5	9	4	48
111010101000010	101101100101000	7	2221	2053	7	22	8	4	7	3	128
111010101000011	110001101101001	8	16096	14571	6	9	3	6	7	2	32
111010101001000	101101100101000	7	20831	19915	6	21	7	5	9	4	128
111010101001001	111011000101001	8	2872	1134	0	0	0	0	0	0	96
111010101001010	011000101101011	8	1611	1571	8	21	5	7	15	5	32
111010101001011	111001100101101	9	0	0	7	11	3	6	11	3	8
111010101100000	011001000001111	7	4304	3742	5	11	5	5	9	4	48
111010101100001	110001101101001	8	54016	51852	8	22	5	8	18	4	32
111010101100010	011000101101011	8	45684	43981	8	32	7	4	7	3	32
111010101100011	110101101101001	9	4346218	4291687	9	25	5	7	8	2	32
111010101101000	001001100101111	8	4609	4415	6	8	3	5	9	3	24
111010101101001	111001100101101	9	0	0	9	20	5	0	0	0	8
111010101101010	011011101101001	9	40822	40441	9	21	5	4	5	2	16
111010101101011	111010111100011	10	0	0	7	11	3	3	3	1	8
111010110000000	010100101110000	6	3899	3628	6	18	6	4	8	3	576
111010110000001	011001000001111	7	10005	9484	6	15	5	4	5	2	48
111010110000010	001001011101001	7	13048	12622	7	26	7	4	4	2	576
111010110000011	111001000001111	8	37023	36507	8	17	5	5	6	3	32
111010110001000	101101100101000	7	8209	7359	4	8	4	3	4	2	128
111010110001001	110001101101001	8	41293	40010	6	7	2	6	7	2	32
111010110001010	011101011001001	8	871	846	8	20	5	6	9	3	192
111010110001011	110001011101011	9	0	0	9	25	5	7	12	3	16
111010110100000	011001000001111	7	7694	7086	7	17	6	5	9	4	48
111010110100001	011001000101111	8	11575	10017	5	7	2	5	7	2	32
111010110100010	011000101101011	8	74490	72357	8	32	7	4	7	3	32
111010110100011	111001100101101	9	4001980	3876062	9	19	5	3	3	1	8
111010110101000	001001100101111	8	3882	3766	7	11	4	5	9	3	24
111010110101001	111001100111001	9	0	0	8	15	3	7	8	2	8
111010110101010	011011101101001	9	11265	11044	7	19	4	4	5	2	16
111010110101011	110110111101001	10	0	0	7	8	2	7	8	2	4
111010111000000	001001011101001	7	21743	21083	7	24	7	5	8	3	576
111010111000001	111001000001111	8	57646	55987	7	15	5	4	5	2	32
111010111000010	011101011001001	8	72523	70354	8	23	6	6	8	3	192
111010111000011	110001011101011	9	1805889	1661476	5	8	2	5	8	2	16
111010111001000	011000101101011	8	144722	143029	8	21	5	7	17	5	32
111010111001001	111001100101101	9	577845	531953	6	7	2	6	7	2	8
111010111001010	011011101101001	9	2352	2299	7	13	4	6	7	3	16
111010111001011	110110111101001	10	0	0	8	12	3	8	12	3	4
111010111100000	111001000001111	8	24516	23139	7	15	5	6	8	3	32
111010111100001	110001011101011	9	2591923	2456024	8	17	5	5	7	2	16
111010111100010	011011101101001	9	3326620	3231082	8	17	4	6	8	2	16
111010111100011	111010111100011	10	0	0	0	0	0	0	0	0	8
111010111101000	110010101101011	9	13249	13010	7	10	3	7	10	3	8
111010111101001	110110111101001	10	0	0	8	9	2	8	9	2	4
111010111101010	011011111101001	10	247197	230827	6	8	2	5	6	2	20
111010111101011	111001100111111	11	2484	496	0	0	0	0	0	0	8
111011000000001	010100101110000	6	21140	20464	6	30	8	4	8	3	576
111011000000010	010100101110000	6	17	2	6	21	7	5	11	5	576
111011000000011	011001000001111	7	0	0	7	19	7	6	11	4	48
111011000000100	010100101110000	6	0	0	6	29	8	5	10	4	576
111011000000101	011001000001111	7	0	0	6	19	7	5	8	3	48
111011000000110	001000100101111	7	0	0	7	25	7	5	10	4	96
111011000000111	111000100011101	8	0	0	7	13	4	3	3	1	16
111011000001001	101101100101000	7	317286	309097	7	23	7	5	15	5	128
111011000001010	101101100101000	7	79	59	4	12	6	4	6	3	128
111011000001011	001001100101111	8	0	0	8	21	5	0	0	0	24
111011000001100	101101100101000	7	0	0	7	15	6	3	5	2	128
111011000001101	011000101101011	8	0	0	8	23	6	4	6	3	32
111011000001110	011001110110100	8	0	0	7	18	5	5	8	3	48
111011000001111	110010101101011	9	0	0	6	9	3	6	6	2	8
111011000010001	001001011101001	7	0	0	7	27	7	5	12	4	576
111011000010010	001001011101001	7	0	0	7	25	8	5	6	2	576
111011000010011	111001000001111	8	0	0	8	17	6	5	7	2	32
111011000010100	001001011101001	7	0	0	7	32	8	5	12	4	576
111011000010101	111001000001111	8	0	0	7	19	5	5	8	3	32
111011000010110	111001000001111	8	0	0	8	25	7	5	7	2	32
111011000010111	011101110111000	9	0	0	8	12	3	6	10	3	24
111011000011001	011000101101011	8	0	0	6	18	5	4	6	2	32
111011000011010	011000101101011	8	0	0	8	19	5	8	18	5	32
111011000011011	110010101101011	9	0	0	9	23	6	7	11	3	8
111011000011100	011000101101011	8	0	0	4	6	2	4	6	2	32
111011000011101	111001100110110	9	0	0	7	14	4	6	6	2	96
111011000011110	110010101101011	9	0	0	7	14	4	7	11	3	8
111011000011111	010011111101011	10	0	0	7	11	3	6	9	2	24
111011000100000	010100101110000	6	16280	15777	6	30	8	4	8	4	576
111011000100001	011001000001111	7	223343	205807	5	11	5	5	9	4	48
111011000100010	101101100101000	7	1012	921	7	22	8	4	7	3	128
111011000100011	110001101101001	8	0	0	6	9	3	6	7	2	32
111011000100100	001001000101111	7	0	0	6	24	7	4	5	2	576
111011000100101	011001000101111	8	0	0	6	11	3	6	11	3	32
111011000100110	001001100101111	8	0	0	7	16	5	6	8	3	24
111011000100111	111001100111001	9	0	0	9	19	4	8	12	3	8
111011000101000	101101100101000	7	185680	176983	6	21	7	5	9	4	128
111011000101001	111011000101001	8	1477	685	0	0	0	0	0	0	96
111011000101010	011000101101011	8	3711	3602	8	21	5	7	15	5	32
111011000101011	111001100101101	9	0	0	7	11	3	6	11	3	8
111011000101100	001001100101111	8	0	0	5	9	3	5	9	3	24
111011000101101	111001100101101	9	0	0	8	17	4	4	4	1	8
111011000101110	110010101101011	9	0	0	8	13	4	8	12	3	8
111011000101111	110110111101001	10	0	0	9	13	3	9	13	3	4
111011000110000	001001011101001	7	0	0	7	25	7	5	8	3	576
111011000110001	111001000001111	8	0	0	7	15	5	4	5	2	32
111011000110010	011101011001001	8	0	0	8	23	6	6	8	3	192
111011000110011	110001011101011	9	0	0	5	8	2	5	8	2	16
111011000110100	011101011001001	8	0	0	8	23	6	6	12	4	192
111011000110101	110001011101011	9	0	0	9	21	5	8	15	4	16
111011000110110	011011101101001	9	0	0	8	16	4	6	9	3	16
111011000110111	110110111101001	10	0	0	8	12	3	8	12	3	4
111011000111000	011000101101011	8	0	0	8	21	5	7	17	5	32
111011000111001	111001100101101	9	0	0	6	7	2	6	7	2	8
111011000111010	011011101101001	9	0	0	7	13	4	6	7	3	16
111011000111011	110110111101001	10	0	0	8	12	3	8	12	3	4
111011000111100	011011101101001	9	0	0	9	22	5	6	10	3	16
111011000111101	111010111100011	10	0	0	7	11	3	7	7	2	8
111011000111110	011011111101001	10	0	0	7	13	3	7	11	3	20
111011000111111	111001100111111	11	111046	87628	8	12	3	4	4	1	8
111011001000001	101101100101000	7	21881	21478	7	27	8	6	13	4	128
111011001000010	101101100101000	7	310	279	6	16	7	6	10	5	128
111011001000011	110001101101001	8	1769	1653	5	10	3	5	10	3	32
111011001001001	111100100101001	8	71712	68408	6	15	5	6	10	3	192
111011001001010	111100100101001	8	1397	1361	8	21	5	6	9	3	192
111011001001011	011110111001001	9	0	0	9	19	4	8	15	4	32
111011001100000	101101100101000	7	24105	23693	7	20	8	4	8	3	128
111011001100001	011000101101011	8	221736	219320	8	30	7	3	4	2	32
111011001100010	011000101101011	8	9083	8833	8	18	4	7	12	3	32
111011001100011	110101101101001	9	61075	60543	8	23	6	8	16	4	32
111011001101000	111100100101001	8	202367	199111	8	16	5	5	6	2	192
111011001101001	111011001101001	9	1495	790	0	0	0	0	0	0	32
111011001101010	111011001101001	9	31666	31334	9	20	5	5	7	2	32
111011001101011	111110111001001	10	0	0	10	21	4	9	20	4	8
111011010000001	101101100101000	7	1651	1469	4	9	4	4	8	3	128
111011010000010	101101100101000	7	383	340	7	24	7	6	12	5	128
111011010000011	001001100101111	8	0	0	7	16	5	6	10	4	24
111011010001001	011100111100001	8	15728	15481	8	28	7	5	9	3	384
111011010001010	011100111100001	8	1865	1810	8	18	6	5	6	2	384
111011010001011	101011111001010	9	0	0	9	20	4	3	3	1	48
111011010100000	101101100101000	7	3344	3175	6	24	7	5	12	5	128
111011010100001	001001100101111	8	5434	4963	4	5	2	4	5	2	24
111011010100010	111100100101001	8	3906	3753	7	11	3	7	9	3	192
111011010100011	011110111001001	9	0	0	7	11	3	5	9	3	32
111011010101000	011100111100001	8	10467	10223	7	17	6	3	3	1	384
111011010101001	101011111001010	9	339246	336633	9	28	6	5	7	2	48
111011010101010	011111001101001	9	17457	17278	9	22	5	7	13	4	32
111011010101011	111100111101001	10	0	0	7	8	2	7	8	2	8
111011011000001	011000101101011	8	28443	28049	8	25	7	5	6	3	32
111011011000010	011000101101011	8	2816	2745	8	30	7	6	12	5	32
111011011000011	111001100101101	9	0	0	9	21	5	6	10	3	8
111011011001001	011111001101001	9	295347	293060	9	18	5	4	5	2	32
111011011001010	011111001101001	9	9789	9706	9	31	5	6	7	3	32
111011011001011	111100111101001	10	0	0	8	12	3	7	12	3	8
111011011100000	011000101101011	8	23569	23189	8	26	6	6	11	4	32
111011011100001	011011101101001	9	564669	560827	9	23	5	6	9	3	16
111011011100010	111011001101001	9	33152	32786	9	17	5	5	6	2	32
111011011100011	111110111001001	10	0	0	8	13	3	8	13	3	8
111011011101000	011111001101001	9	260827	258847	9	18	4	8	15	4	32
111011011101001	111011011101001	10	0	0	0	0	0	0	0	0	16
111011011101010	101111101101001	10	830644	815650	8	16	4	7	9	3	16
111011011101011	111011111101010	11	82076	80870	9	13	3	3	3	1	4
111011100000000	010100101110000	6	49	30	6	18	6	4	8	3	576
111011100000001	101101100101000	7	0	0	5	5	2	5	5	2	128
111011100000010	001001011101001	7	274	249	7	26	7	4	4	2	576
111011100000011	011000101101011	8	0	0	8	18	5	6	10	3	32
111011100000100	011001000001111	7	0	0	6	15	5	4	5	2	48
111011100000101	110001101101001	8	0	0	8	18	4	8	18	4	32
111011100000110	111001000001111	8	0	0	8	17	5	5	6	3	32
111011100000111	111001100101101	9	0	0	9	15	4	5	10	3	8
111011100001000	101101100101000	7	128	108	4	8	4	3	4	2	128
111011100001001	011000101101011	8	0	0	8	31	7	4	7	3	32
111011100001010	011101011001001	8	1044	1014	8	20	5	6	9	3	192
111011100001011	011011101101001	9	0	0	8	13	3	7	12	3	16
111011100001100	110001101101001	8	0	0	6	7	2	6	7	2	32
111011100001101	110101101101001	9	0	0	8	11	3	7	8	2	32
111011100001110	110001011101011	9	0	0	9	25	5	7	12	3	16
111011100001111	111010111100011	10	0	0	4	4	1	4	4	1	8
111011100010000	001001011101001	7	0	0	7	24	7	5	8	3	576
111011100010001	011101011001001	8	0	0	8	23	6	6	12	4	192
111011100010010	011101011001001	8	0	0	8	23	6	6	8	3	192
111011100010011	011011101101001	9	0	0	9	23	6	6	9	3	16
111011100010100	111001000001111	8	0	0	7	15	5	4	5	2	32
111011100010101	110001011101011	9	0	0	9	21	5	8	15	4	16
111011100010110	110001011101011	9	0	0	5	8	2	5	8	2	16
111011100010111	110110111101001	10	0	0	8	12	3	8	12	3	4
111011100011000	011000101101011	8	0	0	8	25	6	7	17	5	32
111011100011001	011011101101001	9	0	0	9	22	5	6	10	3	16
111011100011010	011011101101001	9	0	0	7	13	4	6	7	3	16
111011100011011	011011111101001	10	0	0	7	13	3	7	11	3	20
111011100011100	111001100101101	9	0	0	6	7	2	6	7	2	8
111011100011101	111010111100011	10	0	0	7	11	3	7	7	2	8
111011100011110	110110111101001	10	0	0	8	12	3	8	12	3	4
111011100011111	111001100111111	11	85806	67568	8	12	3	4	4	1	8
111011100100000	011001000001111	7	1646	1523	7	17	6	5	9	4	48
111011100100001	110001101101001	8	0	0	8	24	6	8	18	4	32
111011100100010	011000101101011	8	13585	13275	8	32	7	4	7	3	32
111011100100011	110101101101001	9	108015	107465	9	25	5	7	8	2	32
111011100100100	011001000101111	8	0	0	5	7	2	5	7	2	32
111011100100101	111101010011100	9	0	0	3	3	1	3	3	1	64
111011100100110	111001100101101	9	0	0	9	19	5	3	3	1	8
111011100100111	111100011111100	10	0	0	8	12	3	8	12	3	16
111011100101000	001001100101111	8	5097	4938	7	11	4	5	9	3	24
111011100101001	111001100101101	9	0	0	9	20	5	0	0	0	8
111011100101010	011011101101001	9	13931	13674	7	19	4	4	5	2	16
111011100101011	111010111100011	10	0	0	7	11	3	3	3	1	8
111011100101100	111001100111001	9	0	0	8	15	3	7	8	2	8
111011100101101	111100011111100	10	0	0	7	8	2	6	8	2	16
111011100101110	110110111101001	10	0	0	7	8	2	7	8	2	4
111011100101111	011101111111100	11	45435	26274	6	8	2	6	8	2	8
111011100110000	111001000001111	8	0	0	7	15	5	6	8	3	32
111011100110001	110001011101011	9	0	0	8	17	5	5	7	2	16
111011100110010	011011101101001	9	0	0	8	17	4	6	8	2	16
111011100110011	111010111100011	10	0	0	0	0	0	0	0	0	8
111011100110100	110001011101011	9	0	0	8	17	5	5	7	2	16
111011100110101	011101111101100	10	0	0	6	8	2	4	4	1	64
111011100110110	111010111100011	10	0	0	0	0	0	0	0	0	8
111011100110111	011101111111100	11	88793	70699	8	12	3	8	12	3	8
111011100111000	110010101101011	9	0	0	7	10	3	7	10	3	8
111011100111001	110110111101001	10	0	0	8	9	2	8	9	2	4
111011100111010	011011111101001	10	0	0	8	16	4	5	6	2	20
111011100111011	111001100111111	11	28902	3075	0	0	0	0	0	0	8
111011100111100	110110111101001	10	0	0	8	9	2	8	9	2	4
111011100111101	011101111111100	11	36050	19307	6	8	2	6	8	2	8
111011100111110	111001100111111	11	27467	2919	0	0	0	0	0	0	8
111011100111111	111011100111111	12	0	0	0	0	0	0	0	0	32
111011101000000	101101100101000	7	354	314	5	12	5	4	8	3	128
111011101000001	011000101101011	8	7372	7228	8	30	7	3	4	2	32
111011101000010	011000101101011	8	2219	2167	8	18	4	7	12	3	32
111011101000011	110101101101001	9	48413	47947	8	23	6	8	16	4	32
111011101001000	111100100101001	8	2069	2023	8	16	5	5	6	2	192
111011101001001	111011001101001	9	83	32	0	0	0	0	0	0	32
111011101001010	111011001101001	9	6673	6613	9	20	5	5	7	2	32
111011101001011	111110111001001	10	0	0	10	21	4	9	20	4	8
111011101100000	110001101101001	8	2384	2164	4	4	1	4	4	1	32
111011101100001	110101101101001	9	48304	47746	9	14	4	5	5	1	32
111011101100010	110101101101001	9	129057	128257	9	25	6	7	17	4	32
111011101100011	111011101100011	10	0	0	0	0	0	0	0	0	288
111011101101000	011110111001001	9	8429	8046	5	7	2	5	7	2	32
111011101101001	111110111001001	10	147803	146873	9	18	4	7	8	2	8
111011101101010	111110111001001	10	1156866	1125034	8	13	3	8	13	3	8
111011101101011	111001111101011	11	4554	3693	5	5	1	5	5	1	32
111011110000000	101101100101000	7	425	385	7	21	7	6	11	4	128
111011110000001	011000101101011	8	0	0	6	13	4	6	9	3	32
111011110000010	011101011001001	8	5277	5136	8	22	5	2	4	2	192
111011110000011	011011101101001	9	0	0	9	14	3	2	2	1	16
111011110001000	011100111100001	8	2153	2099	8	28	7	6	10	3	384
111011110001001	011111001101001	9	0	0	9	19	4	7	14	4	32
111011110001010	101011011101001	9	19508	19333	9	18	5	2	2	1	576
111011110001011	111011011101001	10	0	0	10	23	5	4	6	2	16
111011110100000	111011000101001	8	5490	5318	7	15	4	3	3	1	96
111011110100001	111001100101101	9	0	0	7	12	3	3	3	1	8
111011110100010	111011001101001	9	3572	3094	3	3	1	3	3	1	32
111011110100011	111110111001001	10	0	0	9	13	3	8	14	3	8
111011110101000	101011111001010	9	12537	12303	7	13	4	6	10	3	48
111011110101001	111100111101001	10	0	0	9	17	3	8	9	2	8
111011110101010	111011011101001	10	56456	47746	3	3	1	3	3	1	16
111011110101011	111011111101010	11	60641	59335	8	13	3	5	5	1	4
111011111000000	011000101101011	8	3135	3058	8	24	6	6	6	2	32
111011111000001	111001100110110	9	0	0	8	17	4	4	5	2	96
111011111000010	011011101101001	9	27928	27698	9	23	6	5	6	2	16
111011111000011	111010111100011	10	0	0	8	16	3	7	16	3	8
111011111001000	011111001101001	9	10928	10837	9	25	5	7	14	4	32
111011111001001	101111101101001	10	0	0	9	18	4	5	7	2	16
111011111001010	111011011101001	10	2257389	2237842	10	21	5	6	8	2	16
111011111001011	111011111101010	11	27880	26659	6	12	3	6	12	3	4
111011111100000	111001100101101	9	6455	6163	5	7	2	5	7	2	8
111011111100001	111010111100011	10	0	0	8	15	4	5	6	2	8
111011111100010	111110111001001	10	2360002	2326408	9	19	4	9	19	4	8
111011111100011	111001111101011	11	15840	14855	6	9	2	6	9	2	32
111011111101000	111100111101001	10	3601195	3574717	10	21	4	8	9	2	8
111011111101001	111011111101010	11	15186	13471	6	9	2	6	9	2	4
111011111101010	111011111101010	11	0	0	0	0	0	0	0	0	4
111011111101011	111011111101011	12	0	0	0	0	0	0	0	0	24
111100000000100	000010011001001	5	2901	2818	5	17	7	4	6	2	3840
111100000001000	000010011001001	5	3607	3501	5	26	9	4	7	3	3840
111100000001001	010100101110000	6	4330	4256	6	18	6	5	7	3	576
111100000001100	001100101110000	6	174606	168717	6	14	5	4	6	3	384
111100000010000	000010011001001	5	3491	3386	5	22	9	5	8	4	3840
111100000010100	001100101110000	6	109605	105756	6	10	4	3	4	2	384
111100000011000	001100101110000	6	175400	168841	6	14	5	3	4	2	384
111100000011100	111100000011100	7	1659	472	0	0	0	0	0	0	192
111100000100100	010100101110000	6	2966	2476	6	30	8	5	8	2	576
111100000101000	010100101110000	6	3334	3276	6	19	7	5	12	4	576
111100000101001	101101100101000	7	33702	33135	7	19	7	3	5	2	128
111100000101100	011001000001111	7	14847	13806	7	18	7	5	9	3	48
111100000110000	010100101110000	6	0	0	6	19	6	5	8	3	576
111100000110100	101101100101000	7	8031	6991	5	5	2	4	6	3	128
111100000111000	011001000001111	7	0	0	6	19	6	5	9	3	48
111100000111100	110001101101001	8	64507	62237	8	18	4	7	14	3	32
111100001000100	010100101110000	6	3507	2949	6	17	7	5	9	4	576
111100001001000	010100101110000	6	2395	2237	6	28	8	5	7	3	576
111100001001001	101101100101000	7	23292	22589	7	19	7	5	10	3	128
111100001001100	011001000001111	7	13668	12502	6	15	5	5	9	4	48
111100001010000	010100101110000	6	1499	1187	6	17	6	5	7	3	576
111100001010100	011001000001111	7	15615	14041	6	15	5	5	8	3	48
111100001011000	101101100101000	7	5913	5041	5	7	3	5	7	3	128
111100001011100	110001101101001	8	105603	101858	8	18	4	8	16	4	32
111100001100100	101101100101000	7	16337	15096	7	20	7	5	9	3	128
111100001101000	101101100101000	7	2724	2534	5	11	4	5	9	3	128
111100001101001	011100111100001	8	58546	57771	8	26	7	6	13	4	384
111100001101100	110001101101001	8	59847	57106	7	8	2	7	8	2	32
111100001110000	101101100101000	7	14912	13519	7	23	7	6	9	3	128
111100001110100	011000101101011	8	26087	21657	4	9	3	4	9	3	32
111100001111000	011000101101011	8	40669	37121	6	14	4	6	8	3	32
111100001111100	110101101101001	9	1338536	1295251	9	15	4	8	9	2	32
111100010000000	000010011001001	5	697	598	5	24	9	5	8	4	3840
111100010000001	010100101110000	6	5633	5284	6	31	8	5	9	4	576
111100010000100	001100101110000	6	10986	10258	6	10	4	3	4	2	384
111100010001000	001100101110000	6	3716	3495	6	14	5	3	4	2	384
111100010001001	011001000001111	7	17216	16563	6	12	5	5	9	4	48
111100010001100	111100000011100	7	2084	629	0	0	0	0	0	0	192
111100010010000	001100101110000	6	0	0	6	18	6	5	9	4	384
111100010010100	111100000011100	7	12148	10558	4	6	2	4	6	2	192
111100010011000	111100000011100	7	0	0	4	6	2	3	4	2	192
111100010011100	111010100100101	8	257340	206823	3	3	1	3	3	1	768
111100010100000	010100101110000	6	2732	2489	6	32	8	5	8	4	576
111100010100001	101101100101000	7	15753	15012	6	23	7	6	12	5	128
111100010100100	011001000001111	7	15779	14273	6	13	6	5	10	3	48
111100010101000	001001000101111	7	10338	9843	6	20	6	5	7	3	576
111100010101001	001001100101111	8	28478	27136	5	9	3	5	9	3	24
111100010101100	011001000101111	8	52076	48825	6	11	3	6	11	3	32
111100010110000	011001000001111	7	0	0	6	13	6	6	9	3	48
111100010110100	110001101101001	8	89750	86493	8	22	5	8	22	5	32
111100010111000	011001000101111	8	0	0	6	11	3	6	11	3	32
111100010111100	111101010011100	9	294974	224512	3	3	1	3	3	1	64
111100011000000	010100101110000	6	3107	2924	6	30	8	5	9	4	576
111100011000001	101101100101000	7	15157	14567	6	20	7	5	9	4	128
111100011000100	001001000101111	7	20213	18420	6	23	7	5	8	3	576
111100011001000	011001000001111	7	5604	5230	5	12	6	5	9	4	48
111100011001001	111011000101001	8	7640	5873	2	2	1	2	2	1	96
111100011001100	011001000101111	8	86053	82503	7	10	3	6	12	4	32
111100011010000	011001000001111	7	7273	6261	5	12	6	5	8	3	48
111100011010100	011001000101111	8	74636	69954	6	10	3	6	10	3	32
111100011011000	110001101101001	8	70622	68019	8	19	5	8	19	5	32
111100011011100	111101010011100	9	161973	56346	0	0	0	0	0	0	64
111100011100000	101101100101000	7	11833	11419	7	24	7	5	12	5	128
111100011100001	011100111100001	8	40502	39230	6	17	6	0	0	0	384
111100011100100	001001100101111	8	60868	57071	6	9	3	6	9	3	24
111100011101000	001001100101111	8	15682	14794	5	9	3	5	9	3	24
111100011101001	101011111001010	9	1675363	1651833	9	23	5	6	8	3	48
111100011101100	111001100111001	9	2570482	2437316	8	15	4	7	8	2	8
111100011110000	111011000101001	8	46149	42379	6	7	2	5	6	2	96
111100011110100	111001100101101	9	1397326	1331993	8	16	4	6	7	2	8
111100011111000	111001100101101	9	1365403	1277032	8	15	4	5	6	2	8
111100011111100	111100011111100	10	0	0	0	0	0	0	0	0	16
111100100000100	010100101110000	6	0	0	6	30	8	5	8	2	576
111100100001000	010100101110000	6	915	905	6	19	7	5	12	4	576
111100100001001	101101100101000	7	22981	22558	7	19	7	3	5	2	128
111100100001100	011001000001111	7	0	0	7	18	7	5	9	3	48
111100100010000	010100101110000	6	0	0	6	32	8	5	8	4	576
111100100010100	011001000001111	7	0	0	6	13	6	5	10	3	48
111100100011000	001001000101111	7	0	0	6	20	6	5	7	3	576
111100100011100	011001000101111	8	0	0	6	11	3	6	11	3	32
111100100100100	101101100101000	7	0	0	7	26	8	6	13	4	128
111100100101000	101101100101000	7	29649	29152	7	27	8	6	12	5	128
111100100101001	111100100101001	8	727	349	0	0	0	0	0	0	192
111100100101100	111011000101001	8	0	0	7	8	2	5	7	2	96
111100100110000	101101100101000	7	0	0	7	23	8	4	8	3	128
111100100110100	011000101101011	8	0	0	8	30	7	6	9	3	32
111100100111000	001001100101111	8	0	0	7	13	4	5	9	3	24
111100100111100	111001100101101	9	0	0	6	11	3	6	11	3	8
111100101000100	001001011101001	7	0	0	7	26	7	5	7	3	576
111100101001000	001001011101001	7	9905	9591	7	25	7	6	10	3	576
111100101001001	011000101101011	8	30015	29011	6	16	4	4	6	2	32
111100101001100	111001000001111	8	0	0	6	10	4	5	8	3	32
111100101010000	001001011101001	7	0	0	7	27	8	5	8	4	576
111100101010100	111001000001111	8	0	0	7	16	5	5	8	3	32
111100101011000	011101011001001	8	0	0	8	23	6	7	12	4	192
111100101011100	110001011101011	9	0	0	9	17	5	8	17	4	16
111100101100100	011000101101011	8	0	0	8	24	7	6	9	3	32
111100101101000	011000101101011	8	17516	17290	8	30	7	7	13	4	32
111100101101001	011111001101001	9	271027	268788	8	17	4	8	16	4	32
111100101101100	111001100101101	9	0	0	8	9	2	6	11	3	8
111100101110000	011000101101011	8	0	0	8	25	6	5	5	2	32
111100101110100	111001100110110	9	0	0	9	20	5	7	9	3	96
111100101111000	011011101101001	9	0	0	9	27	6	7	13	4	16
111100101111100	111010111100011	10	0	0	8	14	4	8	11	3	8
111100110000000	010100101110000	6	3018	2837	6	19	6	5	8	3	576
111100110000001	101101100101000	7	5915	5345	4	10	4	4	5	2	128
111100110000100	101101100101000	7	0	0	5	5	2	4	6	3	128
111100110001000	011001000001111	7	8501	8141	6	19	6	5	9	3	48
111100110001001	110001101101001	8	51946	51061	7	8	2	7	8	2	32
111100110001100	110001101101001	8	0	0	8	18	4	7	14	3	32
111100110010000	011001000001111	7	0	0	6	16	6	6	9	3	48
111100110010100	110001101101001	8	0	0	8	24	6	8	22	5	32
111100110011000	011001000101111	8	0	0	6	11	3	6	11	3	32
111100110011100	111101010011100	9	0	0	3	3	1	3	3	1	64
111100110100000	101101100101000	7	8190	7761	6	14	5	4	8	3	128
111100110100001	111100100101001	8	85917	84774	8	13	4	3	3	1	192
111100110100100	011000101101011	8	0	0	8	30	7	6	9	3	32
111100110101000	001001100101111	8	40237	39484	7	13	4	5	9	3	24
111100110101001	011110111001001	9	944386	912615	6	8	2	6	8	2	32
111100110101100	111001100101101	9	0	0	6	11	3	6	11	3	8
111100110110000	110001101101001	8	0	0	5	5	1	5	5	1	32
111100110110100	110101101101001	9	0	0	7	9	3	6	6	1	32
111100110111000	111001100111001	9	0	0	9	24	5	7	9	2	8
111100110111100	111100011111100	10	0	0	6	9	2	6	9	2	16
111100111000000	001001011101001	7	11293	10982	7	26	8	5	8	3	576
111100111000001	011000101101011	8	75841	74940	8	18	4	7	18	5	32
111100111000100	011101011001001	8	0	0	7	19	5	6	12	4	192
111100111001000	111001000001111	8	17538	16969	6	14	5	5	9	3	32
111100111001001	111001100101101	9	1061385	1005706	7	8	2	7	8	2	8
111100111001100	110001011101011	9	0	0	9	18	5	8	21	5	16
111100111010000	111001000001111	8	0	0	6	14	5	6	9	3	32
111100111010100	110001011101011	9	0	0	8	20	5	8	13	3	16
111100111011000	110001011101011	9	0	0	9	17	5	8	15	3	16
111100111011100	011101111101100	10	0	0	7	11	2	0	0	0	64
111100111100000	011000101101011	8	46757	46120	8	27	6	6	10	3	32
111100111100001	011111001101001	9	981933	971263	9	18	4	8	15	4	32
111100111100100	011011101101001	9	0	0	8	19	4	6	9	3	16
111100111101000	110010101101011	9	964885	919485	7	11	3	6	7	2	8
111100111101001	111100111101001	10	410	205	0	0	0	0	0	0	8
111100111101100	110110111101001	10	0	0	0	0	0	0	0	0	4
111100111110000	111001100101101	9	0	0	7	9	2	7	9	2	8
111100111110100	111010111100011	10	0	0	9	20	5	8	11	3	8
111100111111000	110110111101001	10	1	0	7	10	2	7	10	2	4
111100111111100	011101111111100	11	79132	68170	8	9	2	5	5	1	8
111101000000100	010100101110000	6	12023	11407	6	17	7	5	9	4	576
111101000001000	010100101110000	6	9277	8719	6	28	8	5	7	3	576
111101000001001	101101100101000	7	2746	2646	7	19	7	5	10	3	128
111101000001100	011001000001111	7	42418	40820	6	15	5	5	9	4	48
111101000010000	010100101110000	6	0	0	6	30	8	5	9	4	576
111101000010100	001001000101111	7	33941	32815	6	23	7	5	8	3	576
111101000011000	011001000001111	7	16641	15548	5	12	6	5	9	4	48
111101000011100	011001000101111	8	872360	813850	7	10	3	6	12	4	32
111101000100100	001001011101001	7	0	0	7	25	7	5	7	3	576
111101000101000	001001011101001	7	2041	1964	7	26	7	6	10	4	576
111101000101001	011000101101011	8	4286	4163	6	16	4	4	6	2	32
111101000101100	111001000001111	8	0	0	6	10	4	5	8	3	32
111101000110000	001001011101001	7	0	0	7	27	8	5	8	3	576
111101000110100	011101011001001	8	0	0	7	19	5	6	12	4	192
111101000111000	111001000001111	8	0	0	6	14	5	5	9	3	32
111101000111100	110001011101011	9	0	0	9	18	5	8	21	5	16
111101001000100	101101100101000	7	0	0	6	25	8	5	13	6	128
111101001001000	101101100101000	7	2264	2179	7	24	8	6	16	5	128
111101001001001	111100100101001	8	16827	16270	6	16	5	6	14	4	192
111101001001100	111011000101001	8	0	0	8	18	5	4	6	2	96
111101001010000	101101100101000	7	0	0	7	21	8	3	6	3	128
111101001010100	001001100101111	8	0	0	8	11	4	6	8	3	24
111101001011000	011000101101011	8	0	0	8	30	7	4	7	3	32
111101001011100	111001100101101	9	0	0	7	16	4	5	8	2	8
111101001100100	011000101101011	8	0	0	8	27	7	7	14	4	32
111101001101000	011000101101011	8	7573	7476	8	21	7	6	8	3	32
111101001101001	011111001101001	9	149032	147926	9	15	5	4	7	2	32
111101001101100	111001100101101	9	0	0	8	11	3	7	8	2	8
111101001110000	011000101101011	8	0	0	8	22	6	5	6	2	32
111101001110100	011011101101001	9	0	0	9	25	6	7	16	5	16
111101001111000	111001100110110	9	0	0	8	24	5	6	8	3	96
111101001111100	111010111100011	10	0	0	7	13	4	7	11	3	8
111101010000000	010100101110000	6	119	82	6	17	6	5	7	3	576
111101010000001	101101100101000	7	411	349	3	7	4	2	2	1	128
111101010000100	011001000001111	7	29100	28124	6	15	5	5	8	3	48
111101010001000	101101100101000	7	15035	14032	5	7	3	5	7	3	128
111101010001001	011000101101011	8	6296	6191	8	28	7	4	7	3	32
111101010001100	110001101101001	8	836817	808105	8	18	4	8	16	4	32
111101010010000	011001000001111	7	0	0	6	15	6	5	8	3	48
111101010010100	011001000101111	8	560825	503523	6	10	3	6	10	3	32
111101010011000	110001101101001	8	1025821	984102	8	23	6	8	19	5	32
111101010011100	111101010011100	9	0	0	0	0	0	0	0	0	64
111101010100000	001001011101001	7	617	569	7	26	8	5	8	4	576
111101010100001	011000101101011	8	5156	5063	8	21	5	7	20	6	32
111101010100100	111001000001111	8	0	0	7	16	5	5	8	3	32
111101010101000	011101011001001	8	3792	3718	8	23	6	7	12	4	192
111101010101001	011011101101001	9	71099	69957	8	18	4	7	13	4	16
111101010101100	110001011101011	9	0	0	9	17	5	8	17	4	16
111101010110000	111001000001111	8	0	0	7	16	5	6	9	3	32
111101010110100	110001011101011	9	0	0	8	20	5	8	13	3	16
111101010111000	110001011101011	9	0	0	9	17	5	8	15	3	16
111101010111100	011101111101100	10	0	0	8	8	2	0	0	0	64
111101011000000	101101100101000	7	335	290	4	12	5	3	6	3	128
111101011000001	111100100101001	8	3914	3839	8	17	5	5	7	2	192
111101011000100	001001100101111	8	0	0	8	11	4	6	8	3	24
111101011001000	011000101101011	8	3821	3749	8	30	7	4	7	3	32
111101011001001	111011001101001	9	703	578	2	2	1	2	2	1	32
111101011001100	111001100101101	9	0	0	7	16	4	5	8	2	8
111101011010000	110001101101001	8	0	0	7	7	1	7	7	1	32
111101011010100	111001100111001	9	0	0	9	25	5	7	7	2	8
111101011011000	110101101101001	9	0	0	9	17	4	8	8	1	32
111101011011100	111100011111100	10	0	0	5	7	2	5	7	2	16
111101011100000	011000101101011	8	2684	2628	8	24	6	7	16	5	32
111101011100001	011111001101001	9	17425	17320	9	17	4	8	19	5	32
111101011100100	110010101101011	9	0	0	7	10	3	7	8	2	8
111101011101000	011011101101001	9	9463	9377	8	21	5	7	12	4	16
111101011101001	111011011101001	10	7876	6576	3	3	1	3	3	1	16
111101011101100	110110111101001	10	0	0	5	5	1	5	5	1	4
111101011110000	111001100101101	9	0	0	8	8	2	6	11	3	8
111101011110100	110110111101001	10	0	0	6	9	2	6	9	2	4
111101011111000	111010111100011	10	0	0	8	17	5	7	9	3	8
111101011111100	011101111111100	11	112366	94143	8	8	2	0	0	0	8
111101100000100	101101100101000	7	0	0	7	20	7	5	9	3	128
111101100001000	101101100101000	7	1083	1006	5	11	4	5	9	3	128
111101100001001	011100111100001	8	9429	9305	8	26	7	6	13	4	384
111101100001100	110001101101001	8	0	0	7	8	2	7	8	2	32
111101100010000	101101100101000	7	0	0	7	24	7	5	12	5	128
111101100010100	001001100101111	8	0	0	6	9	3	6	9	3	24
111101100011000	001001100101111	8	0	0	5	9	3	5	9	3	24
111101100011100	111001100111001	9	0	0	8	15	4	7	8	2	8
111101100100100	011000101101011	8	0	0	8	24	7	6	9	3	32
111101100101000	011000101101011	8	3596	3565	8	30	7	7	13	4	32
111101100101001	011111001101001	9	144791	143746	8	17	4	8	16	4	32
111101100101100	111001100101101	9	0	0	8	9	2	6	11	3	8
111101100110000	011000101101011	8	0	0	8	27	6	6	10	3	32
111101100110100	011011101101001	9	0	0	8	19	4	6	9	3	16
111101100111000	110010101101011	9	0	0	8	14	4	6	7	2	8
111101100111100	110110111101001	10	0	0	0	0	0	0	0	0	4
111101101000100	011000101101011	8	0	0	8	27	7	7	14	4	32
111101101001000	011000101101011	8	7423	7325	8	21	7	6	8	3	32
111101101001001	011111001101001	9	128125	127169	9	15	5	4	7	2	32
111101101001100	111001100101101	9	0	0	8	11	3	7	8	2	8
111101101010000	011000101101011	8	0	0	8	24	6	7	16	5	32
111101101010100	110010101101011	9	0	0	8	15	4	7	8	2	8
111101101011000	011011101101001	9	0	0	8	21	5	7	12	4	16
111101101011100	110110111101001	10	0	0	5	5	1	5	5	1	4
111101101100100	110101101101001	9	0	0	9	25	5	6	6	1	32
111101101101000	110101101101001	9	213246	212273	9	25	5	0	0	0	32
111101101101001	111101101101001	10	375	193	0	0	0	0	0	0	48
111101101101100	111100011111100	10	0	0	8	9	2	6	9	2	16
111101101110000	110101101101001	9	0	0	9	17	6	7	10	2	32
111101101110100	111010111100011	10	0	0	8	15	4	8	11	3	8
111101101111000	111010111100011	10	0	0	8	15	4	8	11	3	8
111101101111100	011101111111100	11	73398	49391	6	9	2	5	5	1	8
111101110000000	101101100101000	7	644	596	7	23	7	6	9	3	128
111101110000001	011100111100001	8	4414	4329	8	30	7	6	12	4	384
111101110000100	011000101101011	8	0	0	4	9	3	4	9	3	32
111101110001000	011000101101011	8	2156	2078	6	14	4	6	8	3	32
111101110001001	011111001101001	9	92446	91522	8	19	4	8	13	3	32
111101110001100	110101101101001	9	0	0	9	15	4	8	9	2	32
111101110010000	111011000101001	8	0	0	8	19	5	5	6	2	96
111101110010100	111001100101101	9	0	0	8	16	4	6	7	2	8
111101110011000	111001100101101	9	0	0	8	15	4	5	6	2	8
111101110011100	111100011111100	10	0	0	0	0	0	0	0	0	16
111101110100000	011000101101011	8	2942	2879	8	25	6	5	5	2	32
111101110100001	011111001101001	9	83475	82828	9	26	5	8	16	4	32
111101110100100	111001100110110	9	0	0	9	20	5	7	9	3	96
111101110101000	011011101101001	9	154631	153579	9	27	6	7	13	4	16
111101110101001	111101110101001	10	463	214	0	0	0	0	0	0	64
111101110101100	111010111100011	10	0	0	8	14	4	8	11	3	8
111101110110000	111001100101101	9	0	0	8	12	3	7	9	2	8
111101110110100	111010111100011	10	0	0	9	20	5	8	11	3	8
111101110111000	110110111101001	10	0	0	7	10	2	7	10	2	4
111101110111100	011101111111100	11	190852	171414	9	9	1	5	5	1	8
111101111000000	011000101101011	8	2746	2690	8	22	6	5	6	2	32
111101111000001	011111001101001	9	15742	15641	9	25	5	8	16	4	32
111101111000100	011011101101001	9	0	0	9	25	6	7	16	5	16
111101111001000	111001100110110	9	9953	9863	8	24	5	6	8	3	96
111101111001001	101111101101001	10	262637	261180	10	18	4	4	6	2	16
111101111001100	111010111100011	10	0	0	7	13	4	7	11	3	8
111101111010000	111001100101101	9	0	0	6	11	3	6	11	3	8
111101111010100	110110111101001	10	0	0	6	9	2	6	9	2	4
111101111011000	111010111100011	10	0	0	8	17	5	7	9	3	8
111101111011100	011101111111100	11	89781	69818	6	6	1	0	0	0	8
111101111100000	110101101101001	9	12353	12269	9	19	5	7	10	2	32
111101111100001	111101101101001	10	181836	181233	10	18	4	10	16	3	48
111101111100100	111010111100011	10	0	0	10	16	4	8	11	3	8
111101111101000	111010111100011	10	108393	107208	8	16	4	8	11	3	8
111101111101001	111101111101001	11	0	0	0	0	0	0	0	0	8
111101111101100	011101111111100	11	65060	37887	6	9	2	5	5	1	8
111101111110000	111100011111100	10	0	0	6	9	2	6	9	2	16
111101111110100	011101111111100	11	64778	41792	8	9	2	8	9	2	8
111101111111000	011101111111100	11	61492	33446	6	9	2	6	9	2	8
111101111111100	111101111111100	12	0	0	0	0	0	0	0	0	96
111110000000000	000010011001001	5	738	638	5	21	8	5	9	3	3840
111110000000001	010100101110000	6	2525	2363	6	21	6	5	8	3	576
111110000001000	010100101110000	6	4152	3889	6	17	6	5	8	3	576
111110000001001	101101100101000	7	8509	8130	6	16	6	6	12	4	128
111110000100000	010100101110000	6	0	0	6	22	6	4	6	2	576
111110000100001	101101100101000	7	0	0	6	17	6	6	12	4	128
111110000101000	001001011101001	7	0	0	7	22	7	4	5	2	576
111110000101001	011000101101011	8	0	0	8	19	6	7	12	3	32
111110001000000	010100101110000	6	7318	6908	6	20	6	4	6	2	576
111110001000001	101101100101000	7	15322	14708	6	14	6	6	9	3	128
111110001001000	101101100101000	7	23574	22597	6	15	6	6	11	4	128
111110001001001	111100100101001	8	151968	150105	8	18	4	6	12	3	192
111110001100000	101101100101000	7	0	0	7	18	6	4	8	3	128
111110001100001	011100111100001	8	0	0	7	20	6	5	9	3	384
111110001101000	011000101101011	8	0	0	8	22	6	7	15	4	32
111110001101001	011111001101001	9	39154	38790	8	15	4	5	5	1	32
111110010000000	010100101110000	6	2986	2797	6	20	6	4	6	2	576
111110010000001	001001011101001	7	11207	10843	7	23	8	4	4	2	576
111110010001000	101101100101000	7	16771	16051	6	15	6	6	11	4	128
111110010001001	011000101101011	8	85961	84817	8	24	6	7	13	4	32
111110010100000	001001011101001	7	0	0	7	25	8	3	3	1	576
111110010100001	011101011001001	8	0	0	8	19	6	4	4	1	192
111110010101000	011101011001001	8	0	0	8	19	6	6	6	1	192
111110010101001	011011101101001	9	0	0	8	14	4	6	7	2	16
111110011000000	001001011101001	7	23063	22468	7	27	8	4	4	1	576
111110011000001	011101011001001	8	75319	74447	8	20	6	5	5	1	192
111110011001000	011000101101011	8	156696	154931	8	23	6	8	17	5	32
111110011001001	111011001101001	9	1491000	1470520	9	20	5	6	6	2	32
111110011100000	011101011001001	8	0	0	8	18	5	5	6	2	192
111110011100001	101011011101001	9	0	0	9	20	6	4	4	1	576
111110011101000	011011101101001	9	0	0	9	18	5	6	7	2	16
111110011101001	111011011101001	10	73948	73279	10	21	5	7	7	2	16
111110100000000	010100101110000	6	3038	2851	6	22	6	4	6	2	576
111110100000001	101101100101000	7	6473	6184	6	17	6	6	12	4	128
111110100001000	001001011101001	7	15679	15235	7	22	7	4	5	2	576
111110100001001	011000101101011	8	46100	45498	8	19	6	7	12	3	32
111110100100000	101101100101000	7	0	0	7	21	7	6	12	4	128
111110100100001	111100100101001	8	0	0	6	10	3	6	10	3	192
111110100101000	011101011001001	8	0	0	8	25	7	5	7	2	192
111110100101001	111011001101001	9	0	0	9	22	5	6	8	2	32
111110101000000	001001011101001	7	26289	25609	7	25	8	3	3	1	576
111110101000001	011000101101011	8	79539	78625	8	17	5	8	15	4	32
111110101001000	011101011001001	8	124651	123230	8	19	6	6	6	1	192
111110101001001	111011001101001	9	1449604	1433924	9	21	5	6	7	2	32
111110101100000	011000101101011	8	0	0	8	26	7	7	11	3	32
111110101100001	011111001101001	9	0	0	9	21	5	7	8	2	32
111110101101000	011011101101001	9	0	0	7	17	4	4	4	1	16
111110101101001	101111101101001	10	61293	60753	8	19	4	5	5	1	16
111110110000000	101101100101000	7	8776	8394	6	17	6	4	8	3	128
111110110000001	011000101101011	8	47886	47242	8	19	6	7	12	3	32
111110110001000	011000101101011	8	85589	84518	8	22	6	7	15	4	32
111110110001001	110101101101001	9	2456960	2406787	9	18	5	8	12	3	32
111110110100000	011000101101011	8	0	0	8	26	7	7	11	3	32
111110110100001	111011001101001	9	0	0	8	16	4	4	4	1	32
111110110101000	011011101101001	9	0	0	8	11	3	4	4	1	16
111110110101001	111110111001001	10	0	0	7	9	2	6	9	2	8
111110111000000	011101011001001	8	81964	81028	8	20	6	5	6	2	192
111110111000001	011011101101001	9	1150637	1135497	9	22	5	6	7	2	16
111110111001000	011011101101001	9	1648928	1619274	9	18	5	6	7	2	16
111110111001001	111110111001001	10	0	0	0	0	0	0	0	0	8
111110111100000	011011101101001	9	0	0	9	21	5	6	8	2	16
111110111100001	111011011101001	10	0	0	8	16	4	4	4	1	16
111110111101000	011011111101001	10	0	0	6	8	2	4	4	1	20
111110111101001	111011111101010	11	96443	95665	11	19	4	8	13	3	4
111111000000000	010100101110000	6	0	0	6	20	6	4	6	2	576
111111000000001	101101100101000	7	0	0	6	14	6	6	9	3	128
111111000001000	101101100101000	7	0	0	6	15	6	6	11	4	128
111111000001001	111100100101001	8	31671	31235	8	18	4	6	12	3	192
111111000100000	001001011101001	7	0	0	7	25	8	3	3	1	576
111111000100001	011000101101011	8	0	0	8	17	5	8	15	4	32
111111000101000	011101011001001	8	0	0	8	19	6	6	6	1	192
111111000101001	111011001101001	9	69053	68111	9	21	5	6	7	2	32
111111001000000	101101100101000	7	0	0	6	19	7	6	13	5	128
111111001000001	111100100101001	8	12168	11793	8	14	4	7	14	4	192
111111001001000	111100100101001	8	32100	31620	8	17	4	7	13	4	192
111111001001001	111111001001001	9	259	96	0	0	0	0	0	0	768
111111001100000	011000101101011	8	0	0	8	23	7	8	16	4	32
111111001100001	011111001101001	9	50545	50200	9	20	5	6	7	2	32
111111001101000	111011001101001	9	83162	82237	9	17	4	5	5	1	32
111111001101001	111111001101001	10	192	63	0	0	0	0	0	0	64
111111010000000	101101100101000	7	0	0	6	17	6	5	11	4	128
111111010000001	011000101101011	8	0	0	8	20	6	7	15	4	32
111111010001000	011100111100001	8	0	0	7	19	6	5	11	3	384
111111010001001	011111001101001	9	0	0	9	16	4	6	6	1	32
111111010100000	011101011001001	8	0	0	8	18	5	6	6	2	192
111111010100001	011011101101001	9	0	0	9	20	5	6	7	2	16
111111010101000	101011011101001	9	0	0	8	18	6	4	4	1	576
111111010101001	111011011101001	10	77908	77162	9	21	5	6	7	2	16
111111011000000	011000101101011	8	0	0	8	27	7	8	13	4	32
111111011000001	111011001101001	9	0	0	9	19	4	6	6	1	32
111111011001000	011111001101001	9	0	0	9	24	5	6	6	2	32
111111011001001	111111001101001	10	5406	4492	3	3	1	3	3	1	64
111111011100000	011011101101001	9	0	0	9	20	5	6	7	2	16
111111011100001	111011011101001	10	91502	90879	10	20	4	7	7	1	16
111111011101000	111011011101001	10	80724	80034	9	17	4	5	5	1	16
111111011101001	111111011101001	11	0	0	0	0	0	0	0	0	64
111111100000000	101101100101000	7	0	0	7	18	6	4	8	3	128
111111100000001	011100111100001	8	0	0	7	20	6	5	9	3	384
111111100001000	011000101101011	8	0	0	8	22	6	7	15	4	32
111111100001001	011111001101001	9	0	0	8	15	4	5	5	1	32
111111100100000	011000101101011	8	0	0	8	26	7	7	11	3	32
111111100100001	011111001101001	9	0	0	9	21	5	7	8	2	32
111111100101000	011011101101001	9	0	0	7	17	4	4	4	1	16
111111100101001	101111101101001	10	64921	64360	8	19	4	5	5	1	16
111111101000000	011000101101011	8	0	0	8	23	7	8	16	4	32
111111101000001	011111001101001	9	0	0	9	20	5	6	7	2	32
111111101001000	111011001101001	9	0	0	9	17	4	5	5	1	32
111111101001001	111111001101001	10	815	127	0	0	0	0	0	0	64
111111101100000	110101101101001	9	0	0	9	23	6	7	11	3	32
111111101100001	111101101101001	10	20913	20703	8	12	3	6	6	1	48
111111101101000	111110111001001	10	17317	16756	6	9	2	6	9	2	8
111111101101001	111111101101001	11	0	0	0	0	0	0	0	0	16
111111110000000	111100100101001	8	0	0	8	14	4	7	11	3	192
111111110000001	011111001101001	9	0	0	9	14	3	6	7	2	32
111111110001000	011111001101001	9	0	0	9	14	3	7	7	2	32
111111110001001	111101101101001	10	0	0	10	19	5	8	9	2	48
111111110100000	111011001101001	9	0	0	7	12	3	6	8	2	32
111111110100001	101111101101001	10	0	0	10	23	5	7	9	2	16
111111110101000	111011011101001	10	0	0	7	12	3	6	8	2	16
111111110101001	111101111101001	11	134695	134160	10	19	3	9	10	2	8
111111111000000	111011001101001	9	0	0	9	17	4	6	7	2	32
111111111000001	101111101101001	10	0	0	10	25	5	7	8	2	16
111111111001000	101111101101001	10	0	0	10	20	5	7	8	2	16
111111111001001	111111101101001	11	13718	13105	6	9	2	6	9	2	16
111111111100000	111110111001001	10	0	0	8	9	2	6	9	2	8
111111111100001	111101111101001	11	172311	171878	11	25	4	6	6	1	8
111111111101000	111011111101010	11	29721	29176	8	13	3	6	9	2	4
111111111101001	111111111101001	12	0	0	0	0	0	0	0	0	8
