owner	a_lo	r_lo	status	count
0	6	0	0	126
0	6	0	1	148
0	6	0	2	88
0	7	0	0	92
0	7	0	1	67
0	7	0	2	88
0	7	1	0	37
0	7	1	1	97
0	7	1	2	74
0	7	2	0	236
0	7	2	1	253
0	7	2	2	311
0	7	3	0	506
0	7	3	1	312
0	7	3	2	407
0	7	4	0	719
0	7	4	1	231
0	7	4	2	451
0	7	5	0	550
0	7	5	1	264
0	7	5	2	409
0	7	6	0	183
0	7	6	1	157
0	7	6	2	205
0	7	7	0	12
0	7	7	1	3
0	7	7	2	12
0	8	0	0	119
0	8	0	1	99
0	8	0	2	125
0	8	1	0	292
0	8	1	1	459
0	8	1	2	401
0	8	2	0	520
0	8	2	1	735
0	8	2	2	871
0	8	3	0	592
0	8	3	1	384
0	8	3	2	988
0	8	4	0	581
0	8	4	1	354
0	8	4	2	847
0	8	5	0	302
0	8	5	1	148
0	8	5	2	466
0	8	6	0	55
0	8	6	1	9
0	8	6	2	91
0	9	0	0	148
0	9	0	1	139
0	9	0	2	136
0	9	1	0	482
0	9	1	1	791
0	9	1	2	445
0	9	2	0	487
0	9	2	1	665
0	9	2	2	472
0	9	3	0	283
0	9	3	1	191
0	9	3	2	283
0	9	4	0	208
0	9	4	1	123
0	9	4	2	97
0	9	5	0	25
0	9	5	1	38
0	9	5	2	14
0	9	6	0	1
0	10	0	0	137
0	10	0	1	129
0	10	0	2	108
0	10	1	0	524
0	10	1	1	736
0	10	1	2	295
0	10	2	0	516
0	10	2	1	485
0	10	2	2	255
0	10	3	0	174
0	10	3	1	79
0	10	3	2	138
0	10	4	0	55
0	10	4	2	7
0	11	0	0	122
0	11	0	1	69
0	11	0	2	46
0	11	1	0	703
0	11	1	1	474
0	11	1	2	213
0	11	2	0	496
0	11	2	1	260
0	11	2	2	189
0	11	3	0	159
0	11	3	1	5
0	11	3	2	121
0	11	4	0	5
0	11	4	2	4
0	12	0	0	61
0	12	0	1	41
0	12	0	2	12
0	12	1	0	538
0	12	1	1	146
0	12	1	2	127
0	12	2	0	341
0	12	2	1	58
0	12	2	2	50
0	12	3	0	114
0	12	3	2	31
0	12	4	0	6
0	13	0	0	38
0	13	0	1	20
0	13	0	2	5
0	13	1	0	194
0	13	1	1	32
0	13	1	2	30
0	13	2	0	123
0	13	2	1	6
0	13	2	2	10
0	13	3	0	53
0	14	0	0	10
0	14	0	1	2
0	14	1	0	35
0	14	1	1	2
0	14	1	2	12
0	14	2	0	9
0	15	1	0	6
1	10	0	0	150
1	10	0	1	1126
1	10	0	2	257
1	10	1	0	16
1	10	1	1	48
1	10	1	2	29
1	10	2	0	10
1	10	2	1	42
1	10	2	2	23
1	10	3	0	5
1	10	3	1	68
1	10	3	2	37
1	10	4	0	6
1	10	4	1	23
1	10	4	2	11
1	10	5	0	4
1	10	5	1	7
1	10	5	2	2
1	10	6	0	2
1	10	6	2	2
1	11	0	0	1331
1	11	0	1	2905
1	11	0	2	1016
1	11	1	0	1299
1	11	1	1	3026
1	11	1	2	1271
1	11	2	0	847
1	11	2	1	3495
1	11	2	2	2054
1	11	3	0	280
1	11	3	1	2399
1	11	3	2	972
1	11	4	0	113
1	11	4	1	857
1	11	4	2	262
1	11	5	0	44
1	11	5	1	95
1	11	5	2	36
1	11	6	0	18
1	11	6	1	14
1	11	6	2	6
1	11	7	0	5
1	11	7	1	3
1	11	8	0	2
1	12	0	0	7371
1	12	0	1	10168
1	12	0	2	4587
1	12	1	0	8174
1	12	1	1	13559
1	12	1	2	7259
1	12	2	0	4233
1	12	2	1	9745
1	12	2	2	5243
1	12	3	0	1574
1	12	3	1	4987
1	12	3	2	1920
1	12	4	0	737
1	12	4	1	2098
1	12	4	2	582
1	12	5	0	412
1	12	5	1	618
1	12	5	2	171
1	12	6	0	122
1	12	6	1	237
1	12	6	2	22
1	12	7	0	185
1	12	7	1	50
1	12	7	2	5
1	12	8	0	5
1	13	0	0	16902
1	13	0	1	19288
1	13	0	2	11130
1	13	1	0	16570
1	13	1	1	21322
1	13	1	2	12477
1	13	2	0	8197
1	13	2	1	12905
1	13	2	2	6289
1	13	3	0	3534
1	13	3	1	5615
1	13	3	2	2336
1	13	4	0	1517
1	13	4	1	2440
1	13	4	2	648
1	13	5	0	1103
1	13	5	1	879
1	13	5	2	162
1	13	6	0	360
1	13	6	1	201
1	13	6	2	21
1	13	7	0	156
1	13	7	1	5
1	14	0	0	21036
1	14	0	1	23045
1	14	0	2	16972
1	14	1	0	17723
1	14	1	1	20364
1	14	1	2	12777
1	14	2	0	8981
1	14	2	1	10607
1	14	2	2	5353
1	14	3	0	4443
1	14	3	1	4423
1	14	3	2	1841
1	14	4	0	2138
1	14	4	1	1701
1	14	4	2	535
1	14	5	0	901
1	14	5	1	555
1	14	5	2	139
1	14	6	0	315
1	14	6	1	105
1	14	6	2	22
1	14	7	0	40
1	14	7	1	6
1	14	7	2	5
1	15	0	0	21411
1	15	0	1	19065
1	15	0	2	16955
1	15	1	0	16902
1	15	1	1	13824
1	15	1	2	10700
1	15	2	0	7397
1	15	2	1	5993
1	15	2	2	4099
1	15	3	0	3161
1	15	3	1	2612
1	15	3	2	1891
1	15	4	0	1510
1	15	4	1	1265
1	15	4	2	803
1	15	5	0	635
1	15	5	1	496
1	15	5	2	297
1	15	6	0	115
1	15	6	1	152
1	15	6	2	94
1	15	7	0	32
1	15	7	1	13
1	15	7	2	5
1	16	0	0	16972
1	16	0	1	9477
1	16	0	2	10387
1	16	1	0	9569
1	16	1	1	4570
1	16	1	2	4811
1	16	2	0	3422
1	16	2	1	1496
1	16	2	2	1562
1	16	3	0	1028
1	16	3	1	654
1	16	3	2	851
1	16	4	0	364
1	16	4	1	455
1	16	4	2	466
1	16	5	0	211
1	16	5	1	259
1	16	5	2	195
1	16	6	0	55
1	16	6	1	74
1	16	6	2	38
1	16	7	0	10
1	16	7	1	3
1	16	7	2	3
1	17	0	0	11078
1	17	0	1	3783
1	17	0	2	4713
1	17	1	0	3829
1	17	1	1	951
1	17	1	2	1173
1	17	2	0	791
1	17	2	1	169
1	17	2	2	110
1	17	3	0	74
1	17	3	1	4
1	17	3	2	18
1	18	0	0	5774
1	18	0	1	1371
1	18	0	2	1526
1	18	1	0	1294
1	18	1	1	201
1	18	1	2	213
1	18	2	0	102
1	18	2	1	5
1	18	2	2	12
1	18	3	0	7
1	19	0	0	2289
1	19	0	1	236
1	19	0	2	300
1	19	1	0	200
1	19	1	1	23
1	19	1	2	26
1	20	0	0	356
1	20	0	1	38
1	20	0	2	34
1	20	1	0	8
1	21	0	0	57
1	21	0	1	2
2	6	0	0	269
2	6	0	1	363
2	6	0	2	119
2	6	1	0	18
2	6	1	1	11
2	6	2	0	53
2	6	2	1	16
2	6	2	2	3
2	6	3	0	44
2	6	3	1	12
2	6	3	2	4
2	6	4	0	1
2	6	4	2	1
2	7	0	0	367
2	7	0	1	230
2	7	0	2	149
2	7	1	0	139
2	7	1	1	95
2	7	1	2	74
2	7	2	0	185
2	7	2	1	136
2	7	2	2	165
2	7	3	0	58
2	7	3	1	145
2	7	3	2	151
2	7	4	0	7
2	7	4	1	59
2	7	4	2	93
2	7	5	0	3
2	7	5	1	10
2	7	5	2	26
2	7	6	1	2
2	7	6	2	6
2	7	7	1	3
2	7	7	2	2
2	7	8	1	3
2	7	9	1	2
2	7	10	1	2
2	7	11	1	3
2	7	12	1	2
2	7	13	1	2
2	7	14	1	3
2	7	15	1	2
2	8	0	0	561
2	8	0	1	290
2	8	0	2	192
2	8	1	0	537
2	8	1	1	333
2	8	1	2	206
2	8	2	0	282
2	8	2	1	262
2	8	2	2	194
2	8	3	0	84
2	8	3	1	156
2	8	3	2	118
2	8	4	0	48
2	8	4	1	41
2	8	4	2	39
2	8	5	0	13
2	8	5	1	6
2	8	5	2	7
2	8	6	0	1
2	8	6	2	2
2	8	7	2	1
2	9	0	0	587
2	9	0	1	222
2	9	0	2	142
2	9	1	0	655
2	9	1	1	453
2	9	1	2	236
2	9	2	0	308
2	9	2	1	318
2	9	2	2	141
2	9	3	0	84
2	9	3	1	197
2	9	3	2	36
2	9	4	0	60
2	9	4	1	81
2	9	4	2	10
2	9	5	0	27
2	9	5	1	12
2	9	5	2	1
2	9	6	0	1
2	9	6	2	1
2	10	0	0	349
2	10	0	1	176
2	10	0	2	113
2	10	1	0	269
2	10	1	1	220
2	10	1	2	182
2	10	2	0	127
2	10	2	1	129
2	10	2	2	86
2	10	3	0	44
2	10	3	1	59
2	10	3	2	18
2	10	4	0	14
2	10	4	1	24
2	10	5	0	9
2	10	5	1	7
2	10	6	0	1
2	11	0	0	175
2	11	0	1	82
2	11	0	2	57
2	11	1	0	156
2	11	1	1	75
2	11	1	2	74
2	11	2	0	81
2	11	2	1	35
2	11	2	2	36
2	11	3	0	34
2	11	3	1	16
2	11	3	2	2
2	11	4	0	16
2	11	4	1	16
2	11	5	0	11
2	11	5	1	6
2	11	6	0	6
2	12	0	0	88
2	12	0	1	26
2	12	0	2	9
2	12	1	0	85
2	12	1	1	9
2	12	1	2	13
2	12	2	0	35
2	12	2	1	2
2	12	2	2	5
2	12	3	0	4
2	12	3	1	5
2	12	4	0	9
2	12	4	1	6
2	12	5	0	9
2	12	5	1	7
2	12	6	0	1
2	12	6	1	5
2	13	0	0	27
2	13	1	0	3
2	13	4	0	2
2	13	4	1	3
2	13	5	0	1
2	13	5	1	5
2	13	6	1	7
2	13	7	1	5
2	14	5	1	3
2	14	6	1	5
2	14	7	0	4
2	14	7	1	3
2	14	8	0	5
2	15	6	0	1
2	15	6	1	2
2	15	7	0	4
2	15	7	1	1
2	15	8	0	3
2	16	7	0	2
2	16	8	0	1
3	7	0	0	385
3	7	0	1	227
3	7	0	2	140
3	7	1	0	6
3	7	1	1	4
3	7	1	2	2
3	7	2	0	23
3	7	2	2	4
3	7	3	0	7
3	7	3	2	4
3	7	4	2	1
3	8	0	0	490
3	8	0	1	276
3	8	0	2	261
3	8	1	0	121
3	8	1	1	250
3	8	1	2	76
3	8	2	0	146
3	8	2	1	215
3	8	2	2	151
3	8	3	0	313
3	8	3	1	366
3	8	3	2	269
3	8	4	0	105
3	8	4	1	123
3	8	4	2	130
3	8	5	0	13
3	8	5	1	20
3	8	5	2	15
3	8	6	0	1
3	9	0	0	495
3	9	0	1	243
3	9	0	2	269
3	9	1	0	295
3	9	1	1	591
3	9	1	2	329
3	9	2	0	512
3	9	2	1	922
3	9	2	2	499
3	9	3	0	362
3	9	3	1	657
3	9	3	2	461
3	9	4	0	176
3	9	4	1	216
3	9	4	2	329
3	9	5	0	62
3	9	5	1	63
3	9	5	2	131
3	9	6	0	2
3	9	6	1	33
3	9	6	2	93
3	9	7	1	58
3	9	7	2	101
3	9	8	1	73
3	9	8	2	228
3	10	0	0	386
3	10	0	1	187
3	10	0	2	183
3	10	1	0	335
3	10	1	1	864
3	10	1	2	499
3	10	2	0	394
3	10	2	1	1155
3	10	2	2	666
3	10	3	0	411
3	10	3	1	742
3	10	3	2	538
3	10	4	0	252
3	10	4	1	332
3	10	4	2	201
3	10	5	0	117
3	10	5	1	111
3	10	5	2	55
3	10	6	0	30
3	10	6	1	67
3	10	6	2	33
3	10	7	0	8
3	10	7	1	49
3	10	7	2	33
3	10	8	1	162
3	10	8	2	78
3	11	0	0	229
3	11	0	1	246
3	11	0	2	126
3	11	1	0	343
3	11	1	1	1213
3	11	1	2	554
3	11	2	0	360
3	11	2	1	1001
3	11	2	2	592
3	11	3	0	356
3	11	3	1	509
3	11	3	2	349
3	11	4	0	200
3	11	4	1	263
3	11	4	2	146
3	11	5	0	89
3	11	5	1	106
3	11	5	2	68
3	11	6	0	33
3	11	6	1	82
3	11	6	2	35
3	11	7	0	43
3	11	7	1	38
3	11	7	2	11
3	11	8	0	5
3	11	8	1	6
3	11	8	2	14
3	12	0	0	70
3	12	0	1	295
3	12	0	2	68
3	12	1	0	256
3	12	1	1	1358
3	12	1	2	451
3	12	2	0	355
3	12	2	1	784
3	12	2	2	410
3	12	3	0	220
3	12	3	1	436
3	12	3	2	271
3	12	4	0	127
3	12	4	1	211
3	12	4	2	132
3	12	5	0	100
3	12	5	1	102
3	12	5	2	53
3	12	6	0	38
3	12	6	1	53
3	12	6	2	27
3	12	7	0	15
3	12	7	1	16
3	12	7	2	9
3	12	8	0	2
3	12	8	1	1
3	13	0	0	21
3	13	0	1	279
3	13	0	2	64
3	13	1	0	268
3	13	1	1	1047
3	13	1	2	350
3	13	2	0	271
3	13	2	1	310
3	13	2	2	151
3	13	3	0	148
3	13	3	1	142
3	13	3	2	33
3	13	4	0	114
3	13	4	1	45
3	13	4	2	18
3	13	5	0	45
3	13	5	1	16
3	13	5	2	15
3	13	6	0	19
3	13	6	1	11
3	13	6	2	9
3	13	7	0	5
3	13	7	1	4
3	13	7	2	6
3	14	0	1	232
3	14	0	2	20
3	14	1	0	96
3	14	1	1	627
3	14	1	2	178
3	14	2	0	143
3	14	2	1	141
3	14	2	2	25
3	14	3	0	77
3	14	3	1	53
3	14	3	2	13
3	14	4	0	68
3	14	4	1	5
3	14	4	2	1
3	14	5	0	5
3	15	0	1	100
3	15	1	0	49
3	15	1	1	133
3	15	1	2	45
3	15	2	0	17
3	15	2	1	30
3	15	2	2	8
3	15	3	0	37
3	15	3	1	10
3	15	3	2	2
3	15	4	0	12
4	7	0	0	386
4	7	0	1	267
4	7	0	2	193
4	7	1	0	16
4	7	1	1	2
4	7	1	2	4
4	7	2	0	18
4	7	2	2	6
4	7	3	0	8
4	7	3	2	6
4	7	4	2	1
4	8	0	0	245
4	8	0	1	159
4	8	0	2	210
4	8	1	0	117
4	8	1	1	151
4	8	1	2	157
4	8	2	0	250
4	8	2	1	381
4	8	2	2	555
4	8	3	0	426
4	8	3	1	538
4	8	3	2	813
4	8	4	0	186
4	8	4	1	372
4	8	4	2	502
4	8	5	0	206
4	8	5	1	238
4	8	5	2	424
4	8	6	0	50
4	8	6	1	87
4	8	6	2	147
4	8	7	1	2
4	8	7	2	8
4	9	0	0	289
4	9	0	1	166
4	9	0	2	224
4	9	1	0	634
4	9	1	1	497
4	9	1	2	533
4	9	2	0	734
4	9	2	1	635
4	9	2	2	618
4	9	3	0	290
4	9	3	1	230
4	9	3	2	269
4	9	4	0	128
4	9	4	1	107
4	9	4	2	92
4	9	5	0	74
4	9	5	1	37
4	9	5	2	29
4	9	6	0	18
4	9	6	1	2
4	9	6	2	5
4	10	0	0	342
4	10	0	1	177
4	10	0	2	193
4	10	1	0	672
4	10	1	1	837
4	10	1	2	587
4	10	2	0	537
4	10	2	1	750
4	10	2	2	460
4	10	3	0	131
4	10	3	1	128
4	10	3	2	108
4	10	4	0	45
4	10	4	1	25
4	10	4	2	23
4	10	5	0	29
4	10	5	2	6
4	10	6	0	1
4	11	0	0	133
4	11	0	1	81
4	11	0	2	32
4	11	1	0	439
4	11	1	1	662
4	11	1	2	226
4	11	2	0	383
4	11	2	1	486
4	11	2	2	205
4	11	3	0	41
4	11	3	1	117
4	11	3	2	41
4	11	4	0	5
4	11	4	1	41
4	11	4	2	9
4	11	5	0	26
4	11	5	1	15
4	11	6	0	9
4	11	6	1	6
4	11	7	0	6
4	12	0	0	39
4	12	0	1	25
4	12	0	2	13
4	12	1	0	179
4	12	1	1	545
4	12	1	2	120
4	12	2	0	40
4	12	2	1	534
4	12	2	2	185
4	12	3	0	15
4	12	3	1	167
4	12	3	2	65
4	12	4	0	34
4	12	4	1	59
4	12	4	2	16
4	12	5	0	42
4	12	5	1	24
4	12	5	2	3
4	12	6	0	23
4	13	0	0	27
4	13	0	1	19
4	13	0	2	1
4	13	1	0	170
4	13	1	1	554
4	13	1	2	88
4	13	2	0	79
4	13	2	1	616
4	13	2	2	183
4	13	3	0	91
4	13	3	1	203
4	13	3	2	59
4	13	4	0	101
4	13	4	1	33
4	13	4	2	9
4	13	5	0	45
4	13	5	1	9
4	13	6	1	6
4	14	0	1	3
4	14	0	2	1
4	14	1	0	188
4	14	1	1	573
4	14	1	2	61
4	14	2	0	402
4	14	2	1	477
4	14	2	2	69
4	14	3	0	220
4	14	3	1	143
4	14	3	2	15
4	14	4	0	66
4	14	5	1	3
4	14	6	0	1
4	14	6	1	6
4	14	7	0	2
4	15	1	0	440
4	15	1	1	216
4	15	1	2	16
4	15	2	0	448
4	15	2	1	149
4	15	2	2	9
4	15	3	0	203
4	15	6	0	1
4	15	7	0	2
4	16	1	0	187
4	16	2	0	168
5	8	0	0	1426
5	8	0	1	702
5	8	0	2	215
5	8	1	0	4
5	9	0	0	1331
5	9	0	1	711
5	9	0	2	362
5	9	1	0	716
5	9	1	1	351
5	9	1	2	201
5	9	2	0	454
5	9	2	1	306
5	9	2	2	360
5	9	3	0	581
5	9	3	1	443
5	9	3	2	785
5	9	4	0	423
5	9	4	1	313
5	9	4	2	766
5	9	5	0	125
5	9	5	1	67
5	9	5	2	317
5	9	6	2	40
5	10	0	0	2450
5	10	0	1	1361
5	10	0	2	654
5	10	1	0	3321
5	10	1	1	2100
5	10	1	2	1150
5	10	2	0	3091
5	10	2	1	2365
5	10	2	2	1672
5	10	3	0	1391
5	10	3	1	1546
5	10	3	2	1176
5	10	4	0	350
5	10	4	1	562
5	10	4	2	542
5	10	5	0	70
5	10	5	1	263
5	10	5	2	149
5	10	6	0	18
5	10	6	2	33
5	11	0	0	4252
5	11	0	1	2364
5	11	0	2	1087
5	11	1	0	5327
5	11	1	1	3961
5	11	1	2	2024
5	11	2	0	2678
5	11	2	1	2509
5	11	2	2	1562
5	11	3	0	812
5	11	3	1	1166
5	11	3	2	818
5	11	4	0	268
5	11	4	1	530
5	11	4	2	334
5	11	5	0	70
5	11	5	1	122
5	11	5	2	105
5	11	6	0	11
5	11	6	1	70
5	11	6	2	30
5	12	0	0	5472
5	12	0	1	3741
5	12	0	2	1795
5	12	1	0	5934
5	12	1	1	5981
5	12	1	2	2639
5	12	2	0	2378
5	12	2	1	2855
5	12	2	2	1253
5	12	3	0	956
5	12	3	1	1232
5	12	3	2	479
5	12	4	0	241
5	12	4	1	397
5	12	4	2	127
5	12	5	0	108
5	12	5	1	139
5	12	5	2	52
5	12	6	0	61
5	12	6	1	24
5	12	6	2	3
5	12	7	0	5
5	13	0	0	5791
5	13	0	1	4320
5	13	0	2	2419
5	13	1	0	7019
5	13	1	1	7068
5	13	1	2	3359
5	13	2	0	3359
5	13	2	1	2843
5	13	2	2	1527
5	13	3	0	1587
5	13	3	1	967
5	13	3	2	573
5	13	4	0	582
5	13	4	1	256
5	13	4	2	155
5	13	5	0	142
5	13	5	1	74
5	13	5	2	11
5	13	6	0	33
5	14	0	0	5540
5	14	0	1	3776
5	14	0	2	2333
5	14	1	0	7736
5	14	1	1	5527
5	14	1	2	2913
5	14	2	0	3379
5	14	2	1	1925
5	14	2	2	1310
5	14	3	0	1592
5	14	3	1	616
5	14	3	2	319
5	14	4	0	528
5	14	4	1	137
5	14	4	2	41
5	14	5	0	170
5	14	5	1	10
5	14	6	0	1
5	15	0	0	4269
5	15	0	1	2459
5	15	0	2	1405
5	15	1	0	5515
5	15	1	1	2534
5	15	1	2	1540
5	15	2	0	1917
5	15	2	1	938
5	15	2	2	618
5	15	3	0	761
5	15	3	1	312
5	15	3	2	166
5	15	4	0	266
5	15	4	1	41
5	15	4	2	48
5	15	5	0	57
5	15	5	1	6
5	16	0	0	2373
5	16	0	1	1196
5	16	0	2	755
5	16	1	0	2612
5	16	1	1	585
5	16	1	2	529
5	16	2	0	783
5	16	2	1	285
5	16	2	2	137
5	16	3	0	351
5	16	3	1	97
5	16	3	2	18
5	16	4	0	113
5	16	4	1	36
5	16	4	2	1
5	16	5	0	27
5	17	0	0	1289
5	17	0	1	398
5	17	0	2	271
5	17	1	0	574
5	17	1	1	20
5	17	1	2	50
5	17	2	0	118
5	17	3	0	78
5	17	4	0	13
5	18	0	0	482
5	18	0	1	136
5	18	0	2	72
5	18	1	0	6
5	19	0	0	192
5	19	0	1	7
5	19	0	2	5
5	20	0	0	8
6	10	0	0	390
6	10	0	1	1882
6	10	0	2	564
6	10	1	0	75
6	10	1	1	63
6	10	1	2	97
6	10	2	0	24
6	10	2	1	61
6	10	2	2	58
6	10	3	1	27
6	10	3	2	53
6	10	4	0	12
6	10	4	1	51
6	10	4	2	12
6	10	5	1	61
6	10	5	2	13
6	10	6	0	3
6	10	6	1	38
6	10	7	0	16
6	10	7	1	29
6	10	8	0	17
6	10	8	1	22
6	10	9	0	29
6	10	9	2	1
6	11	0	0	2255
6	11	0	1	5380
6	11	0	2	2515
6	11	1	0	2541
6	11	1	1	4874
6	11	1	2	3010
6	11	2	0	1630
6	11	2	1	4903
6	11	2	2	3533
6	11	3	0	600
6	11	3	1	3592
6	11	3	2	2406
6	11	4	0	228
6	11	4	1	1927
6	11	4	2	845
6	11	5	0	99
6	11	5	1	60
6	11	5	2	138
6	11	6	0	29
6	11	6	1	3
6	11	7	0	14
6	12	0	0	10980
6	12	0	1	16191
6	12	0	2	10372
6	12	1	0	14456
6	12	1	1	21644
6	12	1	2	15339
6	12	2	0	6841
6	12	2	1	13922
6	12	2	2	10090
6	12	3	0	1534
6	12	3	1	5237
6	12	3	2	3788
6	12	4	0	423
6	12	4	1	1870
6	12	4	2	1317
6	12	5	0	200
6	12	5	1	348
6	12	5	2	371
6	12	6	0	32
6	12	6	1	18
6	12	6	2	18
6	12	7	0	10
6	13	0	0	24588
6	13	0	1	27273
6	13	0	2	21828
6	13	1	0	31344
6	13	1	1	34235
6	13	1	2	27141
6	13	2	0	12824
6	13	2	1	14691
6	13	2	2	12091
6	13	3	0	3166
6	13	3	1	4191
6	13	3	2	3442
6	13	4	0	782
6	13	4	1	881
6	13	4	2	616
6	13	5	0	207
6	13	5	1	111
6	13	5	2	84
6	13	6	0	34
6	13	6	1	2
6	13	6	2	3
6	13	7	0	2
6	14	0	0	31625
6	14	0	1	26825
6	14	0	2	25491
6	14	1	0	36039
6	14	1	1	26857
6	14	1	2	24645
6	14	2	0	12617
6	14	2	1	8065
6	14	2	2	7690
6	14	3	0	3380
6	14	3	1	1582
6	14	3	2	1459
6	14	4	0	649
6	14	4	1	259
6	14	4	2	151
6	14	5	0	135
6	14	5	1	27
6	14	5	2	9
6	14	6	0	4
6	15	0	0	28853
6	15	0	1	19223
6	15	0	2	19043
6	15	1	0	26810
6	15	1	1	14561
6	15	1	2	14610
6	15	2	0	7648
6	15	2	1	4163
6	15	2	2	3875
6	15	3	0	1976
6	15	3	1	832
6	15	3	2	705
6	15	4	0	449
6	15	4	1	103
6	15	4	2	67
6	15	5	0	127
6	15	5	1	7
6	15	5	2	12
6	15	6	0	27
6	16	0	0	21424
6	16	0	1	10297
6	16	0	2	10481
6	16	1	0	16051
6	16	1	1	5717
6	16	1	2	5773
6	16	2	0	4278
6	16	2	1	1595
6	16	2	2	1350
6	16	3	0	1168
6	16	3	1	376
6	16	3	2	306
6	16	4	0	295
6	16	4	1	62
6	16	4	2	36
6	16	5	0	73
6	16	5	1	14
6	16	5	2	6
6	16	6	0	21
6	17	0	0	12675
6	17	0	1	5255
6	17	0	2	4770
6	17	1	0	6384
6	17	1	1	1434
6	17	1	2	1399
6	17	2	0	1647
6	17	2	1	418
6	17	2	2	398
6	17	3	0	460
6	17	3	1	65
6	17	3	2	57
6	17	4	0	108
6	17	4	2	18
6	17	5	0	12
6	18	0	0	6197
6	18	0	1	1855
6	18	0	2	1683
6	18	1	0	1572
6	18	1	1	488
6	18	1	2	458
6	18	2	0	433
6	18	2	1	93
6	18	2	2	95
6	18	3	0	115
6	18	3	1	8
6	18	3	2	5
6	18	4	0	4
6	18	4	2	1
6	19	0	0	2704
6	19	0	1	279
6	19	0	2	321
6	19	1	0	607
6	19	1	1	80
6	19	1	2	134
6	19	2	0	247
6	19	2	1	14
6	19	2	2	5
6	19	3	0	51
6	19	3	2	1
6	20	0	0	622
6	20	0	1	45
6	20	0	2	11
6	20	1	0	316
6	20	1	1	26
6	20	1	2	16
6	20	2	0	86
6	21	0	0	135
6	21	1	0	71
7	11	0	0	2
7	11	0	1	92
7	11	0	2	22
7	11	1	1	23
7	11	1	2	2
7	11	2	0	1
7	11	2	1	15
7	11	2	2	6
7	11	3	0	1
7	11	3	1	7
7	11	3	2	2
7	12	0	0	76
7	12	0	1	402
7	12	0	2	90
7	12	1	0	54
7	12	1	1	475
7	12	1	2	100
7	12	2	0	15
7	12	2	1	298
7	12	2	2	116
7	12	3	0	10
7	12	3	1	67
7	12	3	2	48
7	12	4	0	6
7	12	4	1	36
7	12	4	2	6
7	12	5	0	13
7	12	5	1	19
7	12	6	0	10
7	12	6	1	7
7	12	7	0	1
7	13	0	0	643
7	13	0	1	2321
7	13	0	2	677
7	13	1	0	555
7	13	1	1	2664
7	13	1	2	711
7	13	2	0	132
7	13	2	1	1112
7	13	2	2	427
7	13	3	0	79
7	13	3	1	223
7	13	3	2	88
7	13	4	0	25
7	13	4	1	100
7	13	4	2	5
7	13	5	0	41
7	13	5	1	65
7	13	6	0	42
7	13	6	1	27
7	13	7	0	3
7	13	7	1	1
7	14	0	0	2352
7	14	0	1	10890
7	14	0	2	2866
7	14	1	0	2117
7	14	1	1	10212
7	14	1	2	2875
7	14	2	0	750
7	14	2	1	2768
7	14	2	2	1062
7	14	3	0	527
7	14	3	1	688
7	14	3	2	293
7	14	4	0	324
7	14	4	1	230
7	14	4	2	14
7	14	5	0	142
7	14	5	1	47
7	14	6	0	43
7	14	6	1	5
7	14	7	0	2
7	14	7	1	1
7	15	0	0	6563
7	15	0	1	25557
7	15	0	2	8574
7	15	1	0	6362
7	15	1	1	22164
7	15	1	2	7141
7	15	2	0	2219
7	15	2	1	5632
7	15	2	2	2225
7	15	3	0	1151
7	15	3	1	1392
7	15	3	2	494
7	15	4	0	580
7	15	4	1	396
7	15	4	2	38
7	15	5	0	181
7	15	5	1	51
7	15	5	2	1
7	15	6	0	17
7	16	0	0	11554
7	16	0	1	32398
7	16	0	2	12315
7	16	1	0	10106
7	16	1	1	25707
7	16	1	2	9468
7	16	2	0	2845
7	16	2	1	7006
7	16	2	2	3088
7	16	3	0	1093
7	16	3	1	1353
7	16	3	2	616
7	16	4	0	261
7	16	4	1	267
7	16	4	2	67
7	16	5	0	29
7	16	5	1	35
7	16	5	2	3
7	16	6	1	2
7	17	0	0	14445
7	17	0	1	32618
7	17	0	2	12672
7	17	1	0	12160
7	17	1	1	20431
7	17	1	2	8136
7	17	2	0	3124
7	17	2	1	4813
7	17	2	2	2280
7	17	3	0	767
7	17	3	1	713
7	17	3	2	532
7	17	4	0	99
7	17	4	1	94
7	17	4	2	73
7	17	5	0	13
7	17	5	1	6
7	17	5	2	2
7	18	0	0	15078
7	18	0	1	22875
7	18	0	2	8812
7	18	1	0	9537
7	18	1	1	9631
7	18	1	2	3739
7	18	2	0	1776
7	18	2	1	1650
7	18	2	2	721
7	18	3	0	256
7	18	3	1	111
7	18	3	2	83
7	18	4	0	10
7	18	4	1	5
7	19	0	0	14258
7	19	0	1	11761
7	19	0	2	4860
7	19	1	0	4657
7	19	1	1	3597
7	19	1	2	1305
7	19	2	0	453
7	19	2	1	345
7	19	2	2	94
7	19	3	0	8
7	19	3	1	3
7	20	0	0	9577
7	20	0	1	4602
7	20	0	2	1991
7	20	1	0	2129
7	20	1	1	874
7	20	1	2	363
7	20	2	0	76
7	20	2	1	7
7	20	2	2	3
7	21	0	0	4377
7	21	0	1	763
7	21	0	2	394
7	21	1	0	686
7	21	1	1	241
7	21	1	2	64
7	22	0	0	713
7	22	0	1	47
7	22	0	2	64
7	22	1	0	127
7	22	1	1	48
7	22	1	2	15
8	12	0	1	1
8	16	0	0	31
8	16	0	1	1011
8	16	0	2	54
8	16	1	0	74
8	16	1	1	348
8	16	1	2	17
8	16	2	0	13
8	16	2	1	209
8	16	2	2	3
8	16	3	0	28
8	16	3	1	88
8	16	3	2	1
8	16	4	1	53
8	16	5	1	13
8	17	0	0	392
8	17	0	1	3440
8	17	0	2	455
8	17	1	0	361
8	17	1	1	1301
8	17	1	2	93
8	17	2	0	138
8	17	2	1	708
8	17	2	2	68
8	17	3	0	182
8	17	3	1	446
8	17	3	2	29
8	17	4	0	26
8	17	4	1	258
8	17	4	2	20
8	17	5	0	3
8	17	5	1	64
8	18	0	0	631
8	18	0	1	3770
8	18	0	2	659
8	18	1	0	255
8	18	1	1	926
8	18	1	2	131
8	18	2	0	233
8	18	2	1	403
8	18	2	2	57
8	18	3	0	38
8	18	3	1	241
8	18	3	2	18
8	18	4	0	3
8	18	4	1	49
8	19	0	0	1293
8	19	0	1	3176
8	19	0	2	611
8	19	1	0	300
8	19	1	1	614
8	19	1	2	48
8	19	2	0	54
8	19	2	1	207
8	19	2	2	18
8	19	3	0	6
8	19	3	1	43
8	20	0	0	1474
8	20	0	1	1836
8	20	0	2	536
8	20	1	0	91
8	20	1	1	330
8	20	1	2	27
8	20	2	0	14
8	20	2	1	35
8	21	0	0	1090
8	21	0	1	693
8	21	0	2	260
8	21	1	0	81
8	21	1	1	37
8	22	0	0	306
8	22	0	1	178
8	22	0	2	96
9	10	0	1	1
10	11	0	1	1
10	12	0	1	1
10	13	0	0	4
10	13	0	1	29
10	13	0	2	16
10	13	1	1	26
10	13	1	2	5
10	13	2	1	3
10	14	0	0	194
10	14	0	1	303
10	14	0	2	83
10	14	1	0	276
10	14	1	1	579
10	14	1	2	49
10	14	2	0	31
10	14	2	1	47
10	14	2	2	5
10	14	3	1	5
10	15	0	0	275
10	15	0	1	500
10	15	0	2	163
10	15	1	0	663
10	15	1	1	631
10	15	1	2	169
10	15	2	0	32
10	15	2	1	83
10	15	2	2	17
10	15	3	0	1
10	15	3	1	9
10	15	3	2	1
10	16	0	0	161
10	16	0	1	337
10	16	0	2	140
10	16	1	0	371
10	16	1	1	270
10	16	1	2	123
10	16	2	0	21
10	16	2	1	43
10	16	2	2	14
10	16	3	0	1
10	16	3	1	8
10	16	3	2	1
10	17	0	0	116
10	17	0	1	219
10	17	0	2	88
10	17	1	0	161
10	17	1	1	109
10	17	1	2	57
10	17	2	0	15
10	17	2	1	11
10	17	2	2	4
10	17	3	0	2
10	18	0	0	83
10	18	0	1	129
10	18	0	2	47
10	18	1	0	71
10	18	1	1	30
10	18	1	2	24
10	18	2	0	5
10	18	2	1	2
10	18	2	2	4
10	19	0	0	49
10	19	0	1	76
10	19	0	2	26
10	19	1	0	8
10	19	1	1	11
10	19	1	2	8
10	20	0	0	55
10	20	0	1	27
10	20	1	1	2
11	12	0	1	1
11	15	0	1	93
11	15	0	2	7
11	15	1	1	51
11	15	1	2	1
11	15	2	0	3
11	15	2	1	13
11	15	2	2	1
11	15	3	0	4
11	15	3	1	11
11	15	3	2	1
11	15	4	0	2
11	15	4	1	4
11	16	0	1	90
11	16	0	2	7
11	16	1	1	51
11	16	1	2	1
11	16	2	0	3
11	16	2	1	10
11	16	2	2	1
11	16	3	0	2
11	16	3	1	4
11	17	0	0	4
11	17	0	1	78
11	17	0	2	5
11	17	1	1	51
11	17	1	2	1
11	17	2	0	1
11	17	2	1	9
11	17	2	2	1
11	18	0	0	3
11	18	0	1	67
11	18	0	2	3
11	18	1	1	47
11	18	2	1	7
11	19	0	0	3
11	19	0	1	64
11	19	1	1	8
11	20	0	1	10
12	7	0	0	1654
12	7	0	1	1652
12	7	0	2	949
12	7	1	0	172
12	7	1	1	9
12	7	1	2	46
12	7	2	0	158
12	7	2	1	9
12	7	2	2	72
12	7	3	0	61
12	7	3	1	3
12	7	3	2	30
12	7	4	1	4
12	7	4	2	6
12	7	5	1	1
12	8	0	0	1857
12	8	0	1	1378
12	8	0	2	1129
12	8	1	0	1600
12	8	1	1	962
12	8	1	2	1222
12	8	2	0	1893
12	8	2	1	1222
12	8	2	2	1712
12	8	3	0	1000
12	8	3	1	713
12	8	3	2	835
12	8	4	0	215
12	8	4	1	137
12	8	4	2	140
12	8	5	0	5
12	8	5	1	2
12	8	5	2	14
12	8	6	0	2
12	9	0	0	3652
12	9	0	1	3705
12	9	0	2	2869
12	9	1	0	8083
12	9	1	1	7782
12	9	1	2	7034
12	9	2	0	8459
12	9	2	1	7021
12	9	2	2	6776
12	9	3	0	3620
12	9	3	1	2174
12	9	3	2	2994
12	9	4	0	870
12	9	4	1	350
12	9	4	2	625
12	9	5	0	44
12	9	5	1	21
12	9	5	2	59
12	9	6	0	3
12	10	0	0	4860
12	10	0	1	5947
12	10	0	2	3677
12	10	1	0	14541
12	10	1	1	15351
12	10	1	2	10019
12	10	2	0	14105
12	10	2	1	12459
12	10	2	2	9540
12	10	3	0	5085
12	10	3	1	4019
12	10	3	2	4261
12	10	4	0	911
12	10	4	1	933
12	10	4	2	1393
12	10	5	0	152
12	10	5	1	194
12	10	5	2	284
12	10	6	0	32
12	10	6	1	10
12	10	6	2	14
12	11	0	0	4828
12	11	0	1	7249
12	11	0	2	3868
12	11	1	0	16695
12	11	1	1	19369
12	11	1	2	11614
12	11	2	0	15371
12	11	2	1	15478
12	11	2	2	11123
12	11	3	0	6128
12	11	3	1	6180
12	11	3	2	5877
12	11	4	0	1510
12	11	4	1	1696
12	11	4	2	1864
12	11	5	0	493
12	11	5	1	188
12	11	5	2	336
12	11	6	0	109
12	11	6	1	18
12	11	6	2	29
12	11	7	0	1
12	12	0	0	3927
12	12	0	1	6697
12	12	0	2	3272
12	12	1	0	14140
12	12	1	1	19448
12	12	1	2	10849
12	12	2	0	13691
12	12	2	1	14106
12	12	2	2	11284
12	12	3	0	6047
12	12	3	1	5885
12	12	3	2	6692
12	12	4	0	1725
12	12	4	1	1844
12	12	4	2	2435
12	12	5	0	188
12	12	5	1	420
12	12	5	2	332
12	12	6	0	10
12	12	6	1	1
12	12	6	2	8
12	13	0	0	3203
12	13	0	1	4069
12	13	0	2	1898
12	13	1	0	12080
12	13	1	1	13971
12	13	1	2	7185
12	13	2	0	11515
12	13	2	1	7685
12	13	2	2	7241
12	13	3	0	5510
12	13	3	1	2848
12	13	3	2	4235
12	13	4	0	1866
12	13	4	1	979
12	13	4	2	1792
12	13	5	0	418
12	13	5	1	341
12	13	5	2	696
12	13	6	0	6
12	13	6	1	121
12	13	6	2	66
12	14	0	0	2637
12	14	0	1	1976
12	14	0	2	911
12	14	1	0	9678
12	14	1	1	7920
12	14	1	2	3697
12	14	2	0	6487
12	14	2	1	2609
12	14	2	2	2759
12	14	3	0	2759
12	14	3	1	802
12	14	3	2	1879
12	14	4	0	1138
12	14	4	1	419
12	14	4	2	977
12	14	5	0	409
12	14	5	1	204
12	14	5	2	398
12	14	6	0	174
12	14	6	1	27
12	14	6	2	53
12	14	7	0	30
12	15	0	0	1757
12	15	0	1	624
12	15	0	2	391
12	15	1	0	6431
12	15	1	1	2506
12	15	1	2	1543
12	15	2	0	2303
12	15	2	1	468
12	15	2	2	759
12	15	3	0	1207
12	15	3	1	206
12	15	3	2	653
12	15	4	0	715
12	15	4	1	133
12	15	4	2	411
12	15	5	0	328
12	15	5	1	72
12	15	5	2	157
12	15	6	0	103
12	15	6	1	9
12	15	6	2	24
12	15	7	0	2
12	15	7	1	1
12	16	0	0	432
12	16	0	1	49
12	16	0	2	54
12	16	1	0	1597
12	16	1	1	224
12	16	1	2	170
12	16	2	0	253
12	16	2	1	11
12	16	2	2	40
12	16	3	0	187
12	16	3	1	6
12	16	3	2	15
12	16	4	0	134
12	16	4	1	6
12	16	4	2	18
12	16	5	0	82
12	17	0	0	18
12	17	0	1	1
12	17	0	2	1
12	17	1	0	72
12	17	2	0	22
13	8	0	0	1001
13	8	0	1	1585
13	8	0	2	502
13	8	1	0	255
13	8	1	1	79
13	8	1	2	440
13	8	2	0	39
13	8	2	1	72
13	8	2	2	92
13	8	3	0	38
13	8	3	1	15
13	8	3	2	17
13	8	4	0	21
13	9	0	0	5170
13	9	0	1	4704
13	9	0	2	1880
13	9	1	0	5633
13	9	1	1	5821
13	9	1	2	3588
13	9	2	0	2306
13	9	2	1	2560
13	9	2	2	2056
13	9	3	0	695
13	9	3	1	757
13	9	3	2	550
13	9	4	0	198
13	9	4	1	49
13	9	4	2	62
13	9	5	0	17
13	9	5	1	2
13	9	5	2	5
13	10	0	0	19840
13	10	0	1	13947
13	10	0	2	7545
13	10	1	0	27880
13	10	1	1	24006
13	10	1	2	15398
13	10	2	0	11960
13	10	2	1	12227
13	10	2	2	8239
13	10	3	0	3541
13	10	3	1	2777
13	10	3	2	2411
13	10	4	0	909
13	10	4	1	355
13	10	4	2	435
13	10	5	0	98
13	10	5	1	16
13	10	5	2	4
13	10	6	0	1
13	11	0	0	44670
13	11	0	1	22328
13	11	0	2	18371
13	11	1	0	65519
13	11	1	1	37590
13	11	1	2	31619
13	11	2	0	27646
13	11	2	1	16927
13	11	2	2	13727
13	11	3	0	7811
13	11	3	1	3845
13	11	3	2	4606
13	11	4	0	1486
13	11	4	1	665
13	11	4	2	836
13	11	5	0	170
13	11	5	1	31
13	11	5	2	26
13	12	0	0	52276
13	12	0	1	20687
13	12	0	2	23906
13	12	1	0	85743
13	12	1	1	33437
13	12	1	2	33144
13	12	2	0	36202
13	12	2	1	12084
13	12	2	2	11339
13	12	3	0	11464
13	12	3	1	2594
13	12	3	2	2640
13	12	4	0	2384
13	12	4	1	466
13	12	4	2	326
13	12	5	0	199
13	12	5	1	19
13	12	5	2	14
13	12	6	0	2
13	13	0	0	42979
13	13	0	1	18872
13	13	0	2	21902
13	13	1	0	68714
13	13	1	1	24658
13	13	1	2	26468
13	13	2	0	26530
13	13	2	1	5811
13	13	2	2	6394
13	13	3	0	7726
13	13	3	1	1332
13	13	3	2	1461
13	13	4	0	2021
13	13	4	1	293
13	13	4	2	322
13	13	5	0	188
13	13	5	1	21
13	13	5	2	24
13	13	6	0	28
13	14	0	0	28932
13	14	0	1	13369
13	14	0	2	17876
13	14	1	0	41152
13	14	1	1	17268
13	14	1	2	17615
13	14	2	0	13569
13	14	2	1	3131
13	14	2	2	3800
13	14	3	0	2624
13	14	3	1	329
13	14	3	2	489
13	14	4	0	685
13	14	4	1	24
13	14	4	2	43
13	14	5	0	175
13	14	5	2	3
13	14	6	0	24
13	15	0	0	19831
13	15	0	1	4744
13	15	0	2	5405
13	15	1	0	28514
13	15	1	1	5345
13	15	1	2	3941
13	15	2	0	9440
13	15	2	1	570
13	15	2	2	522
13	15	3	0	1232
13	15	3	1	35
13	15	3	2	20
13	15	4	0	45
13	15	4	1	2
13	15	5	0	11
13	16	0	0	6689
13	16	0	1	1328
13	16	0	2	1159
13	16	1	0	8985
13	16	1	1	815
13	16	1	2	717
13	16	2	0	2022
13	16	2	1	14
13	16	2	2	36
13	16	3	0	114
13	16	3	1	3
13	16	3	2	3
13	16	4	0	2
13	17	0	0	1972
13	17	0	1	209
13	17	0	2	166
13	17	1	0	1755
13	17	1	1	34
13	17	1	2	76
13	17	2	0	196
13	17	3	0	15
13	18	0	0	262
13	18	0	1	7
13	18	0	2	19
13	18	1	0	141
13	18	1	1	1
13	18	1	2	1
13	19	0	0	31
13	19	0	2	14
13	19	1	0	2
13	19	1	2	1
13	20	0	0	28
13	20	1	0	5
14	7	0	0	153
14	7	0	1	415
14	7	0	2	121
14	7	1	0	2
14	7	1	1	10
14	7	1	2	2
14	7	2	1	6
14	7	3	1	3
14	7	12	0	5
14	7	12	1	2
14	8	0	0	278
14	8	0	1	469
14	8	0	2	220
14	8	1	0	99
14	8	1	1	267
14	8	1	2	98
14	8	2	0	101
14	8	2	1	271
14	8	2	2	91
14	8	3	0	16
14	8	3	1	74
14	8	3	2	24
14	8	4	1	22
14	8	4	2	17
14	8	5	0	1
14	8	5	1	10
14	8	5	2	11
14	8	6	0	7
14	8	6	1	1
14	8	6	2	3
14	8	7	0	1
14	9	0	0	423
14	9	0	1	630
14	9	0	2	342
14	9	1	0	836
14	9	1	1	1108
14	9	1	2	739
14	9	2	0	467
14	9	2	1	782
14	9	2	2	395
14	9	3	0	172
14	9	3	1	304
14	9	3	2	131
14	9	4	0	43
14	9	4	1	84
14	9	4	2	17
14	9	5	0	18
14	9	5	1	51
14	9	6	0	33
14	9	6	1	22
14	9	7	0	18
14	9	7	1	5
14	9	8	0	5
14	10	0	0	564
14	10	0	1	575
14	10	0	2	406
14	10	1	0	1247
14	10	1	1	1018
14	10	1	2	721
14	10	2	0	992
14	10	2	1	736
14	10	2	2	422
14	10	3	0	289
14	10	3	1	193
14	10	3	2	106
14	10	4	0	70
14	10	4	1	52
14	10	4	2	14
14	10	5	0	20
14	10	5	1	22
14	10	5	2	1
14	10	6	0	16
14	10	6	1	7
14	10	7	0	6
14	10	7	1	1
14	10	8	0	1
14	11	0	0	564
14	11	0	1	386
14	11	0	2	277
14	11	1	0	1600
14	11	1	1	1060
14	11	1	2	685
14	11	2	0	1270
14	11	2	1	807
14	11	2	2	452
14	11	3	0	559
14	11	3	1	294
14	11	3	2	191
14	11	4	0	110
14	11	4	1	44
14	11	4	2	34
14	11	5	0	7
14	11	5	1	1
14	12	0	0	424
14	12	0	1	139
14	12	0	2	86
14	12	1	0	1081
14	12	1	1	392
14	12	1	2	168
14	12	2	0	751
14	12	2	1	282
14	12	2	2	61
14	12	3	0	365
14	12	3	1	133
14	12	3	2	31
14	12	4	0	95
14	12	4	1	41
14	12	4	2	7
14	12	5	0	7
14	13	0	0	189
14	13	0	1	33
14	13	0	2	11
14	13	1	0	431
14	13	1	1	82
14	13	1	2	24
14	13	2	0	264
14	13	2	1	36
14	13	2	2	34
14	13	3	0	81
14	13	3	1	4
14	13	3	2	28
14	13	4	0	44
14	13	4	1	29
14	13	4	2	6
14	13	5	0	42
14	14	0	0	66
14	14	0	1	8
14	14	0	2	2
14	14	1	0	184
14	14	1	1	10
14	14	1	2	5
14	14	2	0	135
14	14	2	1	2
14	14	2	2	5
14	14	3	0	67
14	14	3	2	7
14	14	4	0	23
14	14	5	0	41
14	15	0	0	21
14	15	1	0	55
14	15	2	0	39
14	15	3	0	30
14	15	4	0	15
14	16	0	0	6
14	16	1	0	7
14	16	2	0	2
15	8	0	0	727
15	8	0	1	874
15	8	0	2	220
15	8	1	0	10
15	8	1	1	55
15	8	1	2	100
15	8	2	0	6
15	8	2	1	55
15	8	2	2	65
15	8	3	1	16
15	8	3	2	20
15	9	0	0	1603
15	9	0	1	1782
15	9	0	2	671
15	9	1	0	560
15	9	1	1	1161
15	9	1	2	898
15	9	2	0	334
15	9	2	1	748
15	9	2	2	798
15	9	3	0	59
15	9	3	1	262
15	9	3	2	315
15	9	4	0	5
15	9	4	1	93
15	9	4	2	81
15	9	5	1	17
15	9	5	2	12
15	10	0	0	2596
15	10	0	1	2084
15	10	0	2	819
15	10	1	0	2325
15	10	1	1	2293
15	10	1	2	1357
15	10	2	0	1603
15	10	2	1	1346
15	10	2	2	1027
15	10	3	0	572
15	10	3	1	451
15	10	3	2	282
15	10	4	0	21
15	10	4	1	43
15	10	4	2	21
15	10	5	1	13
15	11	0	0	3964
15	11	0	1	1817
15	11	0	2	938
15	11	1	0	4113
15	11	1	1	1741
15	11	1	2	1225
15	11	2	0	3194
15	11	2	1	1474
15	11	2	2	1039
15	11	3	0	1117
15	11	3	1	671
15	11	3	2	410
15	11	4	0	134
15	11	4	1	88
15	11	4	2	43
15	11	5	1	1
15	12	0	0	4840
15	12	0	1	1782
15	12	0	2	1379
15	12	1	0	5916
15	12	1	1	1427
15	12	1	2	1678
15	12	2	0	4961
15	12	2	1	1227
15	12	2	2	1350
15	12	3	0	2105
15	12	3	1	450
15	12	3	2	438
15	12	4	0	292
15	12	4	1	29
15	12	4	2	14
15	12	5	0	21
15	13	0	0	4811
15	13	0	1	1456
15	13	0	2	1388
15	13	1	0	5275
15	13	1	1	1200
15	13	1	2	1283
15	13	2	0	4014
15	13	2	1	842
15	13	2	2	1048
15	13	3	0	1472
15	13	3	1	257
15	13	3	2	289
15	13	4	0	205
15	13	4	1	34
15	13	4	2	14
15	13	5	0	12
15	14	0	0	2666
15	14	0	1	553
15	14	0	2	658
15	14	1	0	2080
15	14	1	1	356
15	14	1	2	548
15	14	2	0	1561
15	14	2	1	211
15	14	2	2	415
15	14	3	0	606
15	14	3	1	71
15	14	3	2	149
15	14	4	0	114
15	14	4	1	10
15	14	4	2	39
15	14	5	0	12
15	14	5	2	11
15	15	0	0	1038
15	15	0	1	109
15	15	0	2	196
15	15	1	0	627
15	15	1	1	39
15	15	1	2	76
15	15	2	0	436
15	15	2	1	13
15	15	2	2	86
15	15	3	0	115
15	15	3	2	34
15	15	4	0	1
15	15	6	1	1
15	15	7	0	4
15	16	0	0	241
15	16	0	1	32
15	16	0	2	43
15	16	1	0	27
15	16	1	1	2
15	16	1	2	2
15	16	2	0	1
15	16	2	1	1
15	16	2	2	2
15	16	3	2	2
15	17	0	0	76
15	17	0	1	37
15	17	0	2	16
15	17	1	0	30
15	17	2	0	2
15	18	0	0	5
15	18	0	1	3
15	18	0	2	4
15	18	1	0	1
16	8	0	0	2084
16	8	0	1	973
16	8	0	2	447
16	8	1	0	10
16	8	1	1	5
16	8	2	0	55
16	8	2	1	35
16	8	2	2	126
16	8	3	0	2
16	8	3	1	22
16	8	3	2	33
16	8	4	1	40
16	8	4	2	53
16	8	5	1	37
16	8	5	2	62
16	8	6	2	46
16	9	0	0	2817
16	9	0	1	1526
16	9	0	2	957
16	9	1	0	1107
16	9	1	1	546
16	9	1	2	304
16	9	2	0	859
16	9	2	1	424
16	9	2	2	449
16	9	3	0	656
16	9	3	1	230
16	9	3	2	624
16	9	4	0	127
16	9	4	1	191
16	9	4	2	586
16	9	5	0	11
16	9	5	1	215
16	9	5	2	502
16	9	6	0	1
16	9	6	1	122
16	9	6	2	334
16	9	7	1	43
16	9	7	2	67
16	10	0	0	7157
16	10	0	1	4025
16	10	0	2	2426
16	10	1	0	6801
16	10	1	1	5388
16	10	1	2	2898
16	10	2	0	4056
16	10	2	1	4184
16	10	2	2	2329
16	10	3	0	1567
16	10	3	1	1777
16	10	3	2	847
16	10	4	0	455
16	10	4	1	453
16	10	4	2	208
16	10	5	0	71
16	10	5	1	109
16	10	5	2	41
16	10	6	0	48
16	10	6	1	22
16	10	6	2	1
16	10	7	0	42
16	10	7	2	2
16	11	0	0	13934
16	11	0	1	9920
16	11	0	2	5716
16	11	1	0	15859
16	11	1	1	16186
16	11	1	2	8621
16	11	2	0	8524
16	11	2	1	11246
16	11	2	2	6095
16	11	3	0	3572
16	11	3	1	4399
16	11	3	2	2414
16	11	4	0	982
16	11	4	1	1286
16	11	4	2	674
16	11	5	0	285
16	11	5	1	384
16	11	5	2	68
16	11	6	0	12
16	11	6	1	101
16	11	7	0	144
16	11	7	1	35
16	12	0	0	19378
16	12	0	1	14155
16	12	0	2	7521
16	12	1	0	21171
16	12	1	1	20841
16	12	1	2	9032
16	12	2	0	11858
16	12	2	1	14365
16	12	2	2	6033
16	12	3	0	5312
16	12	3	1	6127
16	12	3	2	2464
16	12	4	0	1889
16	12	4	1	2219
16	12	4	2	649
16	12	5	0	403
16	12	5	1	558
16	12	5	2	159
16	12	6	0	13
16	12	6	1	27
16	12	6	2	6
16	12	7	0	31
16	13	0	0	19224
16	13	0	1	13364
16	13	0	2	6940
16	13	1	0	16756
16	13	1	1	16001
16	13	1	2	5974
16	13	2	0	10454
16	13	2	1	10611
16	13	2	2	3362
16	13	3	0	4648
16	13	3	1	4418
16	13	3	2	1032
16	13	4	0	1560
16	13	4	1	1410
16	13	4	2	314
16	13	5	0	297
16	13	5	1	312
16	13	5	2	53
16	14	0	0	15151
16	14	0	1	11035
16	14	0	2	6004
16	14	1	0	11254
16	14	1	1	10040
16	14	1	2	3801
16	14	2	0	5833
16	14	2	1	5195
16	14	2	2	1582
16	14	3	0	2083
16	14	3	1	1657
16	14	3	2	413
16	14	4	0	666
16	14	4	1	406
16	14	4	2	49
16	14	5	0	129
16	15	0	0	10519
16	15	0	1	6727
16	15	0	2	4025
16	15	1	0	6465
16	15	1	1	4630
16	15	1	2	1606
16	15	2	0	2564
16	15	2	1	1920
16	15	2	2	353
16	15	3	0	639
16	15	3	1	436
16	15	3	2	34
16	15	4	0	159
16	15	4	1	28
16	15	5	0	28
16	16	0	0	6556
16	16	0	1	3717
16	16	0	2	2177
16	16	1	0	2853
16	16	1	1	1797
16	16	1	2	627
16	16	2	0	640
16	16	2	1	455
16	16	2	2	92
16	16	3	0	117
16	16	3	1	37
16	16	3	2	9
16	16	4	0	40
16	17	0	0	2913
16	17	0	1	1264
16	17	0	2	1006
16	17	1	0	870
16	17	1	1	493
16	17	1	2	155
16	17	2	0	68
16	17	2	1	46
16	17	2	2	7
16	17	3	0	32
16	17	3	1	7
16	17	3	2	8
16	17	4	0	6
16	18	0	0	1249
16	18	0	1	349
16	18	0	2	309
16	18	1	0	204
16	18	1	1	85
16	18	1	2	14
16	18	2	0	17
16	18	2	1	2
16	18	2	2	2
16	18	3	0	4
16	19	0	0	463
16	19	0	1	12
16	19	0	2	46
16	19	1	0	41
16	19	1	1	6
16	19	2	0	6
16	20	0	0	6
17	8	0	0	8055
17	8	0	1	3619
17	8	0	2	2199
17	8	1	0	27
17	8	1	1	5
17	8	1	2	20
17	8	2	0	26
17	8	2	1	8
17	8	2	2	29
17	8	3	0	6
17	8	3	2	15
17	8	4	2	2
17	9	0	0	8821
17	9	0	1	3814
17	9	0	2	3146
17	9	1	0	6529
17	9	1	1	2337
17	9	1	2	2404
17	9	2	0	8409
17	9	2	1	3180
17	9	2	2	3132
17	9	3	0	1599
17	9	3	1	1112
17	9	3	2	870
17	9	4	0	175
17	9	4	1	129
17	9	4	2	170
17	9	5	0	2
17	9	5	1	1
17	9	5	2	6
17	10	0	0	14982
17	10	0	1	4596
17	10	0	2	4924
17	10	1	0	18834
17	10	1	1	6292
17	10	1	2	6050
17	10	2	0	11247
17	10	2	1	5393
17	10	2	2	4389
17	10	3	0	2373
17	10	3	1	1827
17	10	3	2	1396
17	10	4	0	297
17	10	4	1	479
17	10	4	2	319
17	10	5	0	36
17	10	5	1	69
17	10	5	2	30
17	10	6	1	2
17	10	6	2	1
17	11	0	0	18256
17	11	0	1	4391
17	11	0	2	5765
17	11	1	0	23603
17	11	1	1	7886
17	11	1	2	7069
17	11	2	0	8243
17	11	2	1	4148
17	11	2	2	3693
17	11	3	0	1996
17	11	3	1	1233
17	11	3	2	1394
17	11	4	0	557
17	11	4	1	298
17	11	4	2	394
17	11	5	0	136
17	11	5	1	47
17	11	5	2	66
17	11	6	0	2
17	11	6	1	2
17	11	6	2	3
17	12	0	0	14936
17	12	0	1	3121
17	12	0	2	4562
17	12	1	0	16509
17	12	1	1	4594
17	12	1	2	4315
17	12	2	0	5318
17	12	2	1	2445
17	12	2	2	2091
17	12	3	0	1377
17	12	3	1	876
17	12	3	2	662
17	12	4	0	385
17	12	4	1	276
17	12	4	2	234
17	12	5	0	97
17	12	5	1	103
17	12	5	2	81
17	12	6	1	1
17	12	6	2	3
17	13	0	0	9584
17	13	0	1	2439
17	13	0	2	2976
17	13	1	0	7508
17	13	1	1	1842
17	13	1	2	1583
17	13	2	0	2622
17	13	2	1	1334
17	13	2	2	1115
17	13	3	0	580
17	13	3	1	602
17	13	3	2	461
17	13	4	0	204
17	13	4	1	245
17	13	4	2	215
17	13	5	0	33
17	13	5	1	79
17	13	5	2	98
17	13	6	0	6
17	13	6	1	25
17	13	6	2	38
17	14	0	0	6016
17	14	0	1	1903
17	14	0	2	2035
17	14	1	0	3051
17	14	1	1	852
17	14	1	2	626
17	14	2	0	1098
17	14	2	1	679
17	14	2	2	400
17	14	3	0	275
17	14	3	1	270
17	14	3	2	204
17	14	4	0	104
17	14	4	1	168
17	14	4	2	123
17	14	5	0	34
17	14	5	1	103
17	14	5	2	76
17	14	6	0	10
17	14	6	1	57
17	14	6	2	15
17	15	0	0	3091
17	15	0	1	990
17	15	0	2	857
17	15	1	0	1078
17	15	1	1	198
17	15	1	2	216
17	15	2	0	401
17	15	2	1	130
17	15	2	2	96
17	15	3	0	14
17	15	3	1	10
17	15	3	2	16
17	15	4	1	8
17	15	4	2	18
17	15	5	0	1
17	15	5	1	4
17	15	5	2	13
17	16	0	0	1286
17	16	0	1	287
17	16	0	2	120
17	16	1	0	205
17	16	1	1	5
17	16	1	2	15
17	16	2	0	21
17	16	2	2	1
17	16	3	2	2
17	16	4	2	3
17	16	5	2	3
17	17	0	0	325
17	17	0	1	14
17	17	0	2	41
17	17	1	0	1
17	17	1	2	2
17	18	0	0	30
17	18	0	1	4
17	19	0	0	12
18	9	0	0	1487
18	9	0	1	2592
18	9	0	2	962
18	9	1	0	20
18	9	1	1	116
18	9	1	2	126
18	9	2	0	14
18	9	2	1	115
18	9	2	2	106
18	9	3	1	30
18	9	3	2	10
18	9	4	1	12
18	9	4	2	14
18	9	5	2	1
18	10	0	0	3928
18	10	0	1	3918
18	10	0	2	1989
18	10	1	0	2583
18	10	1	1	3095
18	10	1	2	2096
18	10	2	0	1806
18	10	2	1	1820
18	10	2	2	1960
18	10	3	0	428
18	10	3	1	295
18	10	3	2	629
18	10	4	0	14
18	10	4	1	19
18	10	4	2	48
18	10	5	0	2
18	10	5	1	10
18	10	6	0	11
18	10	6	1	1
18	11	0	0	7360
18	11	0	1	5054
18	11	0	2	3312
18	11	1	0	9096
18	11	1	1	8357
18	11	1	2	5702
18	11	2	0	6467
18	11	2	1	6608
18	11	2	2	5861
18	11	3	0	2147
18	11	3	1	1863
18	11	3	2	2331
18	11	4	0	249
18	11	4	1	75
18	11	4	2	266
18	11	5	0	24
18	11	5	1	24
18	11	6	0	19
18	11	6	1	3
18	12	0	0	9660
18	12	0	1	5119
18	12	0	2	4438
18	12	1	0	13970
18	12	1	1	8423
18	12	1	2	7982
18	12	2	0	10306
18	12	2	1	6664
18	12	2	2	7574
18	12	3	0	3919
18	12	3	1	2304
18	12	3	2	3869
18	12	4	0	625
18	12	4	1	230
18	12	4	2	622
18	12	5	0	86
18	12	5	1	22
18	12	5	2	2
18	12	6	0	6
18	12	6	1	1
18	13	0	0	8943
18	13	0	1	4808
18	13	0	2	4669
18	13	1	0	11918
18	13	1	1	4877
18	13	1	2	5676
18	13	2	0	8297
18	13	2	1	2878
18	13	2	2	4020
18	13	3	0	3540
18	13	3	1	984
18	13	3	2	1750
18	13	4	0	791
18	13	4	1	102
18	13	4	2	225
18	13	5	0	72
18	13	5	1	10
18	13	6	0	4
18	14	0	0	7402
18	14	0	1	3737
18	14	0	2	3639
18	14	1	0	6370
18	14	1	1	1790
18	14	1	2	2397
18	14	2	0	3166
18	14	2	1	695
18	14	2	2	1154
18	14	3	0	1152
18	14	3	1	220
18	14	3	2	484
18	14	4	0	315
18	14	4	1	54
18	14	4	2	141
18	14	5	0	73
18	14	5	1	11
18	14	5	2	15
18	14	6	0	1
18	14	6	1	1
18	15	0	0	5310
18	15	0	1	2389
18	15	0	2	2479
18	15	1	0	1702
18	15	1	1	359
18	15	1	2	702
18	15	2	0	463
18	15	2	1	34
18	15	2	2	199
18	15	3	0	139
18	15	3	2	36
18	15	4	0	71
18	15	4	2	3
18	15	5	0	23
18	16	0	0	3241
18	16	0	1	1257
18	16	0	2	1204
18	16	1	0	476
18	16	1	1	28
18	16	1	2	75
18	16	2	0	60
18	16	2	1	1
18	17	0	0	1715
18	17	0	1	661
18	17	0	2	289
18	17	1	0	37
18	17	1	1	7
18	17	1	2	50
18	18	0	0	549
18	18	0	1	119
18	18	0	2	49
18	19	0	0	23
19	10	0	1	79
19	10	0	2	41
19	10	1	0	1
19	10	1	1	37
19	10	1	2	8
19	10	2	0	8
19	10	2	1	42
19	10	2	2	17
19	10	3	0	5
19	10	3	1	46
19	10	3	2	24
19	10	4	0	12
19	10	4	1	12
19	10	4	2	24
19	10	5	0	9
19	10	5	1	14
19	10	5	2	19
19	10	6	0	13
19	10	6	1	7
19	10	6	2	3
19	10	7	0	6
19	10	7	1	4
19	10	7	2	1
19	11	0	0	16
19	11	0	1	278
19	11	0	2	99
19	11	1	0	25
19	11	1	1	887
19	11	1	2	366
19	11	2	0	53
19	11	2	1	943
19	11	2	2	415
19	11	3	0	59
19	11	3	1	476
19	11	3	2	247
19	11	4	0	52
19	11	4	1	106
19	11	4	2	109
19	11	5	0	36
19	11	5	1	60
19	11	5	2	26
19	11	6	0	44
19	11	6	1	29
19	11	6	2	13
19	11	7	0	23
19	11	7	1	12
19	11	7	2	7
19	12	0	0	257
19	12	0	1	1176
19	12	0	2	461
19	12	1	0	270
19	12	1	1	2764
19	12	1	2	1438
19	12	2	0	297
19	12	2	1	1791
19	12	2	2	947
19	12	3	0	221
19	12	3	1	679
19	12	3	2	403
19	12	4	0	108
19	12	4	1	250
19	12	4	2	131
19	12	5	0	91
19	12	5	1	176
19	12	5	2	39
19	12	6	0	81
19	12	6	1	46
19	12	6	2	18
19	12	7	0	41
19	12	7	1	14
19	12	7	2	6
19	13	0	0	1876
19	13	0	1	5231
19	13	0	2	1640
19	13	1	0	2257
19	13	1	1	7648
19	13	1	2	2341
19	13	2	0	1062
19	13	2	1	3359
19	13	2	2	769
19	13	3	0	595
19	13	3	1	946
19	13	3	2	389
19	13	4	0	239
19	13	4	1	370
19	13	4	2	143
19	13	5	0	157
19	13	5	1	111
19	13	5	2	59
19	13	6	0	83
19	13	6	1	34
19	13	6	2	24
19	13	7	0	33
19	13	7	1	9
19	13	7	2	2
19	14	0	0	4820
19	14	0	1	10713
19	14	0	2	3899
19	14	1	0	6874
19	14	1	1	13226
19	14	1	2	4091
19	14	2	0	1991
19	14	2	1	3264
19	14	2	2	987
19	14	3	0	650
19	14	3	1	522
19	14	3	2	319
19	14	4	0	183
19	14	4	1	144
19	14	4	2	62
19	14	5	0	86
19	14	5	1	52
19	14	5	2	24
19	14	6	0	38
19	14	6	1	10
19	14	6	2	6
19	14	7	0	2
19	15	0	0	7395
19	15	0	1	12980
19	15	0	2	5107
19	15	1	0	10003
19	15	1	1	13377
19	15	1	2	4470
19	15	2	0	2290
19	15	2	1	2597
19	15	2	2	677
19	15	3	0	530
19	15	3	1	238
19	15	3	2	176
19	15	4	0	91
19	15	4	1	16
19	15	4	2	9
19	15	5	0	15
19	16	0	0	7444
19	16	0	1	9818
19	16	0	2	4069
19	16	1	0	8275
19	16	1	1	8117
19	16	1	2	3104
19	16	2	0	1221
19	16	2	1	1145
19	16	2	2	325
19	16	3	0	243
19	16	3	1	60
19	16	3	2	52
19	16	4	0	67
19	16	4	1	4
19	16	4	2	4
19	16	5	0	7
19	17	0	0	6252
19	17	0	1	5337
19	17	0	2	2591
19	17	1	0	4787
19	17	1	1	2641
19	17	1	2	1089
19	17	2	0	491
19	17	2	1	207
19	17	2	2	60
19	17	3	0	57
19	18	0	0	4330
19	18	0	1	1985
19	18	0	2	1225
19	18	1	0	1583
19	18	1	1	626
19	18	1	2	358
19	18	2	0	116
19	18	2	1	43
19	18	2	2	33
19	19	0	0	1906
19	19	0	1	361
19	19	0	2	349
19	19	1	0	282
19	19	1	1	60
19	19	1	2	79
19	19	2	0	53
19	19	2	1	6
19	20	0	0	553
19	20	0	1	7
19	20	0	2	36
19	20	1	0	58
19	20	1	1	8
19	21	0	0	41
19	22	0	0	14
20	9	0	0	8503
20	9	0	1	13266
20	9	0	2	6037
20	9	1	0	36
20	9	1	1	44
20	9	1	2	45
20	9	2	1	25
20	9	2	2	11
20	9	3	1	9
20	9	3	2	3
20	10	0	0	16180
20	10	0	1	14342
20	10	0	2	10913
20	10	1	0	10394
20	10	1	1	9292
20	10	1	2	6011
20	10	2	0	5209
20	10	2	1	7415
20	10	2	2	4572
20	10	3	0	735
20	10	3	1	982
20	10	3	2	1071
20	10	4	0	3
20	10	4	2	13
20	10	5	2	1
20	11	0	0	38172
20	11	0	1	27333
20	11	0	2	24955
20	11	1	0	52696
20	11	1	1	40132
20	11	1	2	31180
20	11	2	0	30345
20	11	2	1	22318
20	11	2	2	20428
20	11	3	0	7261
20	11	3	1	3999
20	11	3	2	4464
20	11	4	0	614
20	11	4	1	335
20	11	4	2	535
20	11	5	0	1
20	11	5	1	15
20	11	5	2	16
20	12	0	0	72282
20	12	0	1	44354
20	12	0	2	43953
20	12	1	0	116885
20	12	1	1	78145
20	12	1	2	66754
20	12	2	0	62934
20	12	2	1	31677
20	12	2	2	38423
20	12	3	0	22575
20	12	3	1	9339
20	12	3	2	11040
20	12	4	0	3338
20	12	4	1	756
20	12	4	2	1294
20	12	5	0	205
20	12	5	1	25
20	12	5	2	103
20	12	6	0	2
20	13	0	0	93669
20	13	0	1	44649
20	13	0	2	54280
20	13	1	0	156072
20	13	1	1	69291
20	13	1	2	76662
20	13	2	0	94296
20	13	2	1	29640
20	13	2	2	39911
20	13	3	0	40013
20	13	3	1	7927
20	13	3	2	12776
20	13	4	0	12744
20	13	4	1	1894
20	13	4	2	2139
20	13	5	0	669
20	13	5	1	122
20	13	5	2	199
20	13	6	0	68
20	13	6	1	2
20	13	6	2	1
20	14	0	0	67809
20	14	0	1	29992
20	14	0	2	44698
20	14	1	0	98362
20	14	1	1	34142
20	14	1	2	50802
20	14	2	0	53001
20	14	2	1	13048
20	14	2	2	24018
20	14	3	0	23309
20	14	3	1	3861
20	14	3	2	8507
20	14	4	0	7470
20	14	4	1	814
20	14	4	2	2026
20	14	5	0	1063
20	14	5	1	192
20	14	5	2	289
20	14	6	0	35
20	14	6	2	2
20	15	0	0	40018
20	15	0	1	19132
20	15	0	2	27197
20	15	1	0	41424
20	15	1	1	18591
20	15	1	2	24835
20	15	2	0	17946
20	15	2	1	7409
20	15	2	2	10792
20	15	3	0	6193
20	15	3	1	1554
20	15	3	2	2409
20	15	4	0	1215
20	15	4	1	140
20	15	4	2	259
20	15	5	0	190
20	15	5	1	2
20	15	5	2	12
20	15	6	0	39
20	16	0	0	30171
20	16	0	1	7429
20	16	0	2	8290
20	16	1	0	35060
20	16	1	1	6560
20	16	1	2	6263
20	16	2	0	21936
20	16	2	1	2631
20	16	2	2	2677
20	16	3	0	8754
20	16	3	1	465
20	16	3	2	781
20	16	4	0	1392
20	16	4	1	3
20	16	4	2	17
20	16	5	0	15
20	17	0	0	11530
20	17	0	1	1556
20	17	0	2	1396
20	17	1	0	13483
20	17	1	1	1003
20	17	1	2	739
20	17	2	0	8661
20	17	2	1	265
20	17	2	2	287
20	17	3	0	3580
20	17	3	1	9
20	17	3	2	4
20	17	4	0	457
20	18	0	0	2853
20	18	0	1	205
20	18	0	2	180
20	18	1	0	3103
20	18	1	1	135
20	18	1	2	93
20	18	2	0	1683
20	18	2	1	15
20	18	2	2	1
20	18	3	0	470
20	19	0	0	394
20	19	0	1	18
20	19	0	2	8
20	19	1	0	361
20	19	2	0	192
20	19	3	0	2
20	20	0	0	37
21	11	0	1	105
21	11	0	2	42
21	11	1	1	32
21	11	1	2	11
21	11	2	1	21
21	11	2	2	9
21	11	3	1	2
21	11	3	2	3
21	12	0	0	22
21	12	0	1	868
21	12	0	2	191
21	12	1	0	4
21	12	1	1	1121
21	12	1	2	318
21	12	2	1	439
21	12	2	2	178
21	12	3	1	36
21	12	3	2	31
21	12	4	2	1
21	12	6	1	2
21	13	0	0	525
21	13	0	1	7131
21	13	0	2	1622
21	13	1	0	436
21	13	1	1	7338
21	13	1	2	1857
21	13	2	0	32
21	13	2	1	1582
21	13	2	2	572
21	13	3	0	2
21	13	3	1	225
21	13	3	2	163
21	13	4	1	68
21	13	4	2	14
21	13	5	0	6
21	13	5	1	31
21	13	6	0	7
21	13	6	1	11
21	14	0	0	3772
21	14	0	1	25695
21	14	0	2	7517
21	14	1	0	4657
21	14	1	1	23017
21	14	1	2	7863
21	14	2	0	258
21	14	2	1	3771
21	14	2	2	1501
21	14	3	0	27
21	14	3	1	686
21	14	3	2	394
21	14	4	1	190
21	14	4	2	34
21	14	5	0	7
21	14	5	1	59
21	14	5	2	8
21	14	6	0	12
21	14	6	1	2
21	15	0	0	12372
21	15	0	1	47530
21	15	0	2	15047
21	15	1	0	15054
21	15	1	1	35894
21	15	1	2	13392
21	15	2	0	1162
21	15	2	1	5458
21	15	2	2	2136
21	15	3	0	179
21	15	3	1	838
21	15	3	2	509
21	15	4	0	15
21	15	4	1	151
21	15	4	2	51
21	15	5	0	7
21	15	5	1	17
21	15	5	2	3
21	15	6	1	4
21	16	0	0	20610
21	16	0	1	48837
21	16	0	2	17410
21	16	1	0	22959
21	16	1	1	27434
21	16	1	2	12172
21	16	2	0	2073
21	16	2	1	4023
21	16	2	2	1832
21	16	3	0	454
21	16	3	1	688
21	16	3	2	395
21	16	4	0	92
21	16	4	1	110
21	16	4	2	66
21	16	5	0	10
21	16	5	1	10
21	16	5	2	9
21	17	0	0	25260
21	17	0	1	41269
21	17	0	2	15429
21	17	1	0	17248
21	17	1	1	13231
21	17	1	2	7148
21	17	2	0	1423
21	17	2	1	1649
21	17	2	2	895
21	17	3	0	246
21	17	3	1	172
21	17	3	2	145
21	17	4	0	40
21	17	4	1	30
21	17	4	2	24
21	17	5	0	1
21	17	5	1	2
21	17	5	2	4
21	18	0	0	26745
21	18	0	1	26905
21	18	0	2	10385
21	18	1	0	8394
21	18	1	1	4483
21	18	1	2	2455
21	18	2	0	589
21	18	2	1	341
21	18	2	2	161
21	18	3	0	83
21	18	3	1	10
21	18	3	2	3
21	18	4	0	10
21	19	0	0	20974
21	19	0	1	13827
21	19	0	2	5300
21	19	1	0	2951
21	19	1	1	833
21	19	1	2	593
21	19	2	0	141
21	19	2	1	22
21	19	2	2	28
21	19	3	1	3
21	20	0	0	12264
21	20	0	1	4030
21	20	0	2	1775
21	20	1	0	876
21	20	1	1	93
21	20	1	2	79
21	20	2	0	11
21	20	2	1	3
21	21	0	0	3046
21	21	0	1	315
21	21	0	2	289
21	21	1	0	225
21	22	0	0	527
22	12	0	1	1
22	14	0	1	91
22	14	0	2	4
22	14	1	0	1
22	14	1	1	21
22	15	0	0	30
22	15	0	1	1152
22	15	0	2	79
22	15	1	0	8
22	15	1	1	112
22	16	0	0	284
22	16	0	1	4049
22	16	0	2	684
22	16	1	0	3
22	16	1	1	151
22	16	1	2	7
22	17	0	0	1107
22	17	0	1	5652
22	17	0	2	1209
22	17	1	0	11
22	17	1	1	143
22	17	1	2	9
22	18	0	0	2279
22	18	0	1	5773
22	18	0	2	1151
22	18	1	1	141
22	18	1	2	7
22	19	0	0	3241
22	19	0	1	4501
22	19	0	2	931
22	19	1	1	106
22	19	1	2	5
22	20	0	0	2563
22	20	0	1	2399
22	20	0	2	428
22	20	1	1	25
22	20	1	2	2
22	21	0	0	344
22	21	0	1	241
22	21	0	2	79
22	22	0	0	28
23	5	0	0	392
23	5	0	1	336
23	5	0	2	198
23	6	0	0	20
23	6	0	1	23
23	6	0	2	19
23	7	0	0	11
23	7	0	1	9
23	7	0	2	22
23	8	0	0	10
23	8	0	1	11
23	8	0	2	10
23	8	1	0	3
23	9	0	0	5
23	9	0	1	4
23	9	0	2	5
23	10	0	0	5
23	10	0	1	6
23	10	0	2	1
23	11	0	0	2
23	11	0	1	4
23	11	0	2	1
23	12	0	0	1
23	12	0	1	1
24	6	0	0	533
24	6	0	1	523
24	6	0	2	437
24	6	1	0	40
24	6	1	1	14
24	6	1	2	2
24	6	2	0	33
24	6	2	1	18
24	6	2	2	2
24	7	0	0	514
24	7	0	1	310
24	7	0	2	407
24	7	1	0	294
24	7	1	1	225
24	7	1	2	124
24	7	2	0	243
24	7	2	1	315
24	7	2	2	209
24	7	3	0	32
24	7	3	1	71
24	7	3	2	45
24	8	0	0	475
24	8	0	1	325
24	8	0	2	260
24	8	1	0	504
24	8	1	1	557
24	8	1	2	288
24	8	2	0	219
24	8	2	1	522
24	8	2	2	218
24	8	3	0	29
24	8	3	1	162
24	8	3	2	85
24	8	4	2	16
24	9	0	0	279
24	9	0	1	245
24	9	0	2	137
24	9	1	0	410
24	9	1	1	447
24	9	1	2	158
24	9	2	0	238
24	9	2	1	315
24	9	2	2	108
24	9	3	0	32
24	9	3	1	40
24	9	3	2	70
24	9	4	1	2
24	9	4	2	2
24	10	0	0	203
24	10	0	1	111
24	10	0	2	76
24	10	1	0	255
24	10	1	1	143
24	10	1	2	62
24	10	2	0	90
24	10	2	1	78
24	10	2	2	46
24	10	3	0	4
24	10	3	1	1
24	10	3	2	28
24	10	4	2	15
24	10	5	2	7
24	11	0	0	100
24	11	0	1	31
24	11	0	2	45
24	11	1	0	90
24	11	1	1	41
24	11	1	2	22
24	11	2	0	17
24	11	2	1	16
24	11	2	2	5
24	12	0	0	34
24	12	0	1	9
24	12	0	2	12
24	12	1	0	40
24	12	1	1	9
24	12	1	2	8
24	12	2	0	18
24	13	0	0	11
24	13	0	2	1
24	13	1	0	11
25	7	0	1	13
25	7	0	2	74
25	7	1	1	8
25	7	1	2	1
25	7	2	1	13
25	7	2	2	2
25	7	3	1	6
25	7	3	2	2
25	7	4	1	1
25	8	0	1	15
25	8	0	2	35
25	8	1	1	79
25	8	1	2	14
25	8	2	1	129
25	8	2	2	12
25	8	3	1	81
25	8	3	2	5
25	9	0	1	24
25	9	0	2	27
25	9	1	1	113
25	9	1	2	28
25	9	2	1	128
25	9	2	2	22
25	9	3	1	85
25	9	3	2	27
25	9	4	2	29
25	10	0	1	5
25	10	0	2	15
25	10	1	1	51
25	10	1	2	3
25	10	2	1	48
25	10	2	2	3
25	10	3	1	8
25	11	0	1	1
25	11	1	1	5
25	11	2	1	4
25	12	0	1	1
25	12	1	0	4
25	12	1	1	1
25	12	2	0	4
25	13	0	0	1
25	13	1	0	1
26	6	0	0	275
26	6	0	1	283
26	6	0	2	149
26	7	0	0	17
26	7	0	1	25
26	7	0	2	38
26	7	1	0	60
26	7	1	1	25
26	7	1	2	13
26	7	2	0	219
26	7	2	1	150
26	7	2	2	40
26	7	3	0	37
26	7	3	1	19
26	7	3	2	10
26	8	0	0	31
26	8	0	1	19
26	8	0	2	32
26	8	1	0	135
26	8	1	1	110
26	8	1	2	43
26	8	2	0	139
26	8	2	1	88
26	8	2	2	37
26	8	3	0	55
26	8	3	1	23
26	8	3	2	6
26	8	4	0	13
26	9	0	0	15
26	9	0	1	7
26	9	0	2	10
26	9	1	0	53
26	9	1	1	38
26	9	1	2	12
26	9	2	0	38
26	9	2	1	26
26	9	2	2	6
26	9	3	0	9
26	9	3	1	14
26	10	0	0	3
26	10	0	1	3
26	10	1	0	14
26	10	1	1	13
26	10	1	2	2
26	10	2	0	9
26	10	2	1	9
26	10	2	2	2
26	10	4	0	4
26	11	0	0	1
26	11	0	1	3
26	11	1	0	7
26	11	1	1	7
26	11	1	2	1
26	11	2	0	5
26	11	2	1	4
26	11	2	2	1
26	11	3	0	1
26	12	0	0	1
26	12	0	1	3
26	12	1	0	1
26	12	1	1	6
26	12	1	2	1
26	12	2	1	4
26	12	2	2	1
26	13	0	1	1
26	13	1	1	6
26	13	1	2	1
26	13	2	1	4
26	13	2	2	1
26	14	0	1	1
26	14	1	0	6
26	14	1	1	1
26	14	2	0	5
26	15	0	0	1
26	15	1	0	1
27	7	0	0	456
27	7	0	1	676
27	7	0	2	442
27	7	1	1	8
27	7	1	2	3
27	7	2	1	15
27	7	2	2	5
27	7	3	1	3
27	7	3	2	3
27	8	0	0	186
27	8	0	1	220
27	8	0	2	356
27	8	1	0	420
27	8	1	1	762
27	8	1	2	276
27	8	2	0	710
27	8	2	1	1447
27	8	2	2	558
27	8	3	0	212
27	8	3	1	412
27	8	3	2	413
27	8	4	0	43
27	8	4	1	78
27	8	4	2	134
27	8	5	0	4
27	8	5	1	4
27	8	5	2	16
27	9	0	0	502
27	9	0	1	444
27	9	0	2	380
27	9	1	0	2123
27	9	1	1	2111
27	9	1	2	705
27	9	2	0	2621
27	9	2	1	2325
27	9	2	2	970
27	9	3	0	1625
27	9	3	1	1650
27	9	3	2	486
27	9	4	0	174
27	9	4	1	167
27	9	4	2	105
27	9	5	0	9
27	9	5	1	2
27	10	0	0	613
27	10	0	1	372
27	10	0	2	364
27	10	1	0	3112
27	10	1	1	2092
27	10	1	2	723
27	10	2	0	3139
27	10	2	1	2065
27	10	2	2	747
27	10	3	0	1199
27	10	3	1	691
27	10	3	2	341
27	10	4	0	765
27	10	4	1	706
27	10	4	2	101
27	10	5	0	33
27	10	5	2	2
27	10	6	0	2
27	11	0	0	466
27	11	0	1	211
27	11	0	2	238
27	11	1	0	2646
27	11	1	1	931
27	11	1	2	409
27	11	2	0	2265
27	11	2	1	696
27	11	2	2	346
27	11	3	0	1405
27	11	3	1	549
27	11	3	2	320
27	11	4	0	782
27	11	4	1	356
27	11	4	2	181
27	11	5	0	979
27	11	5	1	391
27	11	5	2	140
27	11	6	0	7
27	11	6	1	1
27	11	6	2	4
27	12	0	0	229
27	12	0	1	102
27	12	0	2	101
27	12	1	0	1150
27	12	1	1	205
27	12	1	2	73
27	12	2	0	975
27	12	2	1	131
27	12	2	2	82
27	12	3	0	596
27	12	3	1	30
27	12	3	2	14
27	12	4	0	534
27	12	4	1	1
27	12	4	2	5
27	12	5	0	33
27	12	5	2	1
27	13	0	0	167
27	13	0	1	24
27	13	0	2	37
27	13	1	0	286
27	13	1	1	99
27	13	1	2	17
27	13	2	0	213
27	13	2	1	45
27	13	2	2	12
27	13	3	0	159
27	13	3	1	2
27	13	3	2	2
27	13	4	0	11
27	13	4	1	1
27	13	4	2	1
27	13	5	0	4
27	13	6	0	1
27	14	0	0	68
27	14	0	1	17
27	14	0	2	18
27	14	1	0	191
27	14	1	1	25
27	14	1	2	13
27	14	2	0	144
27	14	2	1	6
27	14	2	2	4
27	14	3	0	7
27	14	4	0	3
27	14	5	0	2
27	15	0	0	43
27	15	0	1	3
27	15	0	2	5
27	15	1	0	120
27	15	2	0	38
27	15	3	0	2
27	16	0	0	45
27	16	1	0	32
27	16	2	0	15
27	17	0	0	10
28	8	0	0	1793
28	8	0	1	1786
28	8	0	2	996
28	8	1	1	20
28	8	1	2	15
28	8	2	1	26
28	8	2	2	25
28	8	3	1	1
28	8	3	2	17
28	9	0	0	452
28	9	0	1	427
28	9	0	2	594
28	9	1	0	386
28	9	1	1	894
28	9	1	2	653
28	9	2	0	383
28	9	2	1	1182
28	9	2	2	479
28	9	3	0	20
28	9	3	1	129
28	9	3	2	100
28	9	4	0	19
28	9	4	1	23
28	9	4	2	2
28	9	5	0	20
28	10	0	0	590
28	10	0	1	966
28	10	0	2	990
28	10	1	0	1961
28	10	1	1	4259
28	10	1	2	2858
28	10	2	0	2365
28	10	2	1	4504
28	10	2	2	2204
28	10	3	0	753
28	10	3	1	1235
28	10	3	2	391
28	10	4	0	116
28	10	4	1	138
28	10	4	2	17
28	10	5	0	35
28	10	5	1	17
28	10	6	0	10
28	10	6	1	1
28	10	7	0	1
28	11	0	0	1141
28	11	0	1	1851
28	11	0	2	1615
28	11	1	0	5680
28	11	1	1	9389
28	11	1	2	5383
28	11	2	0	3940
28	11	2	1	6454
28	11	2	2	3563
28	11	3	0	2419
28	11	3	1	3220
28	11	3	2	1207
28	11	4	0	869
28	11	4	1	905
28	11	4	2	132
28	11	5	0	104
28	11	5	1	49
28	11	5	2	7
28	11	6	0	20
28	11	6	1	16
28	11	7	0	9
28	11	7	1	1
28	11	8	0	1
28	12	0	0	1629
28	12	0	1	2001
28	12	0	2	1554
28	12	1	0	8808
28	12	1	1	10714
28	12	1	2	6190
28	12	2	0	7689
28	12	2	1	8279
28	12	2	2	3899
28	12	3	0	4232
28	12	3	1	4086
28	12	3	2	2132
28	12	4	0	2732
28	12	4	1	2534
28	12	4	2	671
28	12	5	0	810
28	12	5	1	602
28	12	5	2	84
28	12	6	0	45
28	12	6	1	31
28	12	6	2	6
28	12	7	0	18
28	12	7	1	5
28	12	8	0	4
28	12	8	1	1
28	12	9	0	1
28	13	0	0	2103
28	13	0	1	1476
28	13	0	2	1240
28	13	1	0	12538
28	13	1	1	7885
28	13	1	2	4914
28	13	2	0	11223
28	13	2	1	5509
28	13	2	2	3568
28	13	3	0	8845
28	13	3	1	3961
28	13	3	2	2210
28	13	4	0	5418
28	13	4	1	2271
28	13	4	2	1176
28	13	5	0	3240
28	13	5	1	1053
28	13	5	2	400
28	13	6	0	620
28	13	6	1	243
28	13	6	2	51
28	13	7	0	14
28	13	7	1	9
28	13	7	2	3
28	14	0	0	1650
28	14	0	1	1256
28	14	0	2	1094
28	14	1	0	8462
28	14	1	1	5002
28	14	1	2	4758
28	14	2	0	6183
28	14	2	1	3913
28	14	2	2	3591
28	14	3	0	5557
28	14	3	1	3354
28	14	3	2	2941
28	14	4	0	4749
28	14	4	1	2500
28	14	4	2	2023
28	14	5	0	2780
28	14	5	1	1283
28	14	5	2	886
28	14	6	0	1432
28	14	6	1	292
28	14	6	2	255
28	14	7	0	352
28	14	7	1	19
28	14	7	2	6
28	14	8	0	12
28	15	0	0	2345
28	15	0	1	632
28	15	0	2	336
28	15	1	0	10164
28	15	1	1	2081
28	15	1	2	1691
28	15	2	0	6760
28	15	2	1	2320
28	15	2	2	2301
28	15	3	0	6640
28	15	3	1	1993
28	15	3	2	2106
28	15	4	0	6008
28	15	4	1	1803
28	15	4	2	1712
28	15	5	0	4470
28	15	5	1	1312
28	15	5	2	991
28	15	6	0	2317
28	15	6	1	597
28	15	6	2	162
28	15	7	0	719
28	15	7	1	10
28	15	7	2	3
28	15	8	0	27
28	16	0	0	1049
28	16	0	1	264
28	16	0	2	85
28	16	1	0	4728
28	16	1	1	317
28	16	1	2	335
28	16	2	0	6114
28	16	2	1	276
28	16	2	2	408
28	16	3	0	6011
28	16	3	1	219
28	16	3	2	394
28	16	4	0	5933
28	16	4	1	183
28	16	4	2	334
28	16	5	0	5106
28	16	5	1	119
28	16	5	2	228
28	16	6	0	3363
28	16	6	1	40
28	16	6	2	87
28	16	7	0	1115
28	16	7	1	3
28	16	7	2	2
28	16	8	0	13
28	17	0	0	275
28	17	0	1	207
28	17	1	0	759
28	17	1	1	69
28	17	1	2	22
28	17	2	0	911
28	17	2	1	11
28	17	2	2	14
28	17	3	0	886
28	17	3	2	2
28	17	4	0	821
28	17	5	0	668
28	17	6	0	432
28	17	7	0	150
28	17	8	0	5
28	18	0	0	281
28	18	0	1	7
28	18	1	0	92
28	18	1	1	42
28	18	1	2	17
28	18	2	0	30
28	18	2	1	9
28	18	3	0	3
28	19	0	0	6
28	19	0	1	7
28	19	1	0	79
28	19	1	1	20
28	19	1	2	2
28	19	2	0	26
28	19	3	0	2
28	20	0	0	8
28	20	1	0	65
28	20	2	0	10
28	21	0	0	6
28	21	1	0	21
29	8	0	0	9018
29	8	0	1	5362
29	8	0	2	2853
29	8	1	0	6
29	8	1	1	38
29	8	1	2	47
29	8	2	0	5
29	8	2	1	107
29	8	2	2	135
29	8	3	1	114
29	8	3	2	127
29	8	4	1	57
29	8	4	2	59
29	8	5	1	16
29	8	5	2	29
29	9	0	0	7023
29	9	0	1	3640
29	9	0	2	3365
29	9	1	0	8116
29	9	1	1	3376
29	9	1	2	5132
29	9	2	0	15396
29	9	2	1	6949
29	9	2	2	7537
29	9	3	0	2601
29	9	3	1	1276
29	9	3	2	1363
29	9	4	0	241
29	9	4	1	286
29	9	4	2	236
29	9	5	0	2
29	9	5	1	46
29	9	5	2	27
29	9	6	0	6
29	9	6	1	7
29	9	6	2	7
29	10	0	0	11137
29	10	0	1	5165
29	10	0	2	5327
29	10	1	0	15448
29	10	1	1	7100
29	10	1	2	8123
29	10	2	0	14106
29	10	2	1	7793
29	10	2	2	7592
29	10	3	0	3822
29	10	3	1	2151
29	10	3	2	3457
29	10	4	0	600
29	10	4	1	334
29	10	4	2	335
29	10	5	0	74
29	10	5	1	36
29	10	5	2	18
29	11	0	0	13835
29	11	0	1	6507
29	11	0	2	6270
29	11	1	0	16819
29	11	1	1	9842
29	11	1	2	7956
29	11	2	0	8505
29	11	2	1	6148
29	11	2	2	4906
29	11	3	0	2383
29	11	3	1	1577
29	11	3	2	1811
29	11	4	0	369
29	11	4	1	293
29	11	4	2	216
29	11	5	0	51
29	11	5	1	81
29	11	5	2	43
29	11	6	0	8
29	11	6	1	9
29	12	0	0	11051
29	12	0	1	6181
29	12	0	2	5704
29	12	1	0	10646
29	12	1	1	7957
29	12	1	2	5935
29	12	2	0	4986
29	12	2	1	4732
29	12	2	2	3368
29	12	3	0	1252
29	12	3	1	1083
29	12	3	2	851
29	12	4	0	246
29	12	4	1	209
29	12	4	2	99
29	12	5	0	78
29	12	5	1	52
29	12	5	2	12
29	12	6	0	38
29	12	6	1	8
29	13	0	0	7971
29	13	0	1	5249
29	13	0	2	4583
29	13	1	0	5532
29	13	1	1	5533
29	13	1	2	4133
29	13	2	0	2411
29	13	2	1	2985
29	13	2	2	2083
29	13	3	0	574
29	13	3	1	538
29	13	3	2	419
29	13	4	0	142
29	13	4	1	104
29	13	4	2	65
29	13	5	0	59
29	13	5	1	28
29	13	5	2	16
29	13	6	0	18
29	13	6	1	8
29	14	0	0	5294
29	14	0	1	3620
29	14	0	2	3250
29	14	1	0	2964
29	14	1	1	2179
29	14	1	2	1719
29	14	2	0	1338
29	14	2	1	936
29	14	2	2	573
29	14	3	0	211
29	14	3	1	122
29	14	3	2	81
29	14	4	0	61
29	14	4	1	75
29	14	4	2	17
29	14	5	0	34
29	14	5	1	30
29	14	5	2	1
29	14	6	0	5
29	14	6	1	8
29	15	0	0	3012
29	15	0	1	1807
29	15	0	2	1479
29	15	1	0	1087
29	15	1	1	529
29	15	1	2	453
29	15	2	0	296
29	15	2	1	155
29	15	2	2	86
29	15	3	0	24
29	15	3	1	11
29	15	3	2	17
29	15	4	0	6
29	15	4	1	16
29	15	4	2	17
29	15	5	0	6
29	15	5	1	18
29	15	5	2	3
29	15	6	0	3
29	15	6	1	3
29	16	0	0	1653
29	16	0	1	1018
29	16	0	2	546
29	16	1	0	382
29	16	1	1	93
29	16	1	2	98
29	16	2	0	22
29	16	2	1	10
29	16	2	2	20
29	16	5	2	2
29	16	6	0	2
29	16	6	2	2
29	17	0	0	1181
29	17	0	1	442
29	17	0	2	239
29	17	1	0	55
29	17	1	2	18
29	18	0	0	648
29	18	0	1	154
29	18	0	2	67
29	19	0	0	261
30	9	0	0	210
30	9	0	1	274
30	9	0	2	101
30	9	1	0	11
30	9	1	1	30
30	9	1	2	17
30	9	2	0	14
30	9	2	1	35
30	9	2	2	2
30	9	3	0	6
30	9	3	1	9
30	9	3	2	6
30	9	4	1	7
30	9	4	2	2
30	9	5	1	3
30	10	0	0	492
30	10	0	1	663
30	10	0	2	315
30	10	1	0	662
30	10	1	1	1326
30	10	1	2	614
30	10	2	0	759
30	10	2	1	1569
30	10	2	2	670
30	10	3	0	385
30	10	3	1	689
30	10	3	2	453
30	10	4	0	83
30	10	4	1	126
30	10	4	2	94
30	10	5	0	30
30	10	5	1	30
30	10	5	2	15
30	10	6	0	19
30	10	6	1	6
30	10	7	0	4
30	11	0	0	1237
30	11	0	1	1228
30	11	0	2	613
30	11	1	0	2576
30	11	1	1	3849
30	11	1	2	1978
30	11	2	0	1851
30	11	2	1	2824
30	11	2	2	1729
30	11	3	0	521
30	11	3	1	1004
30	11	3	2	639
30	11	4	0	151
30	11	4	1	291
30	11	4	2	133
30	11	5	0	92
30	11	5	1	127
30	11	5	2	18
30	11	6	0	73
30	11	6	1	51
30	11	6	2	13
30	11	7	0	3
30	11	7	1	10
30	11	7	2	10
30	12	0	0	2343
30	12	0	1	1367
30	12	0	2	797
30	12	1	0	4729
30	12	1	1	4314
30	12	1	2	2095
30	12	2	0	2924
30	12	2	1	3145
30	12	2	2	1534
30	12	3	0	807
30	12	3	1	925
30	12	3	2	497
30	12	4	0	179
30	12	4	1	243
30	12	4	2	54
30	12	5	0	90
30	12	5	1	67
30	12	5	2	5
30	12	6	0	32
30	12	6	1	34
30	12	6	2	1
30	12	7	0	17
30	12	7	1	14
30	12	7	2	1
30	13	0	0	2124
30	13	0	1	1096
30	13	0	2	636
30	13	1	0	4356
30	13	1	1	3001
30	13	1	2	1530
30	13	2	0	2622
30	13	2	1	1973
30	13	2	2	938
30	13	3	0	709
30	13	3	1	576
30	13	3	2	376
30	13	4	0	196
30	13	4	1	196
30	13	4	2	84
30	13	5	0	66
30	13	5	1	70
30	13	5	2	26
30	13	6	0	29
30	13	6	1	22
30	13	6	2	6
30	13	7	0	2
30	13	7	1	2
30	14	0	0	1604
30	14	0	1	574
30	14	0	2	408
30	14	1	0	3003
30	14	1	1	1056
30	14	1	2	679
30	14	2	0	1809
30	14	2	1	560
30	14	2	2	348
30	14	3	0	662
30	14	3	1	139
30	14	3	2	127
30	14	4	0	175
30	14	4	1	34
30	14	4	2	46
30	14	5	0	39
30	14	5	1	23
30	14	5	2	41
30	14	6	0	18
30	14	6	1	5
30	14	6	2	19
30	14	7	0	2
30	14	7	1	1
30	14	7	2	1
30	15	0	0	852
30	15	0	1	190
30	15	0	2	148
30	15	1	0	1258
30	15	1	1	217
30	15	1	2	151
30	15	2	0	774
30	15	2	1	109
30	15	2	2	60
30	15	3	0	314
30	15	3	1	30
30	15	3	2	34
30	15	4	0	102
30	15	4	1	13
30	15	4	2	35
30	15	5	0	25
30	15	5	1	4
30	15	5	2	11
30	15	6	0	15
30	15	6	1	2
30	15	6	2	2
30	15	7	0	2
30	16	0	0	248
30	16	0	1	42
30	16	0	2	65
30	16	1	0	284
30	16	1	1	7
30	16	1	2	16
30	16	2	0	71
30	16	2	1	6
30	16	2	2	6
30	16	3	0	18
30	16	3	1	3
30	16	3	2	2
30	16	4	0	3
30	17	0	0	76
30	17	0	1	4
30	17	0	2	12
30	18	0	0	16
31	9	0	0	3443
31	9	0	1	2308
31	9	0	2	766
31	9	1	0	3
31	9	1	1	23
31	9	1	2	26
31	9	2	1	36
31	9	2	2	36
31	9	3	1	19
31	9	3	2	13
31	9	4	1	2
31	9	4	2	2
31	10	0	0	6382
31	10	0	1	3040
31	10	0	2	1877
31	10	1	0	1941
31	10	1	1	577
31	10	1	2	709
31	10	2	0	2751
31	10	2	1	595
31	10	2	2	1261
31	10	3	0	1719
31	10	3	1	514
31	10	3	2	792
31	10	4	0	129
31	10	4	1	39
31	10	4	2	139
31	10	5	0	6
31	10	5	2	16
31	11	0	0	12961
31	11	0	1	5232
31	11	0	2	4346
31	11	1	0	10922
31	11	1	1	2957
31	11	1	2	3920
31	11	2	0	6331
31	11	2	1	2226
31	11	2	2	2833
31	11	3	0	1125
31	11	3	1	421
31	11	3	2	660
31	11	4	0	305
31	11	4	1	122
31	11	4	2	131
31	11	5	0	46
31	11	5	1	13
31	11	5	2	15
31	11	6	0	3
31	11	6	2	2
31	12	0	0	25200
31	12	0	1	10667
31	12	0	2	9720
31	12	1	0	18207
31	12	1	1	6786
31	12	1	2	7969
31	12	2	0	7242
31	12	2	1	3482
31	12	2	2	3794
31	12	3	0	1744
31	12	3	1	769
31	12	3	2	765
31	12	4	0	359
31	12	4	1	66
31	12	4	2	110
31	12	5	0	61
31	12	5	1	3
31	12	5	2	17
31	13	0	0	35318
31	13	0	1	15110
31	13	0	2	15862
31	13	1	0	22570
31	13	1	1	8771
31	13	1	2	10245
31	13	2	0	8625
31	13	2	1	3364
31	13	2	2	3932
31	13	3	0	2102
31	13	3	1	914
31	13	3	2	803
31	13	4	0	379
31	13	4	1	276
31	13	4	2	177
31	13	5	0	24
31	13	5	1	79
31	13	5	2	28
31	13	6	1	3
31	14	0	0	34904
31	14	0	1	15482
31	14	0	2	17525
31	14	1	0	19339
31	14	1	1	7509
31	14	1	2	9413
31	14	2	0	6084
31	14	2	1	2312
31	14	2	2	2755
31	14	3	0	1234
31	14	3	1	604
31	14	3	2	467
31	14	4	0	299
31	14	4	1	198
31	14	4	2	101
31	14	5	0	10
31	14	5	1	35
31	14	5	2	1
31	14	6	1	4
31	15	0	0	25412
31	15	0	1	14454
31	15	0	2	14253
31	15	1	0	12310
31	15	1	1	6564
31	15	1	2	7249
31	15	2	0	3405
31	15	2	1	1831
31	15	2	2	1847
31	15	3	0	626
31	15	3	1	452
31	15	3	2	256
31	15	4	0	93
31	15	4	1	54
31	15	4	2	27
31	15	5	0	1
31	15	5	1	8
31	15	5	2	3
31	16	0	0	17407
31	16	0	1	8824
31	16	0	2	7325
31	16	1	0	9026
31	16	1	1	3624
31	16	1	2	3056
31	16	2	0	2457
31	16	2	1	719
31	16	2	2	682
31	16	3	0	422
31	16	3	1	15
31	16	3	2	97
31	16	4	0	62
31	16	4	2	7
31	16	5	0	6
31	17	0	0	8242
31	17	0	1	3448
31	17	0	2	1977
31	17	1	0	3318
31	17	1	1	946
31	17	1	2	562
31	17	2	0	711
31	17	2	1	144
31	17	2	2	116
31	17	3	0	83
31	17	3	2	23
31	17	4	0	11
31	17	5	0	3
31	18	0	0	2851
31	18	0	1	944
31	18	0	2	254
31	18	1	0	722
31	18	1	1	173
31	18	1	2	50
31	18	2	0	124
31	18	2	1	11
31	18	2	2	5
31	18	3	0	19
31	19	0	0	472
31	19	0	1	77
31	19	0	2	12
31	19	1	0	112
31	19	2	0	19
31	19	3	0	3
31	20	0	0	12
32	8	0	0	7907
32	8	0	1	2859
32	8	0	2	1609
32	8	1	0	18
32	8	1	1	20
32	8	1	2	68
32	8	2	0	30
32	8	2	1	53
32	8	2	2	178
32	8	3	0	7
32	8	3	1	40
32	8	3	2	163
32	8	4	1	8
32	8	4	2	47
32	8	5	2	2
32	9	0	0	4792
32	9	0	1	2360
32	9	0	2	2057
32	9	1	0	1221
32	9	1	1	1095
32	9	1	2	859
32	9	2	0	916
32	9	2	1	1230
32	9	2	2	1123
32	9	3	0	332
32	9	3	1	642
32	9	3	2	661
32	9	4	0	75
32	9	4	1	112
32	9	4	2	134
32	9	5	0	18
32	9	5	1	19
32	9	5	2	25
32	9	6	0	4
32	9	6	1	13
32	9	6	2	12
32	9	7	2	3
32	10	0	0	8340
32	10	0	1	4254
32	10	0	2	4209
32	10	1	0	7904
32	10	1	1	5658
32	10	1	2	5566
32	10	2	0	5675
32	10	2	1	5501
32	10	2	2	5442
32	10	3	0	1675
32	10	3	1	2123
32	10	3	2	2462
32	10	4	0	68
32	10	4	1	217
32	10	4	2	540
32	10	5	0	1
32	10	5	1	13
32	10	5	2	68
32	10	6	1	11
32	10	6	2	11
32	10	7	1	7
32	10	7	2	4
32	11	0	0	12315
32	11	0	1	5412
32	11	0	2	5727
32	11	1	0	15087
32	11	1	1	9354
32	11	1	2	8539
32	11	2	0	9291
32	11	2	1	8424
32	11	2	2	8030
32	11	3	0	2551
32	11	3	1	3433
32	11	3	2	4197
32	11	4	0	308
32	11	4	1	655
32	11	4	2	1225
32	11	5	0	61
32	11	5	1	28
32	11	5	2	100
32	11	6	0	22
32	11	6	1	7
32	11	6	2	3
32	11	7	0	7
32	12	0	0	12945
32	12	0	1	5097
32	12	0	2	5209
32	12	1	0	16974
32	12	1	1	7655
32	12	1	2	7130
32	12	2	0	11025
32	12	2	1	7088
32	12	2	2	6921
32	12	3	0	4487
32	12	3	1	3970
32	12	3	2	4686
32	12	4	0	1100
32	12	4	1	1140
32	12	4	2	1880
32	12	5	0	136
32	12	5	1	293
32	12	5	2	292
32	12	6	0	10
32	12	6	1	1
32	12	6	2	24
32	13	0	0	9685
32	13	0	1	3557
32	13	0	2	3982
32	13	1	0	11962
32	13	1	1	4476
32	13	1	2	4641
32	13	2	0	8791
32	13	2	1	4163
32	13	2	2	4175
32	13	3	0	4365
32	13	3	1	2850
32	13	3	2	3094
32	13	4	0	1720
32	13	4	1	1780
32	13	4	2	1683
32	13	5	0	417
32	13	5	1	576
32	13	5	2	671
32	13	6	0	40
32	13	6	1	134
32	13	6	2	125
32	14	0	0	5930
32	14	0	1	1875
32	14	0	2	2159
32	14	1	0	6528
32	14	1	1	1712
32	14	1	2	1891
32	14	2	0	6339
32	14	2	1	1520
32	14	2	2	1640
32	14	3	0	4763
32	14	3	1	1072
32	14	3	2	1340
32	14	4	0	2764
32	14	4	1	950
32	14	4	2	781
32	14	5	0	1110
32	14	5	1	619
32	14	5	2	392
32	14	6	0	333
32	14	6	1	116
32	14	6	2	163
32	15	0	0	2875
32	15	0	1	597
32	15	0	2	592
32	15	1	0	2817
32	15	1	1	417
32	15	1	2	449
32	15	2	0	2732
32	15	2	1	263
32	15	2	2	335
32	15	3	0	2502
32	15	3	1	211
32	15	3	2	270
32	15	4	0	1894
32	15	4	1	146
32	15	4	2	154
32	15	5	0	939
32	15	5	1	54
32	15	5	2	65
32	15	6	0	268
32	15	6	2	9
32	16	0	0	652
32	16	0	1	103
32	16	0	2	65
32	16	1	0	353
32	16	1	1	7
32	16	1	2	62
32	16	2	0	249
32	16	2	2	12
32	16	3	0	260
32	16	3	1	8
32	16	3	2	33
32	16	4	0	316
32	16	4	1	10
32	16	4	2	6
32	16	5	0	207
32	16	6	0	49
32	17	0	0	119
32	17	0	1	2
32	17	0	2	5
32	17	1	0	5
33	9	0	0	8000
33	9	0	1	11134
33	9	0	2	4380
33	9	1	0	69
33	9	1	1	15
33	9	1	2	32
33	9	2	0	4
33	9	2	1	11
33	9	2	2	13
33	9	3	2	2
33	10	0	0	13153
33	10	0	1	9607
33	10	0	2	6342
33	10	1	0	7267
33	10	1	1	3506
33	10	1	2	3963
33	10	2	0	4082
33	10	2	1	2102
33	10	2	2	2577
33	10	3	0	352
33	10	3	1	126
33	10	3	2	632
33	10	4	0	21
33	10	4	1	2
33	10	4	2	74
33	10	5	2	8
33	11	0	0	24433
33	11	0	1	12218
33	11	0	2	11932
33	11	1	0	20350
33	11	1	1	10212
33	11	1	2	11100
33	11	2	0	9698
33	11	2	1	5660
33	11	2	2	5858
33	11	3	0	1632
33	11	3	1	965
33	11	3	2	1446
33	11	4	0	102
33	11	4	1	93
33	11	4	2	149
33	11	5	0	9
33	11	5	1	6
33	11	5	2	6
33	12	0	0	33481
33	12	0	1	13922
33	12	0	2	18761
33	12	1	0	28604
33	12	1	1	10952
33	12	1	2	16124
33	12	2	0	11386
33	12	2	1	4124
33	12	2	2	5979
33	12	3	0	3198
33	12	3	1	1245
33	12	3	2	1328
33	12	4	0	533
33	12	4	1	245
33	12	4	2	184
33	12	5	0	17
33	12	5	1	17
33	12	5	2	28
33	13	0	0	28905
33	13	0	1	12028
33	13	0	2	18490
33	13	1	0	22493
33	13	1	1	7530
33	13	1	2	13120
33	13	2	0	7818
33	13	2	1	2750
33	13	2	2	4046
33	13	3	0	2217
33	13	3	1	893
33	13	3	2	842
33	13	4	0	648
33	13	4	1	275
33	13	4	2	251
33	13	5	0	233
33	13	5	1	33
33	13	5	2	37
33	13	6	0	4
33	14	0	0	21776
33	14	0	1	10790
33	14	0	2	15067
33	14	1	0	13656
33	14	1	1	4469
33	14	1	2	8868
33	14	2	0	4669
33	14	2	1	1345
33	14	2	2	2519
33	14	3	0	1452
33	14	3	1	330
33	14	3	2	485
33	14	4	0	481
33	14	4	1	61
33	14	4	2	90
33	14	5	0	131
33	14	5	1	13
33	14	5	2	34
33	14	6	2	2
33	15	0	0	16358
33	15	0	1	7662
33	15	0	2	9186
33	15	1	0	7873
33	15	1	1	2145
33	15	1	2	4654
33	15	2	0	2066
33	15	2	1	430
33	15	2	2	1162
33	15	3	0	325
33	15	3	1	61
33	15	3	2	166
33	15	4	0	42
33	15	4	2	34
33	15	5	0	1
33	15	5	2	4
33	15	6	2	1
33	16	0	0	10312
33	16	0	1	3336
33	16	0	2	3398
33	16	1	0	2926
33	16	1	1	550
33	16	1	2	1106
33	16	2	0	568
33	16	2	1	40
33	16	2	2	213
33	16	3	0	97
33	16	3	1	6
33	16	3	2	21
33	16	4	0	18
33	16	4	1	1
33	17	0	0	3502
33	17	0	1	1260
33	17	0	2	546
33	17	1	0	704
33	17	1	1	57
33	17	1	2	60
33	17	2	0	58
33	17	2	1	1
33	17	3	0	2
33	18	0	0	932
33	18	0	1	168
33	18	0	2	86
33	18	1	0	85
33	18	1	1	5
33	19	0	0	59
33	19	1	0	10
34	10	0	0	1257
34	10	0	1	7608
34	10	0	2	2663
34	10	1	0	39
34	10	1	1	62
34	10	1	2	77
34	10	2	0	11
34	10	2	1	31
34	10	2	2	20
34	10	3	1	3
34	10	3	2	1
34	11	0	0	5109
34	11	0	1	11266
34	11	0	2	5554
34	11	1	0	3195
34	11	1	1	7626
34	11	1	2	3373
34	11	2	0	1215
34	11	2	1	5057
34	11	2	2	4045
34	11	3	0	391
34	11	3	1	2802
34	11	3	2	1409
34	11	4	0	34
34	11	4	1	469
34	11	4	2	117
34	11	5	0	9
34	11	5	1	24
34	11	5	2	13
34	11	6	0	4
34	11	6	2	1
34	12	0	0	21626
34	12	0	1	34949
34	12	0	2	22103
34	12	1	0	17182
34	12	1	1	31526
34	12	1	2	24587
34	12	2	0	6288
34	12	2	1	17831
34	12	2	2	11856
34	12	3	0	1322
34	12	3	1	4942
34	12	3	2	3316
34	12	4	0	257
34	12	4	1	961
34	12	4	2	696
34	12	5	0	37
34	12	5	1	58
34	12	5	2	51
34	12	6	0	5
34	12	6	1	3
34	12	6	2	3
34	12	7	0	1
34	12	7	2	1
34	13	0	0	55928
34	13	0	1	66788
34	13	0	2	55988
34	13	1	0	47213
34	13	1	1	62751
34	13	1	2	51257
34	13	2	0	14033
34	13	2	1	23088
34	13	2	2	20710
34	13	3	0	3261
34	13	3	1	6512
34	13	3	2	5593
34	13	4	0	510
34	13	4	1	919
34	13	4	2	1072
34	13	5	0	108
34	13	5	1	112
34	13	5	2	155
34	13	6	0	11
34	13	6	1	9
34	13	6	2	1
34	13	7	0	1
34	14	0	0	86745
34	14	0	1	78504
34	14	0	2	72029
34	14	1	0	70019
34	14	1	1	58328
34	14	1	2	60419
34	14	2	0	20211
34	14	2	1	18776
34	14	2	2	20429
34	14	3	0	5084
34	14	3	1	4767
34	14	3	2	5164
34	14	4	0	1065
34	14	4	1	859
34	14	4	2	910
34	14	5	0	129
34	14	5	1	86
34	14	5	2	74
34	14	6	0	22
34	14	6	1	7
34	14	6	2	5
34	15	0	0	86260
34	15	0	1	60585
34	15	0	2	52654
34	15	1	0	61840
34	15	1	1	35332
34	15	1	2	36193
34	15	2	0	17107
34	15	2	1	9244
34	15	2	2	10216
34	15	3	0	4288
34	15	3	1	2262
34	15	3	2	2571
34	15	4	0	939
34	15	4	1	468
34	15	4	2	531
34	15	5	0	185
34	15	5	1	81
34	15	5	2	64
34	15	6	0	31
34	15	6	1	8
34	15	6	2	5
34	16	0	0	61901
34	16	0	1	35899
34	16	0	2	30174
34	16	1	0	35308
34	16	1	1	15234
34	16	1	2	15304
34	16	2	0	8114
34	16	2	1	2851
34	16	2	2	3525
34	16	3	0	1921
34	16	3	1	674
34	16	3	2	757
34	16	4	0	434
34	16	4	1	124
34	16	4	2	125
34	16	5	0	84
34	16	5	1	25
34	16	5	2	13
34	16	6	0	10
34	16	6	1	4
34	17	0	0	41182
34	17	0	1	17152
34	17	0	2	12534
34	17	1	0	15171
34	17	1	1	5798
34	17	1	2	4394
34	17	2	0	2889
34	17	2	1	579
34	17	2	2	592
34	17	3	0	573
34	17	3	1	87
34	17	3	2	61
34	17	4	0	110
34	17	4	1	3
34	17	4	2	1
34	17	5	0	9
34	18	0	0	20095
34	18	0	1	6101
34	18	0	2	3814
34	18	1	0	6051
34	18	1	1	1891
34	18	1	2	716
34	18	2	0	497
34	18	2	1	117
34	18	2	2	26
34	18	3	0	40
34	18	3	1	21
34	18	3	2	3
34	19	0	0	6752
34	19	0	1	1026
34	19	0	2	639
34	19	1	0	795
34	19	1	1	334
34	19	1	2	159
34	19	2	0	55
34	19	2	1	3
34	19	2	2	4
34	20	0	0	924
34	20	0	1	115
34	20	0	2	50
34	20	1	0	147
34	20	1	1	43
34	20	1	2	79
34	20	2	0	5
34	21	0	0	53
34	21	0	1	4
34	21	0	2	8
34	21	1	0	87
34	22	0	0	6
35	7	0	0	5
35	7	0	1	33
35	7	0	2	11
35	7	1	1	8
35	7	1	2	1
35	7	2	1	13
35	7	2	2	2
35	7	3	2	1
35	8	0	0	1
35	8	0	1	22
35	8	0	2	15
35	8	1	0	6
35	8	1	1	70
35	8	1	2	18
35	8	2	0	33
35	8	2	1	198
35	8	2	2	78
35	8	3	0	48
35	8	3	1	200
35	8	3	2	109
35	8	4	0	8
35	8	4	1	33
35	8	4	2	25
35	8	6	1	1
35	8	6	2	1
35	8	8	1	1
35	8	8	2	2
35	8	9	1	1
35	8	9	2	1
35	8	10	1	2
35	8	10	2	2
35	8	11	1	1
35	8	11	2	1
35	8	12	1	2
35	8	12	2	2
35	8	13	1	1
35	8	13	2	1
35	8	14	1	2
35	8	14	2	2
35	8	15	1	2
35	9	0	1	5
35	9	0	2	11
35	9	1	0	7
35	9	1	1	74
35	9	1	2	24
35	9	2	0	34
35	9	2	1	95
35	9	2	2	58
35	9	3	0	32
35	9	3	1	62
35	9	3	2	77
35	9	4	0	2
35	9	4	2	76
35	10	0	1	2
35	10	0	2	6
35	10	1	0	11
35	10	1	1	41
35	10	1	2	11
35	10	2	0	47
35	10	2	1	41
35	10	2	2	15
35	10	3	0	102
35	10	3	1	25
35	10	3	2	57
35	10	4	0	77
35	10	4	2	70
35	11	0	1	2
35	11	1	1	15
35	11	1	2	1
35	11	2	0	18
35	11	2	1	15
35	11	2	2	18
35	11	3	0	81
35	11	3	1	1
35	11	3	2	18
35	11	4	0	70
35	12	0	1	2
35	12	1	0	8
35	12	1	1	7
35	12	2	0	28
35	12	2	1	5
35	12	3	0	19
35	13	0	0	1
35	13	0	1	1
35	13	1	0	5
35	13	1	1	2
35	13	2	0	4
35	13	2	1	1
35	14	0	0	1
35	14	1	0	2
35	14	2	0	1
36	9	0	1	1
37	8	0	0	3762
37	8	0	1	2889
37	8	0	2	808
37	8	1	1	116
37	8	1	2	118
37	8	2	1	161
37	8	2	2	393
37	8	3	1	91
37	8	3	2	379
37	8	4	1	58
37	8	4	2	240
37	8	5	0	15
37	8	5	1	32
37	8	5	2	58
37	8	6	0	10
37	8	6	1	1
37	9	0	0	3342
37	9	0	1	2241
37	9	0	2	1162
37	9	1	0	783
37	9	1	1	1147
37	9	1	2	1112
37	9	2	0	470
37	9	2	1	1296
37	9	2	2	1230
37	9	3	0	108
37	9	3	1	652
37	9	3	2	758
37	9	4	0	13
37	9	4	1	284
37	9	4	2	281
37	9	5	0	20
37	9	5	1	194
37	9	5	2	76
37	9	6	0	20
37	9	6	1	39
37	9	6	2	14
37	10	0	0	4077
37	10	0	1	2377
37	10	0	2	1697
37	10	1	0	3687
37	10	1	1	3896
37	10	1	2	3089
37	10	2	0	2532
37	10	2	1	4098
37	10	2	2	2766
37	10	3	0	606
37	10	3	1	1788
37	10	3	2	786
37	10	4	0	168
37	10	4	1	516
37	10	4	2	149
37	10	5	0	39
37	10	5	1	220
37	10	5	2	70
37	10	6	0	58
37	10	6	1	45
37	10	6	2	5
37	10	7	0	1
37	10	7	1	7
37	11	0	0	2781
37	11	0	1	1606
37	11	0	2	982
37	11	1	0	2652
37	11	1	1	2889
37	11	1	2	1821
37	11	2	0	2190
37	11	2	1	2979
37	11	2	2	1844
37	11	3	0	1066
37	11	3	1	1379
37	11	3	2	963
37	11	4	0	369
37	11	4	1	494
37	11	4	2	243
37	11	5	0	51
37	11	5	1	73
37	11	5	2	99
37	11	6	0	22
37	11	6	1	28
37	11	7	0	2
37	11	7	1	1
37	12	0	0	1944
37	12	0	1	751
37	12	0	2	492
37	12	1	0	1598
37	12	1	1	1035
37	12	1	2	858
37	12	2	0	895
37	12	2	1	1023
37	12	2	2	826
37	12	3	0	352
37	12	3	1	454
37	12	3	2	368
37	12	4	0	131
37	12	4	1	174
37	12	4	2	114
37	12	5	0	24
37	12	5	1	23
37	12	5	2	53
37	12	6	0	11
37	12	6	1	8
37	12	7	0	1
37	13	0	0	1076
37	13	0	1	380
37	13	0	2	280
37	13	1	0	618
37	13	1	1	232
37	13	1	2	253
37	13	2	0	382
37	13	2	1	224
37	13	2	2	248
37	13	3	0	152
37	13	3	1	61
37	13	3	2	74
37	13	4	0	36
37	13	4	1	11
37	13	4	2	41
37	13	5	0	5
37	13	5	2	6
37	13	6	0	6
37	14	0	0	544
37	14	0	1	221
37	14	0	2	92
37	14	1	0	218
37	14	1	1	38
37	14	1	2	39
37	14	2	0	89
37	14	2	1	44
37	14	2	2	23
37	14	3	0	6
37	14	3	1	19
37	14	3	2	13
37	14	4	0	4
37	14	4	1	2
37	15	0	0	157
37	15	0	1	80
37	15	0	2	35
37	15	1	0	19
37	15	1	1	9
37	15	1	2	14
37	15	2	0	7
37	15	2	1	11
37	15	3	0	2
37	15	3	1	4
37	15	4	0	1
37	16	0	0	20
37	16	0	2	2
37	16	1	0	1
37	17	0	0	2
38	9	0	0	7530
38	9	0	1	6349
38	9	0	2	2587
38	9	1	0	28
38	9	1	1	13
38	9	2	1	24
38	9	3	1	18
38	9	3	2	1
38	9	4	1	3
38	9	4	2	2
38	10	0	0	10966
38	10	0	1	6580
38	10	0	2	4616
38	10	1	0	5129
38	10	1	1	3223
38	10	1	2	1807
38	10	2	0	3200
38	10	2	1	2617
38	10	2	2	1265
38	10	3	0	742
38	10	3	1	763
38	10	3	2	400
38	10	4	0	159
38	10	4	1	194
38	10	4	2	104
38	10	5	0	5
38	10	5	1	29
38	10	5	2	22
38	10	6	2	4
38	11	0	0	21579
38	11	0	1	11399
38	11	0	2	9816
38	11	1	0	25748
38	11	1	1	16633
38	11	1	2	11368
38	11	2	0	14564
38	11	2	1	9546
38	11	2	2	7537
38	11	3	0	4848
38	11	3	1	3235
38	11	3	2	2886
38	11	4	0	937
38	11	4	1	548
38	11	4	2	710
38	11	5	0	121
38	11	5	1	38
38	11	5	2	143
38	11	6	0	9
38	11	6	2	20
38	12	0	0	36190
38	12	0	1	16711
38	12	0	2	16574
38	12	1	0	56515
38	12	1	1	28639
38	12	1	2	26279
38	12	2	0	30959
38	12	2	1	14174
38	12	2	2	16170
38	12	3	0	10871
38	12	3	1	4979
38	12	3	2	6196
38	12	4	0	2281
38	12	4	1	792
38	12	4	2	1245
38	12	5	0	258
38	12	5	1	43
38	12	5	2	131
38	12	6	0	8
38	13	0	0	42910
38	13	0	1	16884
38	13	0	2	19019
38	13	1	0	69885
38	13	1	1	28550
38	13	1	2	29925
38	13	2	0	34385
38	13	2	1	13480
38	13	2	2	17269
38	13	3	0	11155
38	13	3	1	4370
38	13	3	2	6238
38	13	4	0	2001
38	13	4	1	506
38	13	4	2	1443
38	13	5	0	145
38	13	5	1	34
38	13	5	2	137
38	13	6	0	4
38	13	6	1	2
38	14	0	0	36585
38	14	0	1	14009
38	14	0	2	16081
38	14	1	0	56416
38	14	1	1	21074
38	14	1	2	24120
38	14	2	0	26054
38	14	2	1	8901
38	14	2	2	12932
38	14	3	0	7517
38	14	3	1	2698
38	14	3	2	3943
38	14	4	0	1119
38	14	4	1	324
38	14	4	2	700
38	14	5	0	60
38	14	5	1	38
38	14	5	2	67
38	14	6	0	1
38	14	6	2	1
38	15	0	0	23326
38	15	0	1	8311
38	15	0	2	9840
38	15	1	0	33017
38	15	1	1	10104
38	15	1	2	12062
38	15	2	0	15032
38	15	2	1	3088
38	15	2	2	5441
38	15	3	0	3540
38	15	3	1	635
38	15	3	2	1146
38	15	4	0	575
38	15	4	1	57
38	15	4	2	132
38	15	5	0	54
38	15	5	1	3
38	15	5	2	13
38	16	0	0	11934
38	16	0	1	2512
38	16	0	2	2868
38	16	1	0	13906
38	16	1	1	2202
38	16	1	2	2536
38	16	2	0	5119
38	16	2	1	237
38	16	2	2	679
38	16	3	0	959
38	16	3	1	8
38	16	3	2	57
38	16	4	0	168
38	16	4	2	2
38	16	5	0	9
38	17	0	0	3513
38	17	0	1	288
38	17	0	2	441
38	17	1	0	3431
38	17	1	1	104
38	17	1	2	86
38	17	2	0	904
38	17	3	0	79
38	18	0	0	591
38	18	0	1	37
38	18	0	2	32
38	18	1	0	474
38	18	2	0	64
38	19	0	0	56
38	19	1	0	27
39	10	0	0	498
39	10	0	1	2291
39	10	0	2	414
39	10	1	0	1
39	10	1	1	23
39	10	1	2	3
39	10	2	0	2
39	10	2	1	25
39	10	2	2	9
39	10	3	0	4
39	10	3	1	23
39	10	3	2	10
39	10	4	0	1
39	10	4	1	9
39	10	4	2	4
39	10	5	1	1
39	10	7	0	1
39	11	0	0	2525
39	11	0	1	4201
39	11	0	2	1423
39	11	1	0	1420
39	11	1	1	1981
39	11	1	2	861
39	11	2	0	428
39	11	2	1	859
39	11	2	2	463
39	11	3	0	91
39	11	3	1	204
39	11	3	2	159
39	11	4	0	11
39	11	4	1	11
39	11	4	2	26
39	12	0	0	8091
39	12	0	1	7396
39	12	0	2	3679
39	12	1	0	9205
39	12	1	1	9091
39	12	1	2	4446
39	12	2	0	4281
39	12	2	1	5277
39	12	2	2	2880
39	12	3	0	690
39	12	3	1	1427
39	12	3	2	975
39	12	4	0	14
39	12	4	1	41
39	12	4	2	123
39	12	5	1	1
39	13	0	0	18144
39	13	0	1	14106
39	13	0	2	8874
39	13	1	0	23700
39	13	1	1	19012
39	13	1	2	10786
39	13	2	0	12357
39	13	2	1	12491
39	13	2	2	7062
39	13	3	0	2601
39	13	3	1	3000
39	13	3	2	1982
39	13	4	0	218
39	13	4	1	149
39	13	4	2	243
39	13	5	0	9
39	13	5	1	2
39	13	5	2	3
39	14	0	0	24138
39	14	0	1	20116
39	14	0	2	13337
39	14	1	0	30107
39	14	1	1	23990
39	14	1	2	15476
39	14	2	0	17128
39	14	2	1	16541
39	14	2	2	10959
39	14	3	0	4324
39	14	3	1	4110
39	14	3	2	3268
39	14	4	0	485
39	14	4	1	241
39	14	4	2	400
39	14	5	0	39
39	14	5	1	14
39	14	5	2	7
39	15	0	0	27056
39	15	0	1	19357
39	15	0	2	11975
39	15	1	0	29111
39	15	1	1	16440
39	15	1	2	11414
39	15	2	0	17685
39	15	2	1	10699
39	15	2	2	7583
39	15	3	0	4693
39	15	3	1	2716
39	15	3	2	2294
39	15	4	0	682
39	15	4	1	210
39	15	4	2	382
39	15	5	0	78
39	15	5	1	8
39	15	5	2	3
39	15	6	0	2
39	16	0	0	20198
39	16	0	1	12389
39	16	0	2	6638
39	16	1	0	15422
39	16	1	1	4273
39	16	1	2	3729
39	16	2	0	9150
39	16	2	1	2470
39	16	2	2	2639
39	16	3	0	2480
39	16	3	1	487
39	16	3	2	919
39	16	4	0	357
39	16	4	1	70
39	16	4	2	222
39	16	5	0	35
39	16	5	1	8
39	16	5	2	20
39	17	0	0	13047
39	17	0	1	4675
39	17	0	2	2170
39	17	1	0	4501
39	17	1	1	470
39	17	1	2	468
39	17	2	0	2242
39	17	2	1	218
39	17	2	2	220
39	17	3	0	470
39	17	3	1	3
39	17	3	2	24
39	17	4	0	73
39	17	5	0	31
39	18	0	0	6130
39	18	0	1	1194
39	18	0	2	437
39	18	1	0	651
39	18	2	0	217
39	18	3	0	6
39	19	0	0	1055
39	19	0	1	15
39	19	0	2	4
39	20	0	0	8
40	9	0	0	471
40	9	0	1	438
40	9	0	2	201
40	9	1	1	92
40	9	1	2	31
40	9	2	1	114
40	9	2	2	128
40	9	3	1	10
40	9	3	2	65
40	9	4	1	4
40	10	0	0	404
40	10	0	1	363
40	10	0	2	232
40	10	1	0	259
40	10	1	1	902
40	10	1	2	303
40	10	2	0	284
40	10	2	1	882
40	10	2	2	478
40	10	3	0	115
40	10	3	1	338
40	10	3	2	213
40	10	4	0	5
40	10	4	1	48
40	10	4	2	26
40	10	5	0	14
40	10	5	1	26
40	10	5	2	14
40	10	6	0	6
40	10	6	1	2
40	11	0	0	542
40	11	0	1	480
40	11	0	2	363
40	11	1	0	753
40	11	1	1	1669
40	11	1	2	699
40	11	2	0	447
40	11	2	1	1271
40	11	2	2	560
40	11	3	0	34
40	11	3	1	444
40	11	3	2	393
40	11	4	0	57
40	11	4	1	219
40	11	4	2	75
40	11	5	0	57
40	11	5	1	37
40	11	5	2	3
40	12	0	0	549
40	12	0	1	375
40	12	0	2	276
40	12	1	0	543
40	12	1	1	1124
40	12	1	2	426
40	12	2	0	190
40	12	2	1	894
40	12	2	2	230
40	12	3	0	44
40	12	3	1	447
40	12	3	2	186
40	12	4	0	27
40	12	4	1	127
40	12	4	2	77
40	12	5	0	51
40	12	5	1	80
40	12	5	2	15
40	12	6	1	12
40	12	6	2	1
40	13	0	0	365
40	13	0	1	213
40	13	0	2	152
40	13	1	0	328
40	13	1	1	300
40	13	1	2	187
40	13	2	0	123
40	13	2	1	191
40	13	2	2	107
40	13	3	0	5
40	13	3	1	74
40	13	3	2	49
40	13	4	0	8
40	13	4	1	80
40	13	4	2	3
40	13	5	0	6
40	13	5	1	60
40	14	0	0	241
40	14	0	1	81
40	14	0	2	63
40	14	1	0	219
40	14	1	1	40
40	14	1	2	14
40	14	2	0	87
40	14	2	1	23
40	14	4	1	1
40	15	0	0	108
40	15	0	1	32
40	15	0	2	35
40	15	1	0	42
40	15	1	1	12
40	15	1	2	2
40	15	2	0	17
40	15	2	1	6
40	15	2	2	1
40	16	0	0	35
40	16	0	1	14
40	16	0	2	15
40	17	0	0	25
41	10	0	0	340
41	10	0	1	1652
41	10	0	2	584
41	10	1	0	6
41	10	1	1	107
41	10	1	2	130
41	10	2	0	4
41	10	2	1	85
41	10	2	2	152
41	10	3	1	16
41	10	3	2	58
41	10	4	2	26
41	10	5	2	3
41	11	0	0	1081
41	11	0	1	1811
41	11	0	2	1339
41	11	1	0	704
41	11	1	1	2818
41	11	1	2	1429
41	11	2	0	187
41	11	2	1	1348
41	11	2	2	1021
41	11	3	0	11
41	11	3	1	161
41	11	3	2	176
41	11	4	0	14
41	11	4	1	31
41	11	4	2	19
41	11	5	0	10
41	11	5	1	2
41	11	5	2	2
41	12	0	0	2803
41	12	0	1	4024
41	12	0	2	2295
41	12	1	0	3923
41	12	1	1	8758
41	12	1	2	4318
41	12	2	0	1580
41	12	2	1	4092
41	12	2	2	2675
41	12	3	0	217
41	12	3	1	606
41	12	3	2	441
41	12	4	0	33
41	12	4	1	79
41	12	4	2	47
41	12	5	0	3
41	12	5	1	9
41	12	5	2	1
41	13	0	0	4273
41	13	0	1	5167
41	13	0	2	2656
41	13	1	0	7749
41	13	1	1	9618
41	13	1	2	4885
41	13	2	0	4055
41	13	2	1	4077
41	13	2	2	2858
41	13	3	0	1084
41	13	3	1	1152
41	13	3	2	877
41	13	4	0	158
41	13	4	1	260
41	13	4	2	172
41	13	5	0	10
41	13	5	1	30
41	13	5	2	12
41	14	0	0	3538
41	14	0	1	2812
41	14	0	2	1584
41	14	1	0	6266
41	14	1	1	4092
41	14	1	2	2616
41	14	2	0	3629
41	14	2	1	1938
41	14	2	2	1672
41	14	3	0	1498
41	14	3	1	798
41	14	3	2	621
41	14	4	0	459
41	14	4	1	294
41	14	4	2	120
41	14	5	0	85
41	14	5	1	28
41	14	5	2	14
41	14	6	0	11
41	15	0	0	1110
41	15	0	1	624
41	15	0	2	382
41	15	1	0	1456
41	15	1	1	681
41	15	1	2	404
41	15	2	0	781
41	15	2	1	282
41	15	2	2	253
41	15	3	0	571
41	15	3	1	250
41	15	3	2	167
41	15	4	0	306
41	15	4	1	137
41	15	4	2	57
41	15	5	0	110
41	15	5	1	24
41	15	5	2	7
41	15	6	0	11
41	15	6	2	1
41	16	0	0	349
41	16	0	1	279
41	16	0	2	104
41	16	1	0	199
41	16	1	1	272
41	16	1	2	30
41	16	2	0	97
41	16	2	1	42
41	16	2	2	11
41	16	3	0	31
41	16	3	1	2
41	16	3	2	1
41	17	0	0	162
41	17	0	1	114
41	17	0	2	43
41	17	1	0	44
41	17	1	1	96
41	17	1	2	6
41	17	2	0	23
41	17	2	1	3
41	17	2	2	1
41	18	0	0	73
41	18	0	1	30
41	18	0	2	8
41	18	1	0	7
41	18	1	1	20
41	19	0	0	11
41	19	0	1	3
41	19	1	0	1
42	7	0	0	77
42	7	0	1	237
42	7	0	2	141
42	7	1	0	15
42	7	2	0	9
42	8	0	0	17
42	8	0	1	60
42	8	0	2	136
42	8	1	0	26
42	8	1	1	95
42	8	1	2	56
42	8	2	0	96
42	8	2	1	245
42	8	2	2	264
42	8	3	0	106
42	8	3	1	194
42	8	3	2	339
42	8	4	0	52
42	8	4	1	42
42	8	4	2	112
42	8	5	0	6
42	8	5	1	3
42	8	5	2	11
42	8	6	0	3
42	9	0	0	17
42	9	0	1	43
42	9	0	2	120
42	9	1	0	34
42	9	1	1	167
42	9	1	2	102
42	9	2	0	97
42	9	2	1	450
42	9	2	2	317
42	9	3	0	93
42	9	3	1	292
42	9	3	2	236
42	9	4	0	76
42	9	4	1	70
42	9	4	2	23
42	9	5	0	16
42	9	5	1	9
42	9	5	2	2
42	10	0	0	26
42	10	0	1	27
42	10	0	2	50
42	10	1	0	35
42	10	1	1	84
42	10	1	2	42
42	10	2	0	73
42	10	2	1	154
42	10	2	2	72
42	10	3	0	81
42	10	3	1	67
42	10	3	2	90
42	10	4	0	33
42	10	4	1	22
42	10	4	2	35
42	10	5	0	28
42	10	6	0	6
42	11	0	0	17
42	11	0	1	11
42	11	0	2	17
42	11	1	0	10
42	11	1	1	3
42	11	1	2	11
42	11	2	0	28
42	11	2	1	16
42	11	2	2	3
42	11	3	0	80
42	11	3	1	2
42	11	4	0	103
42	11	5	0	39
42	12	0	0	11
42	12	0	1	10
42	12	0	2	5
42	12	1	0	2
42	12	1	1	1
42	12	1	2	2
42	12	2	0	5
42	12	2	1	6
42	12	2	2	2
42	12	3	0	21
42	12	4	0	1
42	13	0	0	5
42	13	0	1	3
42	13	0	2	1
42	13	2	0	5
42	13	3	0	12
42	14	0	0	4
42	14	0	1	1
42	15	0	0	2
42	16	0	0	1
43	8	0	1	12
43	8	0	2	39
43	8	1	1	3
43	8	1	2	1
43	8	2	1	3
43	8	2	2	2
43	8	3	1	1
43	8	3	2	1
43	9	0	1	28
43	9	0	2	68
43	9	1	1	130
43	9	1	2	16
43	9	2	1	284
43	9	2	2	82
43	9	3	1	89
43	9	3	2	104
43	9	4	1	2
43	9	4	2	10
43	10	0	1	62
43	10	0	2	57
43	10	1	1	310
43	10	1	2	37
43	10	2	1	338
43	10	2	2	115
43	10	3	1	67
43	10	3	2	146
43	10	4	2	16
43	11	0	1	41
43	11	0	2	24
43	11	1	1	260
43	11	1	2	15
43	11	2	0	1
43	11	2	1	258
43	11	2	2	134
43	11	3	1	28
43	11	3	2	44
43	11	4	1	32
43	11	4	2	42
43	12	0	1	6
43	12	0	2	6
43	12	1	0	9
43	12	1	1	139
43	12	1	2	6
43	12	2	0	26
43	12	2	1	133
43	12	2	2	32
43	12	3	0	20
43	12	3	1	29
43	12	3	2	1
43	12	4	0	5
43	12	4	1	12
43	13	0	2	2
43	13	1	0	13
43	13	1	1	29
43	13	2	0	9
43	13	2	1	5
43	13	3	0	1
43	14	1	0	11
43	14	1	1	4
43	14	2	0	5
43	15	1	0	1
44	9	0	0	302
44	9	0	1	375
44	9	0	2	114
44	9	1	0	11
44	9	1	1	28
44	9	1	2	20
44	9	2	0	4
44	9	2	1	50
44	9	2	2	63
44	9	3	1	20
44	9	3	2	88
44	9	4	0	4
44	9	4	1	16
44	9	4	2	7
44	9	5	0	14
44	9	5	1	6
44	9	5	2	6
44	9	6	0	12
44	9	6	2	6
44	9	7	0	1
44	10	0	0	666
44	10	0	1	312
44	10	0	2	213
44	10	1	0	342
44	10	1	1	431
44	10	1	2	253
44	10	2	0	371
44	10	2	1	561
44	10	2	2	477
44	10	3	0	73
44	10	3	1	251
44	10	3	2	569
44	10	4	0	34
44	10	4	1	47
44	10	4	2	117
44	10	5	0	13
44	10	6	0	6
44	11	0	0	1448
44	11	0	1	739
44	11	0	2	446
44	11	1	0	1359
44	11	1	1	1579
44	11	1	2	829
44	11	2	0	853
44	11	2	1	1652
44	11	2	2	773
44	11	3	0	383
44	11	3	1	682
44	11	3	2	322
44	11	4	0	74
44	11	4	1	227
44	11	4	2	86
44	11	5	0	6
44	11	5	1	37
44	11	5	2	5
44	12	0	0	2111
44	12	0	1	1024
44	12	0	2	497
44	12	1	0	2007
44	12	1	1	1620
44	12	1	2	626
44	12	2	0	1084
44	12	2	1	1421
44	12	2	2	536
44	12	3	0	507
44	12	3	1	427
44	12	3	2	197
44	12	4	0	149
44	12	4	1	107
44	12	4	2	61
44	12	5	0	6
44	12	5	1	34
44	12	5	2	9
44	13	0	0	2676
44	13	0	1	1044
44	13	0	2	546
44	13	1	0	2249
44	13	1	1	1353
44	13	1	2	532
44	13	2	0	808
44	13	2	1	636
44	13	2	2	332
44	13	3	0	247
44	13	3	1	72
44	13	3	2	56
44	13	4	0	65
44	13	4	2	4
44	13	5	0	1
44	14	0	0	3160
44	14	0	1	1596
44	14	0	2	596
44	14	1	0	2205
44	14	1	1	1112
44	14	1	2	482
44	14	2	0	583
44	14	2	1	268
44	14	2	2	171
44	14	3	0	58
44	14	3	1	9
44	14	3	2	16
44	14	4	0	4
44	14	4	1	1
44	15	0	0	2126
44	15	0	1	1009
44	15	0	2	457
44	15	1	0	806
44	15	1	1	391
44	15	1	2	245
44	15	2	0	189
44	15	2	1	39
44	15	2	2	64
44	15	3	0	18
44	15	3	2	3
44	15	4	0	1
44	16	0	0	1165
44	16	0	1	407
44	16	0	2	241
44	16	1	0	197
44	16	1	1	90
44	16	1	2	59
44	16	2	0	64
44	16	2	1	6
44	16	2	2	1
44	17	0	0	269
44	17	0	1	79
44	17	0	2	24
44	17	1	0	9
44	18	0	0	49
44	18	0	1	1
44	18	0	2	2
44	19	0	0	2
45	8	0	1	1
46	9	0	1	1
47	10	0	0	795
47	10	0	1	2693
47	10	0	2	685
47	10	1	0	71
47	10	1	1	50
47	10	1	2	65
47	10	2	0	13
47	10	2	1	34
47	10	2	2	18
47	10	3	0	1
47	10	3	1	2
47	10	3	2	7
47	11	0	0	3787
47	11	0	1	5668
47	11	0	2	2906
47	11	1	0	1401
47	11	1	1	2451
47	11	1	2	1399
47	11	2	0	477
47	11	2	1	1269
47	11	2	2	698
47	11	3	0	61
47	11	3	1	114
47	11	3	2	168
47	11	4	0	7
47	11	4	1	26
47	11	4	2	32
47	11	5	0	7
47	11	5	1	11
47	11	6	0	3
47	11	6	1	9
47	12	0	0	15756
47	12	0	1	15740
47	12	0	2	10862
47	12	1	0	12281
47	12	1	1	15618
47	12	1	2	8548
47	12	2	0	3767
47	12	2	1	6211
47	12	2	2	3049
47	12	3	0	692
47	12	3	1	1341
47	12	3	2	657
47	12	4	0	138
47	12	4	1	184
47	12	4	2	113
47	12	5	0	55
47	12	5	1	43
47	12	5	2	5
47	12	6	0	40
47	12	6	1	3
47	12	7	0	2
47	13	0	0	36600
47	13	0	1	31900
47	13	0	2	26159
47	13	1	0	34447
47	13	1	1	33814
47	13	1	2	20535
47	13	2	0	12586
47	13	2	1	13255
47	13	2	2	7097
47	13	3	0	3207
47	13	3	1	3983
47	13	3	2	1654
47	13	4	0	605
47	13	4	1	775
47	13	4	2	245
47	13	5	0	113
47	13	5	1	33
47	13	5	2	90
47	13	6	0	20
47	13	6	1	2
47	13	6	2	6
47	13	7	0	2
47	14	0	0	50429
47	14	0	1	37522
47	14	0	2	32015
47	14	1	0	48127
47	14	1	1	37259
47	14	1	2	25108
47	14	2	0	19248
47	14	2	1	14745
47	14	2	2	8798
47	14	3	0	6091
47	14	3	1	4822
47	14	3	2	2407
47	14	4	0	1352
47	14	4	1	1325
47	14	4	2	459
47	14	5	0	220
47	14	5	1	198
47	14	5	2	70
47	14	6	0	15
47	15	0	0	46505
47	15	0	1	29275
47	15	0	2	23952
47	15	1	0	40136
47	15	1	1	23502
47	15	1	2	17500
47	15	2	0	15177
47	15	2	1	8192
47	15	2	2	6217
47	15	3	0	5274
47	15	3	1	2964
47	15	3	2	1946
47	15	4	0	1358
47	15	4	1	1226
47	15	4	2	597
47	15	5	0	284
47	15	5	1	300
47	15	5	2	132
47	15	6	0	78
47	15	6	1	112
47	15	6	2	2
47	15	7	0	1
47	16	0	0	31540
47	16	0	1	14676
47	16	0	2	10825
47	16	1	0	22274
47	16	1	1	6648
47	16	1	2	6493
47	16	2	0	7769
47	16	2	1	1647
47	16	2	2	2194
47	16	3	0	2393
47	16	3	1	568
47	16	3	2	625
47	16	4	0	486
47	16	4	1	227
47	16	4	2	215
47	16	5	0	169
47	16	5	1	116
47	16	5	2	34
47	16	6	0	28
47	16	6	1	27
47	17	0	0	15280
47	17	0	1	6283
47	17	0	2	4069
47	17	1	0	6414
47	17	1	1	1601
47	17	1	2	1465
47	17	2	0	1552
47	17	2	1	177
47	17	2	2	236
47	17	3	0	333
47	17	3	1	141
47	17	3	2	60
47	17	4	0	111
47	17	4	1	94
47	17	4	2	9
47	17	5	0	43
47	17	5	1	43
47	17	5	2	4
47	18	0	0	6161
47	18	0	1	1642
47	18	0	2	1109
47	18	1	0	1472
47	18	1	1	135
47	18	1	2	132
47	18	2	0	75
47	18	3	0	2
47	19	0	0	1676
47	19	0	1	165
47	19	0	2	149
47	19	1	0	147
47	19	1	1	19
47	19	1	2	17
47	20	0	0	117
47	20	0	1	19
47	20	0	2	2
47	20	1	0	26
47	21	0	0	7
48	10	0	1	1
48	10	4	1	5
48	10	7	0	2
48	10	7	1	10
48	11	4	1	13
48	11	5	1	3
48	11	6	1	3
48	11	7	0	1
48	11	7	1	2
48	12	4	1	6
49	8	0	0	18
49	8	0	1	35
49	8	0	2	43
49	9	0	0	6
49	9	0	1	5
49	9	0	2	15
49	9	1	0	18
49	9	1	1	63
49	9	1	2	33
49	9	2	0	75
49	9	2	1	139
49	9	2	2	143
49	9	3	0	15
49	9	3	1	31
49	9	3	2	35
49	9	4	0	2
49	9	4	1	3
49	9	4	2	8
49	9	5	2	4
49	10	0	0	1
49	10	0	1	20
49	10	0	2	8
49	10	1	0	46
49	10	1	1	175
49	10	1	2	66
49	10	2	0	78
49	10	2	1	250
49	10	2	2	65
49	10	3	0	67
49	10	3	1	170
49	10	3	2	78
49	10	4	0	11
49	10	4	1	12
49	10	4	2	37
49	10	5	0	3
49	10	5	2	3
49	11	0	0	2
49	11	0	1	56
49	11	0	2	29
49	11	1	0	37
49	11	1	1	155
49	11	1	2	48
49	11	2	0	82
49	11	2	1	253
49	11	2	2	114
49	11	3	0	89
49	11	3	1	156
49	11	3	2	104
49	11	4	0	48
49	11	4	1	104
49	11	4	2	79
49	11	5	0	40
49	11	5	1	19
49	11	5	2	25
49	11	6	2	2
49	12	0	0	5
49	12	0	1	65
49	12	0	2	22
49	12	1	0	44
49	12	1	1	159
49	12	1	2	44
49	12	2	0	141
49	12	2	1	203
49	12	2	2	98
49	12	3	0	158
49	12	3	1	136
49	12	3	2	107
49	12	4	0	96
49	12	4	1	32
49	12	4	2	52
49	12	5	0	107
49	12	5	1	44
49	12	5	2	21
49	12	6	0	43
49	12	6	2	11
49	12	7	2	2
49	13	0	0	7
49	13	0	1	14
49	13	0	2	2
49	13	1	0	35
49	13	1	1	60
49	13	1	2	13
49	13	2	0	56
49	13	2	1	88
49	13	2	2	37
49	13	3	0	29
49	13	3	1	96
49	13	3	2	75
49	13	4	0	21
49	13	4	1	119
49	13	4	2	81
49	13	5	0	45
49	13	5	1	11
49	13	5	2	37
49	13	6	0	86
49	13	6	1	1
49	13	6	2	4
49	13	7	0	13
49	13	8	0	2
49	14	0	0	11
49	14	0	1	5
49	14	1	0	55
49	14	1	1	19
49	14	2	0	105
49	14	2	1	20
49	14	3	0	157
49	14	3	1	2
49	14	4	0	247
49	14	4	1	2
49	14	5	0	292
49	14	5	1	1
49	14	6	0	57
49	14	7	0	5
49	15	0	0	5
49	15	1	0	19
49	15	2	0	20
49	15	3	0	2
49	15	4	0	2
49	15	5	0	2
49	15	6	0	1
50	9	0	0	2208
50	9	0	1	1450
50	9	0	2	413
50	9	2	2	2
50	10	0	0	2892
50	10	0	1	1291
50	10	0	2	679
50	10	1	0	2007
50	10	1	1	629
50	10	1	2	442
50	10	2	0	2330
50	10	2	1	845
50	10	2	2	537
50	10	3	0	510
50	10	3	1	201
50	10	3	2	216
50	10	4	0	22
50	10	4	1	34
50	10	4	2	27
50	10	5	0	1
50	10	5	1	2
50	10	5	2	2
50	10	6	1	1
50	10	6	2	1
50	11	0	0	4922
50	11	0	1	2054
50	11	0	2	1261
50	11	1	0	5003
50	11	1	1	2473
50	11	1	2	1182
50	11	2	0	2717
50	11	2	1	1485
50	11	2	2	771
50	11	3	0	837
50	11	3	1	537
50	11	3	2	263
50	11	4	0	76
50	11	4	1	113
50	11	4	2	69
50	11	5	0	5
50	11	5	1	22
50	11	5	2	7
50	11	6	1	3
50	11	6	2	1
50	12	0	0	6326
50	12	0	1	3280
50	12	0	2	2179
50	12	1	0	6462
50	12	1	1	3378
50	12	1	2	1858
50	12	2	0	2664
50	12	2	1	1589
50	12	2	2	847
50	12	3	0	800
50	12	3	1	629
50	12	3	2	309
50	12	4	0	85
50	12	4	1	94
50	12	4	2	48
50	12	5	0	18
50	12	5	1	9
50	12	5	2	3
50	12	6	0	2
50	13	0	0	6351
50	13	0	1	3547
50	13	0	2	2564
50	13	1	0	5372
50	13	1	1	2657
50	13	1	2	1575
50	13	2	0	1982
50	13	2	1	1084
50	13	2	2	522
50	13	3	0	457
50	13	3	1	393
50	13	3	2	151
50	13	4	0	65
50	13	4	1	59
50	13	4	2	33
50	13	5	0	7
50	13	5	1	9
50	13	5	2	6
50	13	6	1	2
50	13	6	2	1
50	14	0	0	5504
50	14	0	1	3842
50	14	0	2	2559
50	14	1	0	2980
50	14	1	1	1874
50	14	1	2	1225
50	14	2	0	1028
50	14	2	1	694
50	14	2	2	444
50	14	3	0	319
50	14	3	1	296
50	14	3	2	101
50	14	4	0	21
50	14	4	1	112
50	14	4	2	46
50	14	5	0	6
50	14	5	1	27
50	14	5	2	12
50	14	6	0	4
50	14	6	2	2
50	14	7	0	1
50	15	0	0	4680
50	15	0	1	3282
50	15	0	2	1819
50	15	1	0	1561
50	15	1	1	1217
50	15	1	2	603
50	15	2	0	478
50	15	2	1	301
50	15	2	2	254
50	15	3	0	104
50	15	3	1	149
50	15	3	2	58
50	15	4	0	36
50	15	4	1	80
50	15	4	2	18
50	15	5	0	21
50	15	5	1	11
50	15	5	2	1
50	15	6	0	3
50	16	0	0	3026
50	16	0	1	1621
50	16	0	2	695
50	16	1	0	660
50	16	1	1	434
50	16	1	2	135
50	16	2	0	165
50	16	2	1	112
50	16	2	2	69
50	16	3	0	19
50	16	3	1	19
50	16	3	2	2
50	17	0	0	1232
50	17	0	1	744
50	17	0	2	188
50	17	1	0	258
50	17	1	1	211
50	17	1	2	41
50	17	2	0	93
50	17	2	1	40
50	17	2	2	16
50	17	3	0	9
50	18	0	0	443
50	18	0	1	220
50	18	0	2	19
50	18	1	0	113
50	18	1	1	90
50	18	1	2	2
50	18	2	0	32
50	19	0	0	101
50	19	0	1	16
50	19	0	2	1
50	19	1	0	51
50	19	1	1	27
50	19	2	0	4
50	20	0	0	1
51	10	0	0	33
51	10	0	1	187
51	10	0	2	50
51	10	1	1	8
51	10	1	2	1
51	10	2	0	2
51	10	2	1	14
51	10	2	2	12
51	10	3	1	26
51	10	3	2	14
51	10	4	1	24
51	10	4	2	6
51	10	5	0	1
51	10	5	1	20
51	10	5	2	5
51	10	6	0	3
51	10	6	1	11
51	10	7	0	3
51	10	7	1	4
51	10	7	2	1
51	11	0	0	558
51	11	0	1	554
51	11	0	2	204
51	11	1	0	445
51	11	1	1	423
51	11	1	2	159
51	11	2	0	407
51	11	2	1	804
51	11	2	2	404
51	11	3	0	140
51	11	3	1	684
51	11	3	2	349
51	11	4	0	40
51	11	4	1	370
51	11	4	2	121
51	11	5	0	5
51	11	5	1	78
51	11	5	2	42
51	11	6	0	8
51	11	6	1	19
51	11	6	2	12
51	11	7	0	6
51	11	7	1	3
51	12	0	0	3042
51	12	0	1	2042
51	12	0	2	980
51	12	1	0	4182
51	12	1	1	2876
51	12	1	2	1569
51	12	2	0	2548
51	12	2	1	2701
51	12	2	2	1364
51	12	3	0	805
51	12	3	1	1442
51	12	3	2	801
51	12	4	0	155
51	12	4	1	448
51	12	4	2	355
51	12	5	0	26
51	12	5	1	123
51	12	5	2	122
51	12	6	0	13
51	12	6	1	28
51	12	6	2	10
51	12	7	0	12
51	12	7	1	3
51	13	0	0	8099
51	13	0	1	4571
51	13	0	2	2775
51	13	1	0	9546
51	13	1	1	5232
51	13	1	2	2901
51	13	2	0	5327
51	13	2	1	3287
51	13	2	2	1900
51	13	3	0	1688
51	13	3	1	1122
51	13	3	2	911
51	13	4	0	268
51	13	4	1	159
51	13	4	2	217
51	13	5	0	35
51	13	5	1	33
51	13	5	2	21
51	13	6	0	10
51	13	6	1	4
51	13	6	2	1
51	14	0	0	10546
51	14	0	1	6160
51	14	0	2	3368
51	14	1	0	9966
51	14	1	1	4551
51	14	1	2	2628
51	14	2	0	4201
51	14	2	1	1605
51	14	2	2	1038
51	14	3	0	988
51	14	3	1	360
51	14	3	2	283
51	14	4	0	262
51	14	4	1	95
51	14	4	2	49
51	14	5	0	79
51	14	5	1	11
51	14	5	2	3
51	14	6	0	18
51	14	6	1	3
51	14	6	2	1
51	14	7	1	1
51	15	0	0	9403
51	15	0	1	5827
51	15	0	2	3178
51	15	1	0	6314
51	15	1	1	2905
51	15	1	2	1855
51	15	2	0	1745
51	15	2	1	688
51	15	2	2	508
51	15	3	0	378
51	15	3	1	214
51	15	3	2	125
51	15	4	0	119
51	15	4	1	78
51	15	4	2	29
51	15	5	0	17
51	15	5	1	23
51	15	5	2	7
51	15	6	0	3
51	15	6	1	3
51	15	7	0	3
51	16	0	0	6991
51	16	0	1	3917
51	16	0	2	2489
51	16	1	0	3667
51	16	1	1	1833
51	16	1	2	1089
51	16	2	0	778
51	16	2	1	456
51	16	2	2	281
51	16	3	0	164
51	16	3	1	108
51	16	3	2	28
51	16	4	0	43
51	16	4	1	17
51	16	4	2	9
51	16	5	0	16
51	16	5	1	4
51	16	6	0	10
51	17	0	0	3979
51	17	0	1	1935
51	17	0	2	1298
51	17	1	0	1191
51	17	1	1	452
51	17	1	2	259
51	17	2	0	148
51	17	2	1	75
51	17	2	2	30
51	17	3	0	27
51	17	3	1	3
51	17	3	2	3
51	17	4	0	9
51	17	4	1	1
51	17	5	0	2
51	18	0	0	1911
51	18	0	1	866
51	18	0	2	475
51	18	1	0	264
51	18	1	1	83
51	18	1	2	12
51	18	2	0	12
51	19	0	0	706
51	19	0	1	132
51	19	0	2	53
51	19	1	0	21
51	20	0	0	29
51	20	0	1	2
52	9	0	1	150
52	9	0	2	79
52	9	1	1	11
52	9	2	1	6
52	9	3	1	1
52	10	0	1	108
52	10	0	2	144
52	10	1	0	3
52	10	1	1	385
52	10	1	2	245
52	10	2	0	8
52	10	2	1	307
52	10	2	2	196
52	10	3	0	3
52	10	3	1	19
52	10	3	2	38
52	10	4	1	3
52	10	5	0	4
52	10	5	1	4
52	11	0	1	681
52	11	0	2	326
52	11	1	0	17
52	11	1	1	2289
52	11	1	2	1019
52	11	2	0	20
52	11	2	1	1120
52	11	2	2	403
52	11	3	0	11
52	11	3	1	246
52	11	3	2	62
52	11	4	0	6
52	11	4	1	60
52	11	4	2	10
52	11	5	0	6
52	11	5	1	8
52	11	5	2	8
52	11	6	0	2
52	11	7	2	16
52	11	8	2	8
52	11	9	2	16
52	11	10	2	8
52	11	11	2	16
52	11	12	2	8
52	11	13	2	16
52	11	14	2	16
52	12	0	1	1557
52	12	0	2	693
52	12	1	0	63
52	12	1	1	5121
52	12	1	2	2334
52	12	2	0	44
52	12	2	1	2368
52	12	2	2	825
52	12	3	0	20
52	12	3	1	939
52	12	3	2	275
52	12	4	0	16
52	12	4	1	382
52	12	4	2	47
52	12	5	0	26
52	12	5	1	118
52	12	5	2	8
52	12	6	0	54
52	13	0	0	5
52	13	0	1	2616
52	13	0	2	916
52	13	1	0	146
52	13	1	1	8475
52	13	1	2	3688
52	13	2	0	47
52	13	2	1	4435
52	13	2	2	1373
52	13	3	0	25
52	13	3	1	2328
52	13	3	2	653
52	13	4	0	12
52	13	4	1	1511
52	13	4	2	326
52	13	5	0	32
52	13	5	1	672
52	13	5	2	98
52	13	6	0	156
52	13	6	1	114
52	13	6	2	12
52	14	0	0	219
52	14	0	1	3563
52	14	0	2	1201
52	14	1	0	762
52	14	1	1	12330
52	14	1	2	5981
52	14	2	0	136
52	14	2	1	7226
52	14	2	2	2677
52	14	3	0	73
52	14	3	1	4801
52	14	3	2	1756
52	14	4	0	27
52	14	4	1	3839
52	14	4	2	959
52	14	5	0	11
52	14	5	1	2476
52	14	5	2	507
52	14	6	0	105
52	14	6	1	1040
52	14	6	2	123
52	14	7	0	166
52	14	7	1	8
52	14	7	2	1
52	15	0	0	2058
52	15	0	1	3458
52	15	0	2	1136
52	15	1	0	6543
52	15	1	1	13084
52	15	1	2	6910
52	15	2	0	2746
52	15	2	1	8588
52	15	2	2	4290
52	15	3	0	2383
52	15	3	1	6509
52	15	3	2	3106
52	15	4	0	2363
52	15	4	1	6052
52	15	4	2	2036
52	15	5	0	1703
52	15	5	1	4679
52	15	5	2	1176
52	15	6	0	1279
52	15	6	1	2832
52	15	6	2	491
52	15	7	0	474
52	15	7	1	1281
52	15	7	2	39
52	15	8	0	7
52	15	8	1	2
52	16	0	0	2950
52	16	0	1	2456
52	16	0	2	779
52	16	1	0	14698
52	16	1	1	8208
52	16	1	2	4907
52	16	2	0	10026
52	16	2	1	4686
52	16	2	2	3609
52	16	3	0	7845
52	16	3	1	3979
52	16	3	2	3533
52	16	4	0	8124
52	16	4	1	4135
52	16	4	2	2572
52	16	5	0	7614
52	16	5	1	3389
52	16	5	2	1276
52	16	6	0	6413
52	16	6	1	1939
52	16	6	2	485
52	16	7	0	4197
52	16	7	1	578
52	16	7	2	117
52	16	8	0	1998
52	16	8	1	1
52	16	9	0	2
52	17	0	0	2678
52	17	0	1	1058
52	17	0	2	491
52	17	1	0	11827
52	17	1	1	3034
52	17	1	2	2851
52	17	2	0	7902
52	17	2	1	1371
52	17	2	2	2077
52	17	3	0	7151
52	17	3	1	1379
52	17	3	2	2199
52	17	4	0	7704
52	17	4	1	1572
52	17	4	2	1914
52	17	5	0	7137
52	17	5	1	1589
52	17	5	2	1155
52	17	6	0	5379
52	17	6	1	937
52	17	6	2	378
52	17	7	0	3382
52	17	7	1	63
52	17	7	2	41
52	17	8	0	938
52	17	8	1	1
52	17	9	0	1
52	18	0	0	1599
52	18	0	1	209
52	18	0	2	127
52	18	1	0	6457
52	18	1	1	436
52	18	1	2	713
52	18	2	0	3918
52	18	2	1	124
52	18	2	2	531
52	18	3	0	4030
52	18	3	1	149
52	18	3	2	538
52	18	4	0	4297
52	18	4	1	173
52	18	4	2	536
52	18	5	0	4181
52	18	5	1	228
52	18	5	2	364
52	18	6	0	3458
52	18	6	1	253
52	18	6	2	95
52	18	7	0	1768
52	18	7	1	2
52	18	7	2	1
52	18	8	0	121
52	18	9	0	1
52	19	0	0	398
52	19	0	1	1
52	19	0	2	3
52	19	1	0	1458
52	19	1	1	4
52	19	1	2	4
52	19	2	0	868
52	19	2	1	1
52	19	3	0	937
52	19	3	1	1
52	19	4	0	949
52	19	4	1	1
52	19	5	0	958
52	19	5	1	1
52	19	6	0	831
52	19	6	1	1
52	19	7	0	507
52	19	8	0	3
52	20	0	0	4
52	20	1	0	8
52	20	2	0	1
52	20	3	0	1
52	20	4	0	1
52	20	5	0	1
52	20	6	0	1
52	20	7	0	1
53	8	0	1	1
54	9	0	1	1
55	10	0	1	1
56	10	0	1	1
57	11	0	1	1
58	9	0	0	116
58	9	0	1	102
58	9	0	2	26
58	9	1	0	3
58	9	1	1	10
58	9	1	2	7
58	9	2	0	2
58	9	2	1	12
58	9	2	2	13
58	9	3	1	1
58	10	0	0	140
58	10	0	1	99
58	10	0	2	65
58	10	1	0	96
58	10	1	1	138
58	10	1	2	123
58	10	2	0	154
58	10	2	1	256
58	10	2	2	258
58	10	3	0	33
58	10	3	1	89
58	10	3	2	113
58	10	4	1	2
58	10	4	2	2
58	11	0	0	181
58	11	0	1	82
58	11	0	2	73
58	11	1	0	413
58	11	1	1	500
58	11	1	2	207
58	11	2	0	401
58	11	2	1	669
58	11	2	2	313
58	11	3	0	224
58	11	3	1	353
58	11	3	2	253
58	11	4	0	52
58	11	4	1	58
58	11	4	2	104
58	11	5	0	5
58	12	0	0	209
58	12	0	1	81
58	12	0	2	50
58	12	1	0	536
58	12	1	1	226
58	12	1	2	66
58	12	2	0	554
58	12	2	1	286
58	12	2	2	77
58	12	3	0	533
58	12	3	1	97
58	12	3	2	67
58	12	4	0	377
58	12	4	1	39
58	12	4	2	21
58	12	5	0	92
58	12	5	1	8
58	12	5	2	5
58	12	6	0	2
58	13	0	0	160
58	13	0	1	56
58	13	0	2	46
58	13	1	0	265
58	13	1	1	72
58	13	1	2	56
58	13	2	0	289
58	13	2	1	63
58	13	3	0	142
58	13	3	1	12
58	13	4	0	42
58	13	5	0	39
58	13	6	0	14
58	14	0	0	90
58	14	0	1	40
58	14	0	2	37
58	14	1	0	104
58	14	1	1	39
58	14	1	2	23
58	14	2	0	86
58	14	2	1	12
58	14	3	0	10
58	14	3	1	2
58	15	0	0	98
58	15	0	1	45
58	15	0	2	15
58	15	1	0	198
58	15	1	1	77
58	15	1	2	6
58	15	2	0	127
58	15	2	1	47
58	15	2	2	5
58	15	3	0	2
58	15	3	1	16
58	15	3	2	2
58	16	0	0	36
58	16	0	2	2
58	16	1	0	58
58	16	2	0	42
59	10	0	0	64
59	10	0	1	96
59	10	0	2	27
59	10	1	0	8
59	10	1	1	7
59	10	1	2	10
59	10	2	0	29
59	10	2	1	6
59	10	2	2	6
59	10	3	0	32
59	11	0	0	94
59	11	0	1	85
59	11	0	2	71
59	11	1	0	103
59	11	1	1	113
59	11	1	2	98
59	11	2	0	193
59	11	2	1	118
59	11	2	2	128
59	11	3	0	161
59	11	3	1	64
59	11	3	2	62
59	11	4	0	9
59	11	4	2	10
59	12	0	0	180
59	12	0	1	77
59	12	0	2	61
59	12	1	0	259
59	12	1	1	115
59	12	1	2	94
59	12	2	0	218
59	12	2	1	116
59	12	2	2	73
59	12	3	0	92
59	12	3	1	12
59	12	3	2	58
59	12	4	0	2
59	13	0	0	157
59	13	0	1	85
59	13	0	2	80
59	13	1	0	196
59	13	1	1	57
59	13	1	2	44
59	13	2	0	191
59	13	2	1	60
59	13	2	2	28
59	13	3	0	74
59	13	3	1	6
59	13	3	2	25
59	14	0	0	188
59	14	0	1	90
59	14	0	2	87
59	14	1	0	132
59	14	1	1	49
59	14	1	2	29
59	14	2	0	80
59	14	2	1	31
59	14	2	2	25
59	14	3	0	8
59	14	3	2	28
59	15	0	0	179
59	15	0	1	68
59	15	0	2	58
59	15	1	0	174
59	15	1	1	91
59	15	1	2	38
59	15	2	0	109
59	15	2	1	83
59	15	2	2	24
59	15	3	0	17
59	15	3	1	26
59	15	3	2	14
59	16	0	0	85
59	16	0	1	20
59	16	0	2	13
59	16	1	0	93
59	16	1	1	9
59	16	1	2	5
59	16	2	0	86
59	16	2	1	11
59	16	3	0	14
59	16	3	1	3
59	17	0	0	30
59	17	0	1	9
59	17	0	2	4
59	17	1	0	9
59	17	2	0	11
59	18	0	0	11
60	10	0	0	7
60	10	0	1	44
60	10	0	2	5
60	10	1	1	2
60	10	1	2	7
60	10	2	0	5
60	10	2	2	10
60	10	3	0	7
60	10	4	0	1
60	11	0	0	35
60	11	0	1	77
60	11	0	2	28
60	11	1	0	90
60	11	1	1	191
60	11	1	2	55
60	11	2	0	110
60	11	2	1	204
60	11	2	2	48
60	11	3	0	34
60	11	3	1	64
60	11	3	2	26
60	11	4	0	8
60	11	4	1	11
60	11	4	2	7
60	11	5	0	1
60	11	5	2	1
60	12	0	0	90
60	12	0	1	144
60	12	0	2	64
60	12	1	0	176
60	12	1	1	360
60	12	1	2	79
60	12	2	0	160
60	12	2	1	280
60	12	2	2	67
60	12	3	0	52
60	12	3	1	89
60	12	3	2	32
60	12	4	0	14
60	12	4	1	37
60	12	4	2	5
60	12	5	0	2
60	13	0	0	168
60	13	0	1	151
60	13	0	2	31
60	13	1	0	216
60	13	1	1	190
60	13	1	2	38
60	13	2	0	82
60	13	2	1	98
60	13	2	2	13
60	13	3	0	31
60	13	3	1	10
60	13	3	2	1
60	13	4	0	12
60	13	4	1	2
60	13	4	2	1
60	13	5	0	6
60	14	0	0	245
60	14	0	1	112
60	14	0	2	51
60	14	1	0	382
60	14	1	1	256
60	14	1	2	64
60	14	2	0	134
60	14	2	1	61
60	14	2	2	8
60	14	3	0	10
60	14	3	1	2
60	15	0	0	143
60	15	0	1	72
60	15	0	2	35
60	15	1	0	230
60	15	1	1	94
60	15	1	2	31
60	15	2	0	57
60	15	2	1	14
60	15	2	2	11
60	15	3	0	10
60	15	3	2	3
60	16	0	0	74
60	16	0	1	20
60	16	0	2	6
60	16	1	0	60
60	16	1	1	10
60	16	1	2	5
60	16	2	0	16
60	16	2	1	6
60	16	2	2	1
60	17	0	0	22
60	17	0	1	8
60	17	1	0	12
60	17	1	2	1
60	18	0	0	10
61	11	0	1	1
62	10	0	0	193
62	10	0	1	746
62	10	0	2	259
62	10	1	0	3
62	10	1	1	69
62	10	1	2	44
62	10	2	0	2
62	10	2	1	70
62	10	2	2	51
62	10	3	0	1
62	10	3	1	29
62	10	3	2	23
62	10	4	1	8
62	10	4	2	7
62	10	5	2	4
62	10	6	2	2
62	11	0	0	1106
62	11	0	1	1352
62	11	0	2	865
62	11	1	0	1270
62	11	1	1	1967
62	11	1	2	714
62	11	2	0	849
62	11	2	1	1821
62	11	2	2	752
62	11	3	0	230
62	11	3	1	617
62	11	3	2	272
62	11	4	0	99
62	11	4	1	193
62	11	4	2	55
62	11	5	0	46
62	11	5	1	29
62	11	5	2	9
62	11	6	0	16
62	11	6	1	7
62	12	0	0	3025
62	12	0	1	2496
62	12	0	2	1663
62	12	1	0	4866
62	12	1	1	7009
62	12	1	2	2504
62	12	2	0	3558
62	12	2	1	5878
62	12	2	2	2492
62	12	3	0	1260
62	12	3	1	2188
62	12	3	2	985
62	12	4	0	439
62	12	4	1	765
62	12	4	2	219
62	12	5	0	118
62	12	5	1	147
62	12	5	2	30
62	12	6	0	25
62	12	6	1	2
62	12	6	2	3
62	13	0	0	4194
62	13	0	1	2890
62	13	0	2	2087
62	13	1	0	7464
62	13	1	1	8709
62	13	1	2	3610
62	13	2	0	5499
62	13	2	1	7820
62	13	2	2	3579
62	13	3	0	2194
62	13	3	1	3220
62	13	3	2	1577
62	13	4	0	781
62	13	4	1	1344
62	13	4	2	419
62	13	5	0	204
62	13	5	1	407
62	13	5	2	98
62	13	6	0	30
62	13	6	1	34
62	13	6	2	18
62	14	0	0	3047
62	14	0	1	2700
62	14	0	2	1688
62	14	1	0	5036
62	14	1	1	7034
62	14	1	2	3420
62	14	2	0	4105
62	14	2	1	6756
62	14	2	2	3630
62	14	3	0	2128
62	14	3	1	3627
62	14	3	2	1981
62	14	4	0	788
62	14	4	1	1677
62	14	4	2	700
62	14	5	0	218
62	14	5	1	502
62	14	5	2	219
62	14	6	0	92
62	14	6	1	85
62	14	6	2	62
62	14	7	0	5
62	14	7	1	1
62	15	0	0	1552
62	15	0	1	2453
62	15	0	2	1554
62	15	1	0	2760
62	15	1	1	5964
62	15	1	2	3894
62	15	2	0	2851
62	15	2	1	6444
62	15	2	2	4186
62	15	3	0	1905
62	15	3	1	4389
62	15	3	2	2866
62	15	4	0	964
62	15	4	1	2456
62	15	4	2	1540
62	15	5	0	256
62	15	5	1	884
62	15	5	2	507
62	15	6	0	21
62	15	6	1	171
62	15	6	2	104
62	15	7	0	4
62	15	7	1	1
62	15	7	2	2
62	16	0	0	760
62	16	0	1	475
62	16	0	2	368
62	16	1	0	944
62	16	1	1	845
62	16	1	2	806
62	16	2	0	1222
62	16	2	1	917
62	16	2	2	1048
62	16	3	0	1119
62	16	3	1	635
62	16	3	2	821
62	16	4	0	769
62	16	4	1	384
62	16	4	2	599
62	16	5	0	393
62	16	5	1	189
62	16	5	2	299
62	16	6	0	140
62	16	6	1	35
62	16	6	2	82
62	16	7	0	16
62	16	7	1	2
62	16	7	2	8
62	17	0	0	258
62	17	0	1	51
62	17	0	2	44
62	17	1	0	51
62	17	2	0	25
62	17	3	0	1
62	18	0	0	135
63	11	0	1	1
64	11	0	0	4
64	11	0	1	57
64	11	0	2	48
64	11	1	1	58
64	11	1	2	5
64	11	2	1	78
64	11	2	2	58
64	11	3	0	1
64	11	3	1	54
64	11	3	2	100
64	11	4	0	6
64	11	4	1	17
64	11	4	2	38
64	11	5	0	7
64	11	5	1	11
64	11	5	2	2
64	11	6	0	7
64	11	6	1	4
64	11	6	2	2
64	12	0	0	12
64	12	0	1	246
64	12	0	2	254
64	12	1	0	23
64	12	1	1	557
64	12	1	2	265
64	12	2	0	17
64	12	2	1	603
64	12	2	2	213
64	12	3	0	18
64	12	3	1	423
64	12	3	2	264
64	12	4	0	96
64	12	4	1	282
64	12	4	2	135
64	12	5	0	131
64	12	5	1	190
64	12	5	2	18
64	12	6	0	107
64	12	6	1	65
64	12	6	2	5
64	12	7	0	30
64	12	7	1	4
64	12	7	2	3
64	13	0	0	583
64	13	0	1	1425
64	13	0	2	696
64	13	1	0	1435
64	13	1	1	3796
64	13	1	2	1245
64	13	2	0	1245
64	13	2	1	3375
64	13	2	2	614
64	13	3	0	646
64	13	3	1	1512
64	13	3	2	351
64	13	4	0	639
64	13	4	1	579
64	13	4	2	188
64	13	5	0	338
64	13	5	1	233
64	13	5	2	50
64	13	6	0	138
64	13	6	1	44
64	13	6	2	10
64	13	7	0	26
64	14	0	0	1628
64	14	0	1	2695
64	14	0	2	1319
64	14	1	0	3868
64	14	1	1	6763
64	14	1	2	2440
64	14	2	0	3111
64	14	2	1	5288
64	14	2	2	1255
64	14	3	0	1162
64	14	3	1	1322
64	14	3	2	328
64	14	4	0	487
64	14	4	1	321
64	14	4	2	108
64	14	5	0	175
64	14	5	1	58
64	14	5	2	23
64	14	6	0	32
64	14	6	2	3
64	14	7	0	2
64	15	0	0	1619
64	15	0	1	1738
64	15	0	2	1138
64	15	1	0	4506
64	15	1	1	3570
64	15	1	2	1748
64	15	2	0	3288
64	15	2	1	2477
64	15	2	2	827
64	15	3	0	760
64	15	3	1	380
64	15	3	2	142
64	15	4	0	321
64	15	4	1	96
64	15	4	2	15
64	15	5	0	35
64	15	5	1	1
64	15	5	2	2
64	16	0	0	667
64	16	0	1	640
64	16	0	2	483
64	16	1	0	1954
64	16	1	1	765
64	16	1	2	583
64	16	2	0	1217
64	16	2	1	391
64	16	2	2	279
64	16	3	0	155
64	16	3	1	46
64	16	3	2	18
64	16	4	0	60
64	16	4	1	8
64	16	4	2	1
64	16	5	1	1
64	17	0	0	269
64	17	0	1	406
64	17	0	2	250
64	17	1	0	508
64	17	1	1	186
64	17	1	2	208
64	17	2	0	177
64	17	2	1	69
64	17	2	2	57
64	17	3	0	19
64	17	3	1	2
64	17	4	0	5
64	18	0	0	213
64	18	0	1	241
64	18	0	2	113
64	18	1	0	152
64	18	1	1	47
64	18	1	2	54
64	18	2	0	21
64	18	2	1	1
64	18	2	2	12
64	18	3	0	1
64	19	0	0	103
64	19	0	1	168
64	19	0	2	54
64	19	1	0	20
64	19	1	1	25
64	19	1	2	11
64	19	2	1	1
64	20	0	0	141
64	20	0	1	50
64	20	0	2	2
64	20	1	1	5
65	12	0	1	1
66	9	0	0	5535
66	9	0	1	12300
66	9	0	2	5649
66	9	1	0	4
66	9	1	1	18
66	9	1	2	13
66	9	2	1	15
66	9	2	2	19
66	9	3	2	1
66	10	0	0	10968
66	10	0	1	13389
66	10	0	2	9600
66	10	1	0	7675
66	10	1	1	6538
66	10	1	2	5120
66	10	2	0	7842
66	10	2	1	7707
66	10	2	2	9866
66	10	3	0	5437
66	10	3	1	8422
66	10	3	2	9496
66	10	4	0	1530
66	10	4	1	2233
66	10	4	2	4382
66	10	5	0	144
66	10	5	1	50
66	10	5	2	232
66	10	6	0	8
66	10	6	1	12
66	10	6	2	31
66	10	7	0	1
66	10	8	0	1
66	10	9	0	2
66	10	10	0	1
66	11	0	0	26728
66	11	0	1	21035
66	11	0	2	20534
66	11	1	0	33100
66	11	1	1	22161
66	11	1	2	25849
66	11	2	0	23280
66	11	2	1	15998
66	11	2	2	23129
66	11	3	0	10229
66	11	3	1	5971
66	11	3	2	11447
66	11	4	0	2649
66	11	4	1	914
66	11	4	2	2496
66	11	5	0	305
66	11	5	1	99
66	11	5	2	194
66	11	6	0	21
66	11	6	1	2
66	11	6	2	4
66	11	7	0	11
66	11	8	0	9
66	11	9	0	6
66	11	10	0	5
66	12	0	0	48358
66	12	0	1	30818
66	12	0	2	36753
66	12	1	0	50896
66	12	1	1	24561
66	12	1	2	36619
66	12	2	0	26696
66	12	2	1	9904
66	12	2	2	20249
66	12	3	0	8633
66	12	3	1	2098
66	12	3	2	5941
66	12	4	0	1606
66	12	4	1	236
66	12	4	2	799
66	12	5	0	174
66	12	5	1	43
66	12	5	2	77
66	12	6	0	35
66	12	6	1	8
66	12	6	2	27
66	12	7	0	21
66	12	7	2	7
66	12	8	0	32
66	12	8	2	10
66	12	9	0	15
66	13	0	0	55435
66	13	0	1	25615
66	13	0	2	39328
66	13	1	0	43212
66	13	1	1	16394
66	13	1	2	28573
66	13	2	0	17971
66	13	2	1	5457
66	13	2	2	13272
66	13	3	0	4807
66	13	3	1	865
66	13	3	2	3290
66	13	4	0	596
66	13	4	1	67
66	13	4	2	483
66	13	5	0	41
66	13	5	1	7
66	13	5	2	166
66	13	6	0	12
66	13	6	1	1
66	13	6	2	32
66	13	7	0	6
66	13	7	2	2
66	13	8	0	1
66	14	0	0	37177
66	14	0	1	15429
66	14	0	2	24974
66	14	1	0	23617
66	14	1	1	8284
66	14	1	2	13245
66	14	2	0	9146
66	14	2	1	2420
66	14	2	2	4661
66	14	3	0	1728
66	14	3	1	377
66	14	3	2	826
66	14	4	0	98
66	14	4	1	48
66	14	4	2	51
66	14	5	1	4
66	14	5	2	2
66	15	0	0	20657
66	15	0	1	7625
66	15	0	2	12105
66	15	1	0	9018
66	15	1	1	2501
66	15	1	2	3992
66	15	2	0	2652
66	15	2	1	484
66	15	2	2	932
66	15	3	0	503
66	15	3	1	58
66	15	3	2	115
66	15	4	0	50
66	15	4	1	5
66	15	4	2	1
66	15	5	0	1
66	16	0	0	9985
66	16	0	1	2189
66	16	0	2	3834
66	16	1	0	2913
66	16	1	1	590
66	16	1	2	875
66	16	2	0	496
66	16	2	1	40
66	16	2	2	144
66	16	3	0	42
66	16	4	0	1
66	17	0	0	3300
66	17	0	1	693
66	17	0	2	949
66	17	1	0	444
66	17	1	1	29
66	17	1	2	183
66	17	2	0	88
66	17	2	1	1
66	17	2	2	2
66	17	3	0	2
66	18	0	0	549
66	18	0	1	20
66	18	0	2	12
66	18	1	0	138
66	18	1	1	2
66	18	1	2	22
66	18	2	0	7
66	19	0	0	31
66	19	1	0	18
66	20	0	0	27
